disease_name,file_name,conclusion
肺大疱（肺囊肿）,呼吸.txt,"{'疾病名称': '肺大疱（肺囊肿）', '诊断': '未接受手术，连续 X 射线检查显示病情稳定，无并发症，肺功能正常', '病情现状': '单侧，肺功能正常', '体检项目': '胸部影像、肺功能', '项目结果': '< 3 处局灶性小型囊肿（直径 < 3 cm）', '重疾险': '标体', '防癌险': '标体', '护理险': '标体', '医疗险': '除外', '意外险': '标体', '备注': ''}"
肺大疱（肺囊肿）,呼吸.txt,"{'疾病名称': '肺大疱（肺囊肿）', '诊断': '未接受手术，连续 X 射线检查显示病情稳定，无并发症，肺功能正常', '病情现状': '单侧，肺功能正常', '体检项目': '胸部影像、肺功能', '项目结果': '≥ 3 处局灶性小型囊肿', '重疾险': '标体', '防癌险': '标体', '护理险': '标体', '医疗险': '拒保', '意外险': '标体', '备注': ''}"
肺大疱（肺囊肿）,呼吸.txt,"{'疾病名称': '肺大疱（肺囊肿）', '诊断': '未接受手术，连续 X 射线检查显示病情稳定，无并发症，肺功能正常', '病情现状': '单侧，肺功能正常', '体检项目': '胸部影像、肺功能', '项目结果': '广泛性小型囊肿或大型囊肿', '重疾险': '标体', '防癌险': '标体', '护理险': '标体', '医疗险': '拒保', '意外险': '标体', '备注': ''}"
肺大疱（肺囊肿）,呼吸.txt,"{'疾病名称': '肺大疱（肺囊肿）', '诊断': '未接受手术，连续 X 射线检查显示病情稳定，无并发症，肺功能正常', '病情现状': '双侧，肺功能正常', '体检项目': '胸部影像、肺功能', '项目结果': '< 3 处局灶性小型囊肿（直径 < 3 cm）', '重疾险': '标体', '防癌险': '标体', '护理险': '标体', '医疗险': '拒保', '意外险': '标体', '备注': ''}"
肺大疱（肺囊肿）,呼吸.txt,"{'疾病名称': '肺大疱（肺囊肿）', '诊断': '未接受手术，连续 X 射线检查显示病情稳定，无并发症，肺功能正常', '病情现状': '双侧，肺功能正常', '体检项目': '胸部影像、肺功能', '项目结果': '≥ 3 处局灶性小型囊肿', '重疾险': '标体', '防癌险': '标体', '护理险': '标体', '医疗险': '拒保', '意外险': '标体', '备注': ''}"
肺大疱（肺囊肿）,呼吸.txt,"{'疾病名称': '肺大疱（肺囊肿）', '诊断': '未接受手术，连续 X 射线检查显示病情稳定，无并发症，肺功能正常', '病情现状': '双侧，肺功能正常', '体检项目': '胸部影像、肺功能', '项目结果': '广泛性小型囊肿或大型囊肿', '重疾险': '拒保', '防癌险': '拒保', '护理险': '标体', '医疗险': '拒保', '意外险': '标体', '备注': ''}"
肺大疱（肺囊肿）,呼吸.txt,"{'疾病名称': '肺大疱（肺囊肿）', '诊断': '未接受手术，连续 X 射线检查显示存在进行性恶化和并发症', '病情现状': '', '体检项目': '——', '项目结果': '——', '重疾险': '拒保', '防癌险': '拒保', '护理险': '拒保', '医疗险': '拒保', '意外险': '延期', '备注': ''}"
肺大疱（肺囊肿）,呼吸.txt,"{'疾病名称': '肺大疱（肺囊肿）', '诊断': '已接受手术', '病情现状': '囊肿区域完全切除，没有残留肺部病灶的临床依据', '体检项目': '胸部CT、肺功能', '项目结果': '肺切除术（单侧肺脏全部被切除）', '重疾险': '除外', '防癌险': '标体', '护理险': '标体', '医疗险': '拒保', '意外险': '标体', '备注': ''}"
肺大疱（肺囊肿）,呼吸.txt,"{'疾病名称': '肺大疱（肺囊肿）', '诊断': '已接受手术', '病情现状': '囊肿区域完全切除，没有残留肺部病灶的临床依据', '体检项目': '胸部CT、肺功能', '项目结果': '肺叶切除术（单侧或双侧，一叶或多叶被切除）', '重疾险': '除外', '防癌险': '标体', '护理险': '标体', '医疗险': '拒保', '意外险': '标体', '备注': ''}"
肺大疱（肺囊肿）,呼吸.txt,"{'疾病名称': '肺大疱（肺囊肿）', '诊断': '已接受手术', '病情现状': '囊肿区域完全切除，没有残留肺部病灶的临床依据', '体检项目': '胸部CT、肺功能', '项目结果': '肺减容术（切除肺病变部位的一部分）', '重疾险': '拒保', '防癌险': '拒保', '护理险': '拒保', '医疗险': '拒保', '意外险': '拒保', '备注': ''}"
肺大疱（肺囊肿）,呼吸.txt,"{'疾病名称': '肺大疱（肺囊肿）', '诊断': '已接受手术', '病情现状': '囊肿区域完全切除，没有残留肺部病灶的临床依据', '体检项目': '胸部CT、肺功能', '项目结果': '节段性切除术（切除肺叶的一个或多个节段，已痊愈）', '重疾险': '标体', '防癌险': '标体', '护理险': '标体', '医疗险': '标体', '意外险': '标体', '备注': ''}"
肺大疱（肺囊肿）,呼吸.txt,"{'疾病名称': '肺大疱（肺囊肿）', '诊断': '已接受手术', '病情现状': '有残留囊肿性疾病', '体检项目': '——', '项目结果': '——', '重疾险': '拒保', '防癌险': '拒保', '护理险': '拒保', '医疗险': '拒保', '意外险': '标体', '备注': ''}"
肺大疱（肺囊肿）,呼吸.txt,"{'疾病名称': '肺大疱（肺囊肿）', '诊断': '如为继发性肺大疱', '病情现状': '如为继发性肺大疱', '体检项目': '如为继发性肺大疱', '项目结果': '如为继发性肺大疱', '重疾险': '按“明确病因”进行评点', '防癌险': '按“明确病因”进行评点', '护理险': '按“明确病因”进行评点', '医疗险': '按“明确病因”进行评点', '意外险': '按“明确病因”进行评点', '备注': ''}"
EB病毒感染,呼吸.txt,"{'疾病名称': 'EB病毒感染', '诊断': 'EB病毒感染', '病情现状': '无症状，既往体检发现', '体检项目': 'EB病毒抗体/EB病毒DNA、鼻咽镜', '项目结果': 'EB病毒复查正常', '重疾险': '标体', '防癌险': '标体', '护理险': '标体', '医疗险': '标体', '意外险': '标体', '备注': 'EB病毒各类检查所代表的含义如下： \n目前所测EB病毒抗体，主要有针对病毒的衣壳抗原（CA）、早期抗原（EA）和核抗原（EBNA）。\n \n病毒衣壳抗原抗体： \nVCA IgG(高亲和性)：阳性反应既往曾感染过EB病毒，并可终身阳性； \nVCA IgG(低亲和性)：该抗体在EB感染10天左右出现，反应近期有EB感染； \nVCA IgA：阳性反应1年内曾有EB感染，长期阳性和鼻咽癌发生有一定相关性； \nVCA IgM：阳性反应EB急性期感染，是比较可靠的指标。 \n病毒早期抗原抗体： \nEA IgG：阳性反应近期有EB病毒感染，并且病毒活跃增殖； \nEA IgA：与鼻咽癌相关性优于VCA IgA。 \n病毒核心抗原抗体： \nEBNA IgG：发病后3～4周出现，可持续终身，是既往有过感染的标志。 \nEB病毒DNA： \n反应EB病毒现症感染及复制增殖的敏感指标，大于500拷贝具有意义，其指标越高患者预后越差，也可反应治疗效果，即经治疗降低说明治疗有效。另外与其数值与鼻咽癌发病率有相关性。 \n'}"
EB病毒感染,呼吸.txt,"{'疾病名称': 'EB病毒感染', '诊断': 'EB病毒感染', '病情现状': '无症状，既往体检发现', '体检项目': 'EB病毒抗体/EB病毒DNA、鼻咽镜', '项目结果': '未复查EB病毒复，鼻咽镜检测正常', '重疾险': '标体', '防癌险': '标体', '护理险': '标体', '医疗险': '标体', '意外险': '标体', '备注': 'EB病毒各类检查所代表的含义如下： \n目前所测EB病毒抗体，主要有针对病毒的衣壳抗原（CA）、早期抗原（EA）和核抗原（EBNA）。\n \n病毒衣壳抗原抗体： \nVCA IgG(高亲和性)：阳性反应既往曾感染过EB病毒，并可终身阳性； \nVCA IgG(低亲和性)：该抗体在EB感染10天左右出现，反应近期有EB感染； \nVCA IgA：阳性反应1年内曾有EB感染，长期阳性和鼻咽癌发生有一定相关性； \nVCA IgM：阳性反应EB急性期感染，是比较可靠的指标。 \n病毒早期抗原抗体： \nEA IgG：阳性反应近期有EB病毒感染，并且病毒活跃增殖； \nEA IgA：与鼻咽癌相关性优于VCA IgA。 \n病毒核心抗原抗体： \nEBNA IgG：发病后3～4周出现，可持续终身，是既往有过感染的标志。 \nEB病毒DNA： \n反应EB病毒现症感染及复制增殖的敏感指标，大于500拷贝具有意义，其指标越高患者预后越差，也可反应治疗效果，即经治疗降低说明治疗有效。另外与其数值与鼻咽癌发病率有相关性。 \n'}"
EB病毒感染,呼吸.txt,"{'疾病名称': 'EB病毒感染', '诊断': 'EB病毒感染', '病情现状': '无症状，既往体检发现', '体检项目': 'EB病毒抗体/EB病毒DNA、鼻咽镜', '项目结果': '鼻咽镜异常', '重疾险': '延期', '防癌险': '延期', '护理险': '延期', '医疗险': '延期', '意外险': '标体', '备注': 'EB病毒各类检查所代表的含义如下： \n目前所测EB病毒抗体，主要有针对病毒的衣壳抗原（CA）、早期抗原（EA）和核抗原（EBNA）。\n \n病毒衣壳抗原抗体： \nVCA IgG(高亲和性)：阳性反应既往曾感染过EB病毒，并可终身阳性； \nVCA IgG(低亲和性)：该抗体在EB感染10天左右出现，反应近期有EB感染； \nVCA IgA：阳性反应1年内曾有EB感染，长期阳性和鼻咽癌发生有一定相关性； \nVCA IgM：阳性反应EB急性期感染，是比较可靠的指标。 \n病毒早期抗原抗体： \nEA IgG：阳性反应近期有EB病毒感染，并且病毒活跃增殖； \nEA IgA：与鼻咽癌相关性优于VCA IgA。 \n病毒核心抗原抗体： \nEBNA IgG：发病后3～4周出现，可持续终身，是既往有过感染的标志。 \nEB病毒DNA： \n反应EB病毒现症感染及复制增殖的敏感指标，大于500拷贝具有意义，其指标越高患者预后越差，也可反应治疗效果，即经治疗降低说明治疗有效。另外与其数值与鼻咽癌发病率有相关性。 \n'}"
EB病毒感染,呼吸.txt,"{'疾病名称': 'EB病毒感染', '诊断': '传染性单核细胞增多症', '病情现状': '已痊愈无后遗症', '体检项目': '血常规等住院时异常项目', '项目结果': '正常', '重疾险': '标体', '防癌险': '标体', '护理险': '标体', '医疗险': '标体', '意外险': '标体', '备注': 'EB病毒各类检查所代表的含义如下： \n目前所测EB病毒抗体，主要有针对病毒的衣壳抗原（CA）、早期抗原（EA）和核抗原（EBNA）。\n \n病毒衣壳抗原抗体： \nVCA IgG(高亲和性)：阳性反应既往曾感染过EB病毒，并可终身阳性； \nVCA IgG(低亲和性)：该抗体在EB感染10天左右出现，反应近期有EB感染； \nVCA IgA：阳性反应1年内曾有EB感染，长期阳性和鼻咽癌发生有一定相关性； \nVCA IgM：阳性反应EB急性期感染，是比较可靠的指标。 \n病毒早期抗原抗体： \nEA IgG：阳性反应近期有EB病毒感染，并且病毒活跃增殖； \nEA IgA：与鼻咽癌相关性优于VCA IgA。 \n病毒核心抗原抗体： \nEBNA IgG：发病后3～4周出现，可持续终身，是既往有过感染的标志。 \nEB病毒DNA： \n反应EB病毒现症感染及复制增殖的敏感指标，大于500拷贝具有意义，其指标越高患者预后越差，也可反应治疗效果，即经治疗降低说明治疗有效。另外与其数值与鼻咽癌发病率有相关性。 \n'}"
EB病毒感染,呼吸.txt,"{'疾病名称': 'EB病毒感染', '诊断': '传染性单核细胞增多症', '病情现状': '有后遗症', '体检项目': '按后遗症复查评估', '项目结果': '按后遗症复查评估', '重疾险': '按后遗症复查评估', '防癌险': '按后遗症复查评估', '护理险': '按后遗症复查评估', '医疗险': '按后遗症复查评估', '意外险': '按后遗症复查评估', '备注': 'EB病毒各类检查所代表的含义如下： \n目前所测EB病毒抗体，主要有针对病毒的衣壳抗原（CA）、早期抗原（EA）和核抗原（EBNA）。\n \n病毒衣壳抗原抗体： \nVCA IgG(高亲和性)：阳性反应既往曾感染过EB病毒，并可终身阳性； \nVCA IgG(低亲和性)：该抗体在EB感染10天左右出现，反应近期有EB感染； \nVCA IgA：阳性反应1年内曾有EB感染，长期阳性和鼻咽癌发生有一定相关性； \nVCA IgM：阳性反应EB急性期感染，是比较可靠的指标。 \n病毒早期抗原抗体： \nEA IgG：阳性反应近期有EB病毒感染，并且病毒活跃增殖； \nEA IgA：与鼻咽癌相关性优于VCA IgA。 \n病毒核心抗原抗体： \nEBNA IgG：发病后3～4周出现，可持续终身，是既往有过感染的标志。 \nEB病毒DNA： \n反应EB病毒现症感染及复制增殖的敏感指标，大于500拷贝具有意义，其指标越高患者预后越差，也可反应治疗效果，即经治疗降低说明治疗有效。另外与其数值与鼻咽癌发病率有相关性。 \n'}"
纵膈肿瘤,呼吸.txt,"{'疾病名称': '纵膈肿瘤', '诊断': '恶性肿瘤', '病情现状': '恶性肿瘤', '体检项目': '', '项目结果': '——', '重疾险': '拒保', '防癌险': '拒保', '护理险': '拒保', '医疗险': '拒保', '意外险': '拒保', '备注': ''}"
纵膈肿瘤,呼吸.txt,"{'疾病名称': '纵膈肿瘤', '诊断': '神经纤维瘤（神经鞘瘤）、神经节瘤、畸胎瘤', '病情现状': '现症，未手术', '体检项目': '——', '项目结果': '——', '重疾险': '延期至术后', '防癌险': '延期至术后', '护理险': '延期至术后', '医疗险': '拒保', '意外险': '延期至术后', '备注': ''}"
纵膈肿瘤,呼吸.txt,"{'疾病名称': '纵膈肿瘤', '诊断': '神经纤维瘤（神经鞘瘤）、神经节瘤、畸胎瘤', '病情现状': '完全切除', '体检项目': '病历、胸部CT复查报告', '项目结果': '正常', '重疾险': '标体', '防癌险': '标体', '护理险': '标体', '医疗险': '拒保', '意外险': '标体', '备注': ''}"
纵膈肿瘤,呼吸.txt,"{'疾病名称': '纵膈肿瘤', '诊断': '胸腺瘤', '病情现状': '现症，未手术', '体检项目': '——', '项目结果': '——', '重疾险': '延期', '防癌险': '延期', '护理险': '延期', '医疗险': '拒保', '意外险': '延期', '备注': ''}"
纵膈肿瘤,呼吸.txt,"{'疾病名称': '纵膈肿瘤', '诊断': '胸腺瘤', '病情现状': '术后≤1年', '体检项目': '病历、胸部CT复查报告', '项目结果': '正常', '重疾险': '延期至1年后', '防癌险': '延期至1年后', '护理险': '标体', '医疗险': '拒保', '意外险': '标体', '备注': ''}"
纵膈肿瘤,呼吸.txt,"{'疾病名称': '纵膈肿瘤', '诊断': '胸腺瘤', '病情现状': '术后＞1年', '体检项目': '病历、胸部CT复查报告', '项目结果': '正常', '重疾险': '标体', '防癌险': '标体', '护理险': '标体', '医疗险': '拒保', '意外险': '标体', '备注': ''}"
肺纤维化,呼吸.txt,"{'疾病名称': '肺纤维化', '诊断': '肺纤维化', '病情现状': '——', '体检项目': '——', '项目结果': '——', '重疾险': '拒保', '防癌险': '', '护理险': '拒保', '医疗险': '拒保', '意外险': '拒保', '备注': '备注：该评点仅针对明确诊断为肺纤维化情况，如为检查报告描述或局灶性肺纤维化，请参照具体疾病进行评点。'}"
气管炎/支气管炎,呼吸.txt,"{'疾病名称': '气管炎/支气管炎', '诊断': '急性', '病情现状': '治愈≤3月', '体检项目': '——', '项目结果': '', '重疾险': '标体', '防癌险': '标体', '护理险': '标体', '医疗险': '延期', '意外险': '标体', '备注': ''}"
气管炎/支气管炎,呼吸.txt,"{'疾病名称': '气管炎/支气管炎', '诊断': '急性', '病情现状': '治愈>3月', '体检项目': '——', '项目结果': '', '重疾险': '标体', '防癌险': '标体', '护理险': '标体', '医疗险': '标体', '意外险': '标体', '备注': ''}"
气管炎/支气管炎,呼吸.txt,"{'疾病名称': '气管炎/支气管炎', '诊断': '慢性(COPD)', '病情现状': '肺功能（常见的为FVC,FEV1）', '体检项目': '', '项目结果': 'FEV1 和 FVC ≥ 80％', '重疾险': '标体', '防癌险': '标体', '护理险': '标体', '医疗险': '拒保', '意外险': '标体', '备注': ''}"
气管炎/支气管炎,呼吸.txt,"{'疾病名称': '气管炎/支气管炎', '诊断': '慢性(COPD)', '病情现状': '肺功能（常见的为FVC,FEV1）', '体检项目': '', '项目结果': '50%≤（FEV1和FVC） ＜80％', '重疾险': '拒保', '防癌险': '拒保', '护理险': '标体', '医疗险': '拒保', '意外险': '拒保', '备注': ''}"
气管炎/支气管炎,呼吸.txt,"{'疾病名称': '气管炎/支气管炎', '诊断': '慢性(COPD)', '病情现状': '肺功能（常见的为FVC,FEV1）', '体检项目': '', '项目结果': 'FEV1 和 FVC＜50％', '重疾险': '拒保', '防癌险': '拒保', '护理险': '拒保', '医疗险': '拒保', '意外险': '拒保', '备注': ''}"
气管炎/支气管炎,呼吸.txt,"{'疾病名称': '气管炎/支气管炎', '诊断': '慢性(COPD)', '病情现状': '过去1年使用激素超过一个月', '体检项目': '过去1年使用激素超过一个月', '项目结果': '', '重疾险': '拒保', '防癌险': '拒保', '护理险': '标体', '医疗险': '拒保', '意外险': '标体', '备注': ''}"
气管炎/支气管炎,呼吸.txt,"{'疾病名称': '气管炎/支气管炎', '诊断': '慢性(COPD)', '病情现状': '有吸烟习惯（既往病历或投保告知）', '体检项目': '有吸烟习惯（既往病历或投保告知）', '项目结果': '', '重疾险': '标体', '防癌险': '标体', '护理险': '标体', '医疗险': '拒保', '意外险': '标体', '备注': ''}"
气管炎/支气管炎,呼吸.txt,"{'疾病名称': '气管炎/支气管炎', '诊断': '慢性(COPD)', '病情现状': '肺心病、心力衰竭等', '体检项目': '肺心病、心力衰竭等', '项目结果': '', '重疾险': '拒保', '防癌险': '拒保', '护理险': '拒保', '医疗险': '拒保', '意外险': '拒保', '备注': ''}"
气管炎/支气管炎,呼吸.txt,"{'疾病名称': '气管炎/支气管炎', '诊断': '慢性(COPD)', '病情现状': '胸部CT或胸片异常', '体检项目': '胸部CT或胸片异常', '项目结果': '', '重疾险': '延期', '防癌险': '延期', '护理险': '延期', '医疗险': '延期', '意外险': '标体', '备注': ''}"
气管炎/支气管炎,呼吸.txt,"{'疾病名称': '气管炎/支气管炎', '诊断': '慢性(COPD)', '病情现状': '支气管扩张', '体检项目': '支气管扩张', '项目结果': '', '重疾险': '拒保', '防癌险': '拒保', '护理险': '拒保', '医疗险': '拒保', '意外险': '拒保', '备注': ''}"
支气管扩张,呼吸.txt,"{'疾病名称': '支气管扩张', '诊断': '支气管扩张', '病情现状': '局限性', '体检项目': '肺功能、胸部影像', '项目结果': '轻度', '重疾险': '标体', '防癌险': '标体', '护理险': '标体', '医疗险': '拒保', '意外险': '标体', '备注': '轻度（EV1 和 FVC > 60％，较少咳嗽或咳痰，几乎没有或没有呼吸短促）且非急性发作期'}"
支气管扩张,呼吸.txt,"{'疾病名称': '支气管扩张', '诊断': '支气管扩张', '病情现状': '局限性', '体检项目': '肺功能、胸部影像', '项目结果': ' 中度及重度', '重疾险': '拒保', '防癌险': '标体', '护理险': '标体', '医疗险': '拒保', '意外险': '标体', '备注': '中度（40%<EV1 和 FVC≦60%，咳嗽或咳痰频率 < 每天，中等活动情况下呼吸短促）'}"
支气管扩张,呼吸.txt,"{'疾病名称': '支气管扩张', '诊断': '支气管扩张', '病情现状': '双肺、多发', '体检项目': '肺功能、胸部影像', '项目结果': '', '重疾险': '拒保', '防癌险': '拒保', '护理险': '延期', '医疗险': '拒保', '意外险': '标体', '备注': '重度（EV1 和 FVC<40%，每日咳嗽或咳痰，最低限度活动情况下呼吸短促）'}"
支气管扩张,呼吸.txt,"{'疾病名称': '支气管扩张', '诊断': '其他因素', '病情现状': '手术<1年', '体检项目': '手术<1年', '项目结果': '', '重疾险': '延期', '防癌险': '延期', '护理险': '延期', '医疗险': '拒保', '意外险': '标体', '备注': ''}"
支气管扩张,呼吸.txt,"{'疾病名称': '支气管扩张', '诊断': '其他因素', '病情现状': '手术≥1年', '体检项目': '手术≥1年', '项目结果': '', '重疾险': '标体', '防癌险': '标体', '护理险': '标体', '医疗险': '拒保', '意外险': '标体', '备注': ''}"
支气管扩张,呼吸.txt,"{'疾病名称': '支气管扩张', '诊断': '其他因素', '病情现状': '有吸烟习惯（病历或投保告知中发现）', '体检项目': '有吸烟习惯（病历或投保告知中发现）', '项目结果': '', '重疾险': '标体', '防癌险': '标体', '护理险': '标体', '医疗险': '拒保', '意外险': '标体', '备注': ''}"
支气管扩张,呼吸.txt,"{'疾病名称': '支气管扩张', '诊断': '其他因素', '病情现状': '既往住院有重症监护', '体检项目': '既往住院有重症监护', '项目结果': '', '重疾险': '拒保', '防癌险': '拒保', '护理险': '拒保', '医疗险': '拒保', '意外险': '标体', '备注': ''}"
支气管扩张,呼吸.txt,"{'疾病名称': '支气管扩张', '诊断': '其他因素', '病情现状': '活动性感染中', '体检项目': '活动性感染中', '项目结果': '', '重疾险': '延期', '防癌险': '延期', '护理险': '延期', '医疗险': '延期', '意外险': '延期', '备注': ''}"
支气管扩张,呼吸.txt,"{'疾病名称': '支气管扩张', '诊断': '其他因素', '病情现状': '有肺心病、心力衰竭、免疫缺陷等疾病', '体检项目': '有肺心病、心力衰竭、免疫缺陷等疾病', '项目结果': '', '重疾险': '拒保', '防癌险': '拒保', '护理险': '拒保', '医疗险': '拒保', '意外险': '拒保', '备注': ''}"
支气管扩张,呼吸.txt,"{'疾病名称': '支气管扩张', '诊断': '其他因素', '病情现状': '伴有慢性阻塞性肺病、类风湿性关节炎或其他全身性疾病', '体检项目': '伴有慢性阻塞性肺病、类风湿性关节炎或其他全身性疾病', '项目结果': '', '重疾险': '按疾病增加评点', '防癌险': '按疾病增加评点', '护理险': '按疾病增加评点', '医疗险': '按疾病增加评点', '意外险': '按疾病增加评点', '备注': ''}"
哮喘,呼吸.txt,"{'疾病名称': '哮喘', '诊断': '成年人', '病情现状': '现症未愈或2年内出现过症状', '体检项目': '肺功能；胸部影像', '项目结果': 'FEV1 >80％，FEV1/ FVC 正常，不会每天发作', '重疾险': '标体*', '防癌险': '标体*', '护理险': '标体*', '医疗险': '除外*', '意外险': '标体', '备注': '*胸部影像异常的，参考影像结果评估：\n炎症-延期；结节-不保'}"
哮喘,呼吸.txt,"{'疾病名称': '哮喘', '诊断': '成年人', '病情现状': '现症未愈或2年内出现过症状', '体检项目': '肺功能；胸部影像', '项目结果': '60%<FEV1≦80%，FEV1/FVC≥65%(下降不超过5%)；每天有症状', '重疾险': '延期', '防癌险': '标体*', '护理险': '标体*', '医疗险': '拒保', '意外险': '标体', '备注': '*胸部影像异常的，参考影像结果评估：\n炎症-延期；结节-不保'}"
哮喘,呼吸.txt,"{'疾病名称': '哮喘', '诊断': '成年人', '病情现状': '现症未愈或2年内出现过症状', '体检项目': '肺功能；胸部影像', '项目结果': 'FEV1≦60%，FEV1/FVC<65%(下降超过5%)；每天有严重症状', '重疾险': '延期', '防癌险': '标体*', '护理险': '标体*', '医疗险': '拒保', '意外险': '标体', '备注': '*胸部影像异常的，参考影像结果评估：\n炎症-延期；结节-不保'}"
哮喘,呼吸.txt,"{'疾病名称': '哮喘', '诊断': '成年人', '病情现状': '无症状或治疗超过 2 年', '体检项目': '肺功能；胸部影像', '项目结果': '正常', '重疾险': '标体', '防癌险': '标体', '护理险': '标体', '医疗险': '除外', '意外险': '标体', '备注': ''}"
哮喘,呼吸.txt,"{'疾病名称': '哮喘', '诊断': '未成年人', '病情现状': '2岁内或明确诊断未达1年', '体检项目': '2岁内或明确诊断未达1年', '项目结果': '', '重疾险': '延期', '防癌险': '延期', '护理险': '延期', '医疗险': '延期', '意外险': '延期', '备注': ''}"
哮喘,呼吸.txt,"{'疾病名称': '哮喘', '诊断': '未成年人', '病情现状': '超过2岁且诊断超1年', '体检项目': '根据就诊资料及症状评估', '项目结果': '近一年无发作，无就诊', '重疾险': '标体', '防癌险': '标体', '护理险': '标体', '医疗险': '除外', '意外险': '标体', '备注': ''}"
哮喘,呼吸.txt,"{'疾病名称': '哮喘', '诊断': '未成年人', '病情现状': '超过2岁且诊断超1年', '体检项目': '根据就诊资料及症状评估', '项目结果': '近一年有发作或就诊记录', '重疾险': '延期', '防癌险': '标体', '护理险': '标体', '医疗险': '拒保', '意外险': '标体', '备注': ''}"
哮喘,呼吸.txt,"{'疾病名称': '哮喘', '诊断': '未成年人', '病情现状': '痊愈2年且无症状', '体检项目': '根据就诊资料及症状评估', '项目结果': '正常', '重疾险': '标体', '防癌险': '标体', '护理险': '标体', '医疗险': '除外', '意外险': '标体', '备注': ''}"
哮喘,呼吸.txt,"{'疾病名称': '哮喘', '诊断': '其他因素', '病情现状': '有吸烟习惯（病历或投保告知中发现）', '体检项目': '', '项目结果': '', '重疾险': '加重评估', '防癌险': '加重评估', '护理险': '加重评估', '医疗险': '拒保', '意外险': '标体', '备注': ''}"
哮喘,呼吸.txt,"{'疾病名称': '哮喘', '诊断': '其他因素', '病情现状': '既往住院有重症监护（5年内）', '体检项目': '既往住院有重症监护（5年内）', '项目结果': '', '重疾险': '拒保', '防癌险': '拒保', '护理险': '拒保', '医疗险': '拒保', '意外险': '标体', '备注': ''}"
哮喘,呼吸.txt,"{'疾病名称': '哮喘', '诊断': '其他因素', '病情现状': '伴有慢性阻塞性肺病或其他全身性疾病', '体检项目': '', '项目结果': '', '重疾险': '按疾病增加评点', '防癌险': '按疾病增加评点', '护理险': '按疾病增加评点', '医疗险': '按疾病增加评点', '意外险': '按疾病增加评点', '备注': ''}"
阻塞性睡眠呼吸暂停综合征,呼吸.txt,"{'疾病名称': '阻塞性睡眠呼吸暂停综合征', '诊断': '阻塞性（腺样体肥大、鼻息肉等疾病引起）', '病情现状': '现症未治疗', '体检项目': '客户递交多导睡眠检测报告（关注：氧饱和度、呼吸暂停低通气指数（AHI））', '项目结果': '轻度（氧饱和度睡眠时大于80%；或AHI<15）', '重疾险': '标体', '防癌险': '标体', '护理险': '标体', '医疗险': '除外', '意外险': '标体', '备注': ''}"
阻塞性睡眠呼吸暂停综合征,呼吸.txt,"{'疾病名称': '阻塞性睡眠呼吸暂停综合征', '诊断': '阻塞性（腺样体肥大、鼻息肉等疾病引起）', '病情现状': '现症未治疗', '体检项目': '客户递交多导睡眠检测报告（关注：氧饱和度、呼吸暂停低通气指数（AHI））', '项目结果': ' 中度（60%≦睡眠时氧饱和度≦80%或≦15AHI≦30）', '重疾险': '标体', '防癌险': '标体', '护理险': '标体', '医疗险': '除外', '意外险': '标体', '备注': ''}"
阻塞性睡眠呼吸暂停综合征,呼吸.txt,"{'疾病名称': '阻塞性睡眠呼吸暂停综合征', '诊断': '阻塞性（腺样体肥大、鼻息肉等疾病引起）', '病情现状': '现症未治疗', '体检项目': '客户递交多导睡眠检测报告（关注：氧饱和度、呼吸暂停低通气指数（AHI））', '项目结果': '重度（睡眠时氧饱和度<60%或AHI>30）', '重疾险': '延期', '防癌险': '标体', '护理险': '标体', '医疗险': '延期', '意外险': '标体', '备注': ''}"
阻塞性睡眠呼吸暂停综合征,呼吸.txt,"{'疾病名称': '阻塞性睡眠呼吸暂停综合征', '诊断': '阻塞性（腺样体肥大、鼻息肉等疾病引起）', '病情现状': '已治疗或手术', '体检项目': '客户递交多导睡眠检测报告（关注：氧饱和度、呼吸暂停低通气指数（AHI））', '项目结果': '轻度（氧饱和度睡眠时大于80%；或AHI<15）', '重疾险': '标体', '防癌险': '标体', '护理险': '标体', '医疗险': '除外', '意外险': '标体', '备注': ''}"
阻塞性睡眠呼吸暂停综合征,呼吸.txt,"{'疾病名称': '阻塞性睡眠呼吸暂停综合征', '诊断': '阻塞性（腺样体肥大、鼻息肉等疾病引起）', '病情现状': '已治疗或手术', '体检项目': '客户递交多导睡眠检测报告（关注：氧饱和度、呼吸暂停低通气指数（AHI））', '项目结果': ' 中度（60%≦睡眠时氧饱和度≦80%或≦15AHI≦30）', '重疾险': '延期', '防癌险': '标体', '护理险': '标体', '医疗险': '拒保', '意外险': '标体', '备注': ''}"
阻塞性睡眠呼吸暂停综合征,呼吸.txt,"{'疾病名称': '阻塞性睡眠呼吸暂停综合征', '诊断': '阻塞性（腺样体肥大、鼻息肉等疾病引起）', '病情现状': '已治疗或手术', '体检项目': '客户递交多导睡眠检测报告（关注：氧饱和度、呼吸暂停低通气指数（AHI））', '项目结果': '重度（睡眠时氧饱和度<60%或AHI>30）', '重疾险': '延期', '防癌险': '标体', '护理险': '标体', '医疗险': '延期', '意外险': '标体', '备注': ''}"
阻塞性睡眠呼吸暂停综合征,呼吸.txt,"{'疾病名称': '阻塞性睡眠呼吸暂停综合征', '诊断': '中枢性或混合型睡眠呼吸暂停', '病情现状': '病因明确', '体检项目': '病因明确', '项目结果': '', '重疾险': '按病因评点', '防癌险': '按病因评点', '护理险': '按病因评点', '医疗险': '按病因评点', '意外险': '按病因评点', '备注': ''}"
阻塞性睡眠呼吸暂停综合征,呼吸.txt,"{'疾病名称': '阻塞性睡眠呼吸暂停综合征', '诊断': '中枢性或混合型睡眠呼吸暂停', '病情现状': '病因不明', '体检项目': '', '项目结果': '', '重疾险': '延期', '防癌险': '延期', '护理险': '延期', '医疗险': '延期', '意外险': '延期', '备注': ''}"
阻塞性睡眠呼吸暂停综合征,呼吸.txt,"{'疾病名称': '阻塞性睡眠呼吸暂停综合征', '诊断': '其他因素', '病情现状': '治疗中包含氧疗', '体检项目': '治疗中包含氧疗', '项目结果': '', '重疾险': '拒保', '防癌险': '拒保', '护理险': '拒保', '医疗险': '拒保', '意外险': '拒保', '备注': ''}"
"肺炎
（不包括新冠肺炎）",呼吸.txt,"{'疾病名称': '肺炎\n（不包括新冠肺炎）', '诊断': '肺炎', '病情现状': '单次发作，已治愈，无并发症。', '体检项目': '胸片、肺功能、血常规', '项目结果': '结果正常', '重疾险': '标体', '防癌险': '标体', '护理险': '', '医疗险': '标体', '意外险': '标体', '备注': '不包括新冠肺炎'}"
"肺炎
（不包括新冠肺炎）",呼吸.txt,"{'疾病名称': '肺炎\n（不包括新冠肺炎）', '诊断': '肺炎', '病情现状': '否则', '体检项目': '——', '项目结果': '——', '重疾险': '延期', '防癌险': '按并发症评点', '护理险': '', '医疗险': '延期', '意外险': '标体', '备注': ''}"
肺水肿,呼吸.txt,"{'疾病名称': '肺水肿', '诊断': '肺水肿', '病情现状': '-', '体检项目': '-', '项目结果': '-', '重疾险': '拒保', '防癌险': '拒保', '护理险': '延期', '医疗险': '拒保', '意外险': '拒保', '备注': ''}"
肺栓塞,呼吸.txt,"{'疾病名称': '肺栓塞', '诊断': '肺栓塞', '病情现状': '单次发作，已治愈6个月以上，无并发症。', '体检项目': '胸片、肺功能、血常规、凝血、心电图个别项目需客户赴医院进行检查（血氧、肺动脉造影、CT）', '项目结果': '结果正常', '重疾险': '标体', '防癌险': '标体', '护理险': '标体', '医疗险': '拒保', '意外险': '标体', '备注': ''}"
肺栓塞,呼吸.txt,"{'疾病名称': '肺栓塞', '诊断': '肺栓塞', '病情现状': '单次发作，已治愈6个月以上，无并发症。', '体检项目': '胸片、肺功能、血常规、凝血、心电图个别项目需客户赴医院进行检查（血氧、肺动脉造影、CT）', '项目结果': '结果异常', '重疾险': '延期', '防癌险': '延期', '护理险': '延期', '医疗险': '拒保', '意外险': '标体', '备注': ''}"
肺栓塞,呼吸.txt,"{'疾病名称': '肺栓塞', '诊断': '肺栓塞', '病情现状': '多次发作，已治愈，无并发症。', '体检项目': '——', '项目结果': '', '重疾险': '拒保', '防癌险': '拒保', '护理险': '拒保', '医疗险': '拒保', '意外险': '标体', '备注': ''}"
自发性气胸,呼吸.txt,"{'疾病名称': '自发性气胸', '诊断': '自发性气胸', '病情现状': '现症', '体检项目': '——', '项目结果': '——', '重疾险': '延期', '防癌险': '延期', '护理险': '延期', '医疗险': '延期', '意外险': '延期', '备注': ''}"
自发性气胸,呼吸.txt,"{'疾病名称': '自发性气胸', '诊断': '自发性气胸', '病情现状': '既往史，已治愈', '体检项目': '胸部CT', '项目结果': '正常', '重疾险': '标体', '防癌险': '标体', '护理险': '标体', '医疗险': '除外', '意外险': '标体', '备注': ''}"
自发性气胸,呼吸.txt,"{'疾病名称': '自发性气胸', '诊断': '自发性气胸', '病情现状': '如有其他潜在疾病', '体检项目': '如有其他潜在疾病', '项目结果': '按“明确病因”进行评点', '重疾险': '按“明确病因”进行评点', '防癌险': '按“明确病因”进行评点', '护理险': '按“明确病因”进行评点', '医疗险': '按“明确病因”进行评点', '意外险': '', '备注': ''}"
疑似错构瘤的肺结节,呼吸.txt,"{'疾病名称': '疑似错构瘤的肺结节', '诊断': '疑似错构瘤的肺结节', '病情现状': '初次核保发现肺结节，符合错构瘤表现。', '体检项目': '/', '项目结果': '/', '重疾险': '延期', '防癌险': '延期', '护理险': '延期', '医疗险': '延期', '意外险': '标体', '备注': ''}"
肺错构瘤,呼吸.txt,"{'疾病名称': '肺错构瘤', '诊断': '初步诊断为肺错构瘤', '病情现状': '临床诊断为肺错构瘤，未手术。', '体检项目': '/', '项目结果': '/', '重疾险': '延期', '防癌险': '延期', '护理险': '延期', '医疗险': '延期', '意外险': '标体', '备注': ''}"
肺错构瘤,呼吸.txt,"{'疾病名称': '肺错构瘤', '诊断': '确诊为肺错构瘤', '病情现状': '已手术确诊为肺错构瘤，无并发症。', '体检项目': '胸透', '项目结果': '核保体检胸透与手术后出院时检查对比，无新的异常情况出现。', '重疾险': '标体', '防癌险': '标体', '护理险': '标体', '医疗险': '标体（1、胸腔镜手术的，手术后<3月，延期；≧3月，标体。2、开胸手术的，手术后<3月，延期；≧3月，标体。）', '意外险': '标体', '备注': ''}"
肺错构瘤,呼吸.txt,"{'疾病名称': '肺错构瘤', '诊断': '确诊为肺错构瘤', '病情现状': '已手术确诊为肺错构瘤，存在并发症。', '体检项目': '根据并发症针对性规划体检', '项目结果': '根据并发症针对性规划体检', '重疾险': '在“无并发症”类别核保基础上，增加对并发症的评点。', '防癌险': '在“无并发症”类别核保基础上，增加对并发症的评点。', '护理险': '在“无并发症”类别核保基础上，增加对并发症的评点。', '医疗险': '在“无并发症”类别核保基础上，增加对并发症的评点。', '意外险': '在“无并发症”类别核保基础上，增加对并发症的评点。', '备注': ''}"
肺错构瘤,呼吸.txt,"{'疾病名称': '肺错构瘤', '诊断': '确诊为肺错构瘤', '病情现状': '已手术确诊为肺错构瘤，存在并发症。', '体检项目': '根据并发症针对性规划体检', '项目结果': '根据并发症针对性规划体检', '重疾险': '错构瘤已切除，可单独针对并发症评点。', '防癌险': '错构瘤已切除，可单独针对并发症评点。', '护理险': '错构瘤已切除，可单独针对并发症评点。', '医疗险': '错构瘤已切除，可单独针对并发症评点。', '意外险': '错构瘤已切除，可单独针对并发症评点。', '备注': ''}"
胸膜炎,呼吸.txt,"{'疾病名称': '胸膜炎', '诊断': '细菌性胸膜炎 ', '病情现状': '现症', '体检项目': '——', '项目结果': '——', '重疾险': '延期', '防癌险': '延期', '护理险': '延期', '医疗险': '延期', '意外险': '标体', '备注': ''}"
胸膜炎,呼吸.txt,"{'疾病名称': '胸膜炎', '诊断': '细菌性胸膜炎 ', '病情现状': '已治愈', '体检项目': '提供病历、胸片、血常规、肺功能', '项目结果': '结果正常', '重疾险': '标体', '防癌险': '标体', '护理险': '标体', '医疗险': '标体', '意外险': '标体', '备注': ''}"
胸膜炎,呼吸.txt,"{'疾病名称': '胸膜炎', '诊断': '细菌性胸膜炎 ', '病情现状': '已治愈', '体检项目': '提供病历、胸片、血常规、肺功能', '项目结果': '存在异常项目', '重疾险': '根据具体异常项目评点', '防癌险': '根据具体异常项目评点', '护理险': '根据具体异常项目评点', '医疗险': '根据具体异常项目评点', '意外险': '根据具体异常项目评点', '备注': ''}"
胸膜炎,呼吸.txt,"{'疾病名称': '胸膜炎', '诊断': '结核性胸膜炎', '病情现状': '现症', '体检项目': '——', '项目结果': '——', '重疾险': '延期', '防癌险': '延期', '护理险': '延期', '医疗险': '延期', '意外险': '延期', '备注': ''}"
胸膜炎,呼吸.txt,"{'疾病名称': '胸膜炎', '诊断': '结核性胸膜炎', '病情现状': '已治愈', '体检项目': '提供病历、胸片、血常规、肺功能、肝功', '项目结果': '结果正常', '重疾险': '标体', '防癌险': '标体', '护理险': '标体', '医疗险': '除外', '意外险': '标体', '备注': ''}"
胸膜炎,呼吸.txt,"{'疾病名称': '胸膜炎', '诊断': '结核性胸膜炎', '病情现状': '已治愈', '体检项目': '提供病历、胸片、血常规、肺功能、肝功', '项目结果': '存在异常项目', '重疾险': '根据具体异常项目评点', '防癌险': '根据具体异常项目评点', '护理险': '根据具体异常项目评点', '医疗险': '根据具体异常项目评点', '意外险': '根据具体异常项目评点', '备注': ''}"
纵膈气肿,呼吸.txt,"{'疾病名称': '纵膈气肿', '诊断': '', '病情现状': '现症', '体检项目': '——', '项目结果': '——', '重疾险': '延期至愈后', '防癌险': '延期至愈后', '护理险': '延期至愈后', '医疗险': '延期至愈后6个月', '意外险': '延期至愈后', '备注': ''}"
纵膈气肿,呼吸.txt,"{'疾病名称': '纵膈气肿', '诊断': '', '病情现状': '治愈', '体检项目': '提供病历、胸片、肺功能', '项目结果': '结果正常', '重疾险': '标体', '防癌险': '', '护理险': '标体', '医疗险': '治愈≤6个月，延期；\n治愈＞6个月，标体', '意外险': '标体', '备注': ''}"
纵膈气肿,呼吸.txt,"{'疾病名称': '纵膈气肿', '诊断': '', '病情现状': '治愈', '体检项目': '提供病历、胸片、肺功能', '项目结果': '存在异常项目', '重疾险': '根据具体异常项目评点', '防癌险': '根据具体异常项目评点', '护理险': '根据具体异常项目评点', '医疗险': '根据具体异常项目评点', '意外险': '根据具体异常项目评点', '备注': ''}"
肺气肿,呼吸.txt,"{'疾病名称': '肺气肿', '诊断': '肺气肿', '病情现状': '无并发症', '体检项目': '胸片、胸部CT、肺功能', '项目结果': '轻度（即 FEV1 ≥ 预测值的 80%，鲜有或没有呼吸困难，偶尔停止工作）', '重疾险': '标体', '防癌险': '标体', '护理险': '标体', '医疗险': '拒保', '意外险': '标体', '备注': ''}"
肺气肿,呼吸.txt,"{'疾病名称': '肺气肿', '诊断': '肺气肿', '病情现状': '无并发症', '体检项目': '胸片、胸部CT、肺功能', '项目结果': '中度（即 FEV1 为预测值的 50% 至 79%，适度活动时呼吸困难，频繁停止工作）', '重疾险': '拒保', '防癌险': '标体', '护理险': '标体', '医疗险': '拒保', '意外险': '标体', '备注': ''}"
肺气肿,呼吸.txt,"{'疾病名称': '肺气肿', '诊断': '肺气肿', '病情现状': '无并发症', '体检项目': '胸片、胸部CT、肺功能', '项目结果': '重度/极重度（即 FEV1 小于预测值的 50%，即使进行极轻微活动也会出现呼吸困难，停工时间很长或家庭氧疗）', '重疾险': '拒保', '防癌险': '延期', '护理险': '延期', '医疗险': '拒保', '意外险': '标体', '备注': ''}"
肺气肿,呼吸.txt,"{'疾病名称': '肺气肿', '诊断': '肺气肿', '病情现状': '其他因素：', '体检项目': '胸片、胸部CT、肺功能', '项目结果': '过去一年内通过口服或静脉注射的方式接受过一个月以上的皮质类固醇治疗', '重疾险': '拒保', '防癌险': '拒保', '护理险': '标体', '医疗险': '拒保', '意外险': '', '备注': ''}"
肺气肿,呼吸.txt,"{'疾病名称': '肺气肿', '诊断': '肺气肿', '病情现状': '其他因素：', '体检项目': '胸片、胸部CT、肺功能', '项目结果': '心力衰竭、肺源性心脏病或肺减容手术', '重疾险': '拒保', '防癌险': '拒保', '护理险': '拒保', '医疗险': '拒保', '意外险': '标体', '备注': ''}"
肺脓肿,呼吸.txt,"{'疾病名称': '肺脓肿', '诊断': '结核性', '病情现状': '', '体检项目': '', '项目结果': '', '重疾险': '按结核病评点', '防癌险': '按结核病评点', '护理险': '按结核病评点', '医疗险': '按结核病评点', '意外险': '按结核病评点', '备注': ''}"
肺脓肿,呼吸.txt,"{'疾病名称': '肺脓肿', '诊断': '结核性', '病情现状': '', '体检项目': '', '项目结果': '', '重疾险': '按结核病评点', '防癌险': '按结核病评点', '护理险': '按结核病评点', '医疗险': '按结核病评点', '意外险': '按结核病评点', '备注': ''}"
肺脓肿,呼吸.txt,"{'疾病名称': '肺脓肿', '诊断': '非结核性', '病情现状': '已经痊愈，没有并发症或残留症状', '体检项目': '肺部CT、肺功能、血常规。', '项目结果': '痊愈', '重疾险': '标体', '防癌险': '标体', '护理险': '标体', '医疗险': '标体', '意外险': '标体', '备注': ''}"
肺脓肿,呼吸.txt,"{'疾病名称': '肺脓肿', '诊断': '非结核性', '病情现状': '有残留轻度症状或最低限度异常肺部体征', '体检项目': '肺部CT、肺功能、血常规。', '项目结果': '存在异常', '重疾险': '按病因评点并增加 +25 以上', '防癌险': '根据具体异常项目评点', '护理险': '根据具体异常项目评点', '医疗险': '延期', '意外险': '标体', '备注': ''}"
肺脓肿,呼吸.txt,"{'疾病名称': '肺脓肿', '诊断': '非结核性', '病情现状': '有更为广泛的受累和残留症状', '体检项目': '肺部CT、肺功能、血常规。', '项目结果': '存在异常', '重疾险': '不保', '防癌险': '根据具体异常项目评点', '护理险': '根据具体异常项目评点', '医疗险': '延期', '意外险': '标体', '备注': ''}"
呼吸衰竭,呼吸.txt,"{'疾病名称': '呼吸衰竭', '诊断': '呼吸衰竭', '病情现状': '治疗结束≤1年', '体检项目': '——', '项目结果': '——', '重疾险': '延期', '防癌险': '延期', '护理险': '延期', '医疗险': '延期', '意外险': '延期', '备注': ''}"
呼吸衰竭,呼吸.txt,"{'疾病名称': '呼吸衰竭', '诊断': '呼吸衰竭', '病情现状': '治疗结束＞1年', '体检项目': '根据病历资料具体情况，酌情考虑是否复查，若原发病已治愈/诱因已去除，目前情况良好，无后遗症及并发症等', '项目结果': '根据病历资料具体情况，酌情考虑是否复查，若原发病已治愈/诱因已去除，目前情况良好，无后遗症及并发症等', '重疾险': '标体', '防癌险': '标体', '护理险': '标体', '医疗险': '标体', '意外险': '标体', '备注': ''}"
呼吸衰竭,呼吸.txt,"{'疾病名称': '呼吸衰竭', '诊断': '呼吸衰竭', '病情现状': '治疗结束＞1年', '体检项目': '根据病历资料具体情况，酌情考虑是否复查，若原发病已治愈/诱因已去除，目前情况良好，无后遗症及并发症等', '项目结果': '根据病历资料具体情况，酌情考虑是否复查，若原发病已治愈/诱因已去除，目前情况良好，无后遗症及并发症等', '重疾险': '已痊愈', '防癌险': '', '护理险': '已痊愈', '医疗险': '已痊愈', '意外险': '已痊愈', '备注': ''}"
呼吸衰竭,呼吸.txt,"{'疾病名称': '呼吸衰竭', '诊断': '呼吸衰竭', '病情现状': '治疗结束＞1年', '体检项目': '原发病未治愈', '项目结果': '按照原发病评点', '重疾险': '按照原发疾病评点', '防癌险': '按照原发疾病评点', '护理险': '按照原发疾病评点', '医疗险': '按照原发疾病评点', '意外险': '按照原发疾病评点', '备注': ''}"
肺动静脉瘘,呼吸.txt,"{'疾病名称': '肺动静脉瘘', '诊断': '未接受手术的肺动静脉瘘', '病情现状': '未接受手术', '体检项目': '/', '项目结果': '/', '重疾险': '拒保', '防癌险': '延期', '护理险': '延期', '医疗险': '拒保', '意外险': '延期', '备注': ''}"
肺动静脉瘘,呼吸.txt,"{'疾病名称': '肺动静脉瘘', '诊断': '已手术的肺动静脉瘘', '病情现状': '已手术', '体检项目': '（咨询首席核保后）胸片、肺功能、心脏彩超、心电图等', '项目结果': '/', '重疾险': '拒保', '防癌险': '根据检查项目评点', '护理险': '根据检查项目评点', '医疗险': '拒保', '意外险': '手术痊愈后无并发症者，可以标体。', '备注': ''}"
视网膜病的病因未明，正在进行检查,五官科.txt,"{'疾病名称': '视网膜病的病因未明，正在进行检查', '诊断': '视网膜病的病因未明，正在进行检查', '病情现状': '视网膜病的病因未明，正在进行检查', '体检项目': '视网膜病的病因未明，正在进行检查', '项目结果': '/', '重疾险': '延期', '意外险': '延期', '护理': '延期', '防癌险': '延期', '医疗险': '延期', '备注': '如存在其他病因（例如糖尿病、高血压、免疫性疾病等全身性疾病），需在评点基础上增加病因相关评点'}"
视网膜血管病变,五官科.txt,"{'疾病名称': '视网膜血管病变', '诊断': '高血压性视网膜病变', '病情现状': '1级：引起光反射增加的动脉增厚', '体检项目': '/', '项目结果': '/', '重疾险': '参照心血管疾病风险和糖尿病计算器评点', '意外险': '参照心血管疾病风险和糖尿病计算器评点', '护理': '参照心血管疾病风险和糖尿病计算器评点', '防癌险': '参照心血管疾病风险和糖尿病计算器评点', '医疗险': '拒保', '备注': '如存在其他病因（例如糖尿病、高血压、免疫性疾病等全身性疾病），需在评点基础上增加病因相关评点'}"
视网膜血管病变,五官科.txt,"{'疾病名称': '视网膜血管病变', '诊断': '高血压性视网膜病变', '病情现状': '2级：动静脉压迹伴动脉狭窄和呈银线丝状外观', '体检项目': '/', '项目结果': '/', '重疾险': '拒保', '意外险': '参照心血管疾病风险和糖尿病计算器评点', '护理': '参照心血管疾病风险和糖尿病计算器评点', '防癌险': '参照心血管疾病风险和糖尿病计算器评点', '医疗险': '拒保', '备注': '如存在其他病因（例如糖尿病、高血压、免疫性疾病等全身性疾病），需在评点基础上增加病因相关评点'}"
视网膜血管病变,五官科.txt,"{'疾病名称': '视网膜血管病变', '诊断': '高血压性视网膜病变', '病情现状': '3级：出血和渗出液', '体检项目': '/', '项目结果': '/', '重疾险': '拒保', '意外险': '参照心血管疾病风险和糖尿病计算器评点', '护理': '参照心血管疾病风险和糖尿病计算器评点', '防癌险': '参照心血管疾病风险和糖尿病计算器评点', '医疗险': '拒保', '备注': '如存在其他病因（例如糖尿病、高血压、免疫性疾病等全身性疾病），需在评点基础上增加病因相关评点'}"
视网膜血管病变,五官科.txt,"{'疾病名称': '视网膜血管病变', '诊断': '高血压性视网膜病变', '病情现状': '4级：恶性高血压伴视神经乳头水肿', '体检项目': '/', '项目结果': '/', '重疾险': '拒保', '意外险': '拒保', '护理': '拒保', '防癌险': '拒保', '医疗险': '拒保', '备注': '如存在其他病因（例如糖尿病、高血压、免疫性疾病等全身性疾病），需在评点基础上增加病因相关评点'}"
视网膜血管病变,五官科.txt,"{'疾病名称': '视网膜血管病变', '诊断': '糖尿病性视网膜病变', '病情现状': '病因已明确，为糖尿病的并发症', '体检项目': '/', '项目结果': '/', '重疾险': '拒保', '意外险': '拒保', '护理': '拒保', '防癌险': '拒保', '医疗险': '拒保', '备注': '如存在其他病因（例如糖尿病、高血压、免疫性疾病等全身性疾病），需在评点基础上增加病因相关评点'}"
视网膜血管病变,五官科.txt,"{'疾病名称': '视网膜血管病变', '诊断': '动脉硬化性视网膜病变', '病情现状': '0、1、2级（正常，极轻微到明显的光反射改变，明显的小动脉狭窄伴有局灶性不规则）', '体检项目': '/', '项目结果': '/', '重疾险': '标体', '意外险': '标体', '护理': '标体', '防癌险': '标体', '医疗险': '拒保', '备注': '如存在其他病因（例如糖尿病、高血压、免疫性疾病等全身性疾病），需在评点基础上增加病因相关评点'}"
视网膜血管病变,五官科.txt,"{'疾病名称': '视网膜血管病变', '诊断': '动脉硬化性视网膜病变', '病情现状': '3级（即铜丝样小动脉，视网膜出血和/或渗出以及2级改变）', '体检项目': '/', '项目结果': '/', '重疾险': '除外失明责任', '意外险': '拒保', '护理': '标体', '防癌险': '标体', '医疗险': '拒保', '备注': '如存在其他病因（例如糖尿病、高血压、免疫性疾病等全身性疾病），需在评点基础上增加病因相关评点'}"
视网膜血管病变,五官科.txt,"{'疾病名称': '视网膜血管病变', '诊断': '动脉硬化性视网膜病变', '病情现状': '4级（即银丝样小动脉，视神经乳头水肿以及3级改变）', '体检项目': '/', '项目结果': '/', '重疾险': '拒保', '意外险': '拒保', '护理': '拒保', '防癌险': '拒保', '医疗险': '拒保', '备注': '如存在其他病因（例如糖尿病、高血压、免疫性疾病等全身性疾病），需在评点基础上增加病因相关评点'}"
视网膜血管变性,五官科.txt,"{'疾病名称': '视网膜血管变性', '诊断': ' 发作后1年内', '病情现状': ' 发作后1年内', '体检项目': '/', '项目结果': '/', '重疾险': '延期', '意外险': '延期', '护理': '延期', '防癌险': '延期', '医疗险': '延期', '备注': '如存在其他病因（例如糖尿病、高血压、免疫性疾病等全身性疾病），需在评点基础上增加病因相关评点'}"
视网膜血管变性,五官科.txt,"{'疾病名称': '视网膜血管变性', '诊断': ' 发作后1年以上', '病情现状': '视敏度6/12、20/40或更好', '体检项目': '视力检查', '项目结果': '', '重疾险': '标体', '意外险': '标体', '护理': '标体', '防癌险': '标体', '医疗险': '除外', '备注': '如存在其他病因（例如糖尿病、高血压、免疫性疾病等全身性疾病），需在评点基础上增加病因相关评点'}"
视网膜血管变性,五官科.txt,"{'疾病名称': '视网膜血管变性', '诊断': ' 发作后1年以上', '病情现状': '视敏度差于 6/12、20/40，或者存在视野异常', '体检项目': '视力检查', '项目结果': '', '重疾险': '除外', '意外险': '标体', '护理': '标体', '防癌险': '标体', '医疗险': '拒保', '备注': '如存在其他病因（例如糖尿病、高血压、免疫性疾病等全身性疾病），需在评点基础上增加病因相关评点'}"
视网膜出血,五官科.txt,"{'疾病名称': '视网膜出血', '诊断': '创伤性', '病情现状': '现症未愈', '体检项目': '/', '项目结果': '/', '重疾险': '延期', '意外险': '延期', '护理': '延期', '防癌险': '延期', '医疗险': '延期', '备注': '如存在其他病因（例如糖尿病、高血压、免疫性疾病等全身性疾病），需在评点基础上增加病因相关评点'}"
视网膜出血,五官科.txt,"{'疾病名称': '视网膜出血', '诊断': '创伤性', '病情现状': '既往病史', '体检项目': '/', '项目结果': '/', '重疾险': '标体', '意外险': '标体', '护理': '标体', '防癌险': '标体', '医疗险': '除外', '备注': '如存在其他病因（例如糖尿病、高血压、免疫性疾病等全身性疾病），需在评点基础上增加病因相关评点'}"
视网膜出血,五官科.txt,"{'疾病名称': '视网膜出血', '诊断': 'Eales 病', '病情现状': '现症未愈', '体检项目': '/', '项目结果': '/', '重疾险': '延期', '意外险': '延期', '护理': '延期', '防癌险': '延期', '医疗险': '拒保', '备注': '如存在其他病因（例如糖尿病、高血压、免疫性疾病等全身性疾病），需在评点基础上增加病因相关评点'}"
视网膜出血,五官科.txt,"{'疾病名称': '视网膜出血', '诊断': '视网膜静脉周围炎', '病情现状': '既往病史', '体检项目': '视力检查、眼底', '项目结果': '视敏度6/12、20/40或更好，且眼底无异常', '重疾险': '除外', '意外险': '标体', '护理': '标体', '防癌险': '标体', '医疗险': '拒保', '备注': '如存在其他病因（例如糖尿病、高血压、免疫性疾病等全身性疾病），需在评点基础上增加病因相关评点'}"
色素性视网膜炎,五官科.txt,"{'疾病名称': '色素性视网膜炎', '诊断': '色素性视网膜炎', '病情现状': '色素性视网膜炎', '体检项目': '/', '项目结果': '/', '重疾险': '除外', '意外险': '标体', '护理': '标体', '防癌险': '标体', '医疗险': '除外', '备注': '如存在其他病因（例如糖尿病、高血压、免疫性疾病等全身性疾病），需在评点基础上增加病因相关评点'}"
视网膜中央动脉血栓症,五官科.txt,"{'疾病名称': '视网膜中央动脉血栓症', '诊断': '存在潜在疾病', '病情现状': '存在潜在疾病', '体检项目': '/', '项目结果': '/', '重疾险': '除外+按病因评点', '意外险': '按病因评点', '护理': '按病因评点', '防癌险': '按病因评点', '医疗险': '拒保', '备注': '如存在其他病因（例如糖尿病、高血压、免疫性疾病等全身性疾病），需在评点基础上增加病因相关评点'}"
视网膜中央动脉血栓症,五官科.txt,"{'疾病名称': '视网膜中央动脉血栓症', '诊断': '未明确病因及潜在疾病', '病情现状': '未明确病因及潜在疾病', '体检项目': '/', '项目结果': '/', '重疾险': '延期', '意外险': '延期', '护理': '延期', '防癌险': '延期', '医疗险': '延期', '备注': '如存在其他病因（例如糖尿病、高血压、免疫性疾病等全身性疾病），需在评点基础上增加病因相关评点'}"
视网膜中央静脉血栓形成,五官科.txt,"{'疾病名称': '视网膜中央静脉血栓形成', '诊断': '存在潜在疾病', '病情现状': '存在潜在疾病', '体检项目': '/', '项目结果': '/', '重疾险': '按病因评点，并增加按以下视敏度的评点', '意外险': '按病因评点，并增加按以下视敏度的评点', '护理': '按病因评点，并增加按以下视敏度的评点', '防癌险': '按病因评点，并增加按以下视敏度的评点', '医疗险': '按病因评点，并增加按以下视敏度的评点', '备注': '如存在其他病因（例如糖尿病、高血压、免疫性疾病等全身性疾病），需在评点基础上增加病因相关评点'}"
视网膜中央静脉血栓形成,五官科.txt,"{'疾病名称': '视网膜中央静脉血栓形成', '诊断': '视敏度6/12、20/40或更好', '病情现状': '视敏度6/12、20/40或更好', '体检项目': '视力检查', '项目结果': '', '重疾险': '标体', '意外险': '标体', '护理': '标体', '防癌险': '标体', '医疗险': '除外', '备注': '如存在其他病因（例如糖尿病、高血压、免疫性疾病等全身性疾病），需在评点基础上增加病因相关评点'}"
视网膜中央静脉血栓形成,五官科.txt,"{'疾病名称': '视网膜中央静脉血栓形成', '诊断': '视敏度差于 6/12、20/40；或者存在视野异常', '病情现状': '视敏度差于 6/12、20/40；或者存在视野异常', '体检项目': '视力检查', '项目结果': '', '重疾险': '除外', '意外险': '标体', '护理': '标体', '防癌险': '标体', '医疗险': '拒保', '备注': '如存在其他病因（例如糖尿病、高血压、免疫性疾病等全身性疾病），需在评点基础上增加病因相关评点'}"
视网膜脱离,五官科.txt,"{'疾病名称': '视网膜脱离', '诊断': '原发性视网膜脱离  ', '病情现状': '未行手术治疗', '体检项目': '', '项目结果': '', '重疾险': '除外', '意外险': '除外', '护理': '除外', '防癌险': '标体', '医疗险': '延期', '备注': ''}"
视网膜脱离,五官科.txt,"{'疾病名称': '视网膜脱离', '诊断': '原发性视网膜脱离  ', '病情现状': '已行手术治疗', '体检项目': '视力检查、裂隙灯、眼底', '项目结果': '术后视力连续一年3次以上检查持续≥0.2', '重疾险': '除外', '意外险': '标体', '护理': '标体', '防癌险': '标体', '医疗险': '除外', '备注': ''}"
视网膜脱离,五官科.txt,"{'疾病名称': '视网膜脱离', '诊断': '原发性视网膜脱离  ', '病情现状': '已行手术治疗', '体检项目': '视力检查、裂隙灯、眼底', '项目结果': '否则', '重疾险': '除外', '意外险': '除外', '护理': '除外', '防癌险': '标体', '医疗险': '拒保', '备注': ''}"
视网膜脱离,五官科.txt,"{'疾病名称': '视网膜脱离', '诊断': '继发性视网膜脱离', '病情现状': '', '体检项目': '', '项目结果': '', '重疾险': '按病因评点', '意外险': '按病因评点', '护理': '按病因评点', '防癌险': '按病因评点', '医疗险': '拒保', '备注': ''}"
青光眼,五官科.txt,"{'疾病名称': '青光眼', '诊断': '原发性青光眼', '病情现状': '未手术（现症或治疗后）', '体检项目': '—', '项目结果': '—', '重疾险': '除外', '意外险': '除外', '护理': '除外', '防癌险': '标体', '医疗险': '除外', '备注': ''}"
青光眼,五官科.txt,"{'疾病名称': '青光眼', '诊断': '原发性青光眼', '病情现状': '术后', '体检项目': '视力、眼压、眼底、视野', '项目结果': '正常', '重疾险': '标体', '意外险': '标体', '护理': '标体', '防癌险': '标体', '医疗险': '除外', '备注': ''}"
青光眼,五官科.txt,"{'疾病名称': '青光眼', '诊断': '原发性青光眼', '病情现状': '术后', '体检项目': '视力、眼压、眼底、视野', '项目结果': '存在异常项', '重疾险': '除外', '意外险': '除外', '护理': '除外', '防癌险': '标体', '医疗险': '除外', '备注': ''}"
青光眼,五官科.txt,"{'疾病名称': '青光眼', '诊断': '继发性青光眼', '病情现状': '', '体检项目': '—', '项目结果': '—', '重疾险': '依据病因核保', '意外险': '依据病因核保', '护理': '依据病因核保', '防癌险': '依据病因核保', '医疗险': '依据病因核保', '备注': ''}"
白内障,五官科.txt,"{'疾病名称': '白内障', '诊断': '老年性/先天性白内障', '病情现状': '未进行手术治疗', '体检项目': '视力检查、病历', '项目结果': '双眼或单眼视力大于等于0.15', '重疾险': '除外', '意外险': '除外', '护理': '标体', '防癌险': '标体', '医疗险': '拒保', '备注': ''}"
白内障,五官科.txt,"{'疾病名称': '白内障', '诊断': '老年性/先天性白内障', '病情现状': '未进行手术治疗', '体检项目': '视力检查、病历', '项目结果': '双眼视力小于0.15', '重疾险': '延期', '意外险': '延期', '护理': '延期', '防癌险': '延期', '医疗险': '延期', '备注': ''}"
白内障,五官科.txt,"{'疾病名称': '白内障', '诊断': '老年性/先天性白内障', '病情现状': '进行手术治疗', '体检项目': '视力检查、病历', '项目结果': '双眼或单眼视力大于等于0.15', '重疾险': '除外', '意外险': '除外', '护理': '标体', '防癌险': '标体', '医疗险': '除外', '备注': ''}"
白内障,五官科.txt,"{'疾病名称': '白内障', '诊断': '老年性/先天性白内障', '病情现状': '进行手术治疗', '体检项目': '视力检查、病历', '项目结果': '0.01＜双眼视力＜0.15', '重疾险': '拒保', '意外险': '除外', '护理': '标体', '防癌险': '标体', '医疗险': '拒保', '备注': ''}"
白内障,五官科.txt,"{'疾病名称': '白内障', '诊断': '老年性/先天性白内障', '病情现状': '进行手术治疗', '体检项目': '视力检查、病历', '项目结果': '双眼视力＜0.01', '重疾险': '拒保', '意外险': '拒保', '护理': '拒保', '防癌险': '标体', '医疗险': '拒保', '备注': ''}"
白内障,五官科.txt,"{'疾病名称': '白内障', '诊断': '外伤性白内障', '病情现状': '眼球外伤', '体检项目': '视力检查、病历', '项目结果': '双眼或单眼视力大于等于0.15', '重疾险': '除外', '意外险': '除外', '护理': '标体', '防癌险': '标体', '医疗险': '除外', '备注': ''}"
白内障,五官科.txt,"{'疾病名称': '白内障', '诊断': '外伤性白内障', '病情现状': '眼球外伤', '体检项目': '视力检查、病历', '项目结果': '0.01＜双眼视力＜0.15', '重疾险': '拒保', '意外险': '除外', '护理': '标体', '防癌险': '标体', '医疗险': '拒保', '备注': ''}"
白内障,五官科.txt,"{'疾病名称': '白内障', '诊断': '外伤性白内障', '病情现状': '眼球外伤', '体检项目': '视力检查、病历', '项目结果': '双眼视力＜0.01', '重疾险': '拒保', '意外险': '拒保', '护理': '拒保', '防癌险': '标体', '医疗险': '拒保', '备注': ''}"
白内障,五官科.txt,"{'疾病名称': '白内障', '诊断': '外伤性白内障', '病情现状': '放射性伤害', '体检项目': '视力检查、病历', '项目结果': '视力正常', '重疾险': '除外', '意外险': '除外', '护理': '标体', '防癌险': '标体', '医疗险': '拒保', '备注': ''}"
白内障,五官科.txt,"{'疾病名称': '白内障', '诊断': '外伤性白内障', '病情现状': '放射性伤害', '体检项目': '视力检查、病历', '项目结果': '视力障碍', '重疾险': '延期', '意外险': '延期', '护理': '延期', '防癌险': '延期', '医疗险': '拒保', '备注': ''}"
白内障,五官科.txt,"{'疾病名称': '白内障', '诊断': '全身性疾病白内障（糖尿病、糖皮质激素应用）', '病情现状': '全身性疾病白内障（糖尿病、糖皮质激素应用）', '体检项目': '全身性疾病白内障（糖尿病、糖皮质激素应用）', '项目结果': '全身性疾病白内障（糖尿病、糖皮质激素应用）', '重疾险': '拒保', '意外险': '拒保', '护理': '拒保', '防癌险': '拒保', '医疗险': '拒保', '备注': ''}"
中耳炎,五官科.txt,"{'疾病名称': '中耳炎', '诊断': '急性中耳炎', '病情现状': '已痊愈', '体检项目': '—', '项目结果': '—', '重疾险': '标体', '意外险': '标体', '护理': '标体', '防癌险': '标体', '医疗险': '标体', '备注': ''}"
中耳炎,五官科.txt,"{'疾病名称': '中耳炎', '诊断': '急性中耳炎', '病情现状': '现症', '体检项目': '—', '项目结果': '—', '重疾险': '延期', '意外险': '标体', '护理': '标体', '防癌险': '标体', '医疗险': '延期', '备注': ''}"
中耳炎,五官科.txt,"{'疾病名称': '中耳炎', '诊断': '慢性中耳炎', '病情现状': '经手术治疗，完全恢复（无分泌物，无复发，无听力受损）', '体检项目': '提供医院听力学检查报告', '项目结果': '—', '重疾险': '标体', '意外险': '标体', '护理': '标体', '防癌险': '标体', '医疗险': '标体', '备注': ''}"
中耳炎,五官科.txt,"{'疾病名称': '中耳炎', '诊断': '慢性中耳炎', '病情现状': '现症未愈或复发，听力受损', '体检项目': '提供医院听力学检查报告', '项目结果': '—', '重疾险': '除外', '意外险': '除外', '护理': '标体', '防癌险': '标体', '医疗险': '除外', '备注': ''}"
耳鸣,五官科.txt,"{'疾病名称': '耳鸣', '诊断': '耳鸣', '病情现状': '历史仅发作过一次，距今超1年', '体检项目': '纯音测听，耳内窥镜检查', '项目结果': '双耳气传导听力均在36分贝以内', '重疾险': '标体', '意外险': '标体', '护理': '标体', '防癌险': '标体', '医疗险': '标体', '备注': '如听力在36分贝以上，参考“耳聋”评点'}"
耳鸣,五官科.txt,"{'疾病名称': '耳鸣', '诊断': '耳鸣', '病情现状': '曾发作不超过3次，最后一次发作距今超过1年', '体检项目': '纯音测听，耳内窥镜检查', '项目结果': '双耳气传导听力均在36分贝以内', '重疾险': '标体', '意外险': '除外', '护理': '标体', '防癌险': '标体', '医疗险': '除外', '备注': '如听力在36分贝以上，参考“耳聋”评点'}"
耳鸣,五官科.txt,"{'疾病名称': '耳鸣', '诊断': '耳鸣', '病情现状': '曾发作2-3次，听力检查、外耳检查、头颅CT排除其他病因，最后一次发作距今不足一年', '体检项目': '纯音测听，耳内窥镜检查', '项目结果': '双耳气传导听力均在36分贝以内', '重疾险': '标体', '意外险': '除外', '护理': '标体', '防癌险': '标体', '医疗险': '除外', '备注': '如听力在36分贝以上，参考“耳聋”评点'}"
耳鸣,五官科.txt,"{'疾病名称': '耳鸣', '诊断': '耳鸣', '病情现状': '反复发作，病因不明；或未行其他检查，最后一次发作距今不足一年；', '体检项目': '纯音测听，耳内窥镜检查；\n头颅CT平扫（CT需客户自费）、血压', '项目结果': '双耳气传导听力均在36分贝以内；\n耳内窥镜检查及头颅CT均未见异常；\n血压正常；', '重疾险': '标体', '意外险': '除外', '护理': '标体', '防癌险': '标体', '医疗险': '延期2年', '备注': '如听力在36分贝以上，参考“耳聋”评点'}"
耳鸣,五官科.txt,"{'疾病名称': '耳鸣', '诊断': '耳鸣', '病情现状': '反复发作，病因不明；', '体检项目': '纯音测听，耳内窥镜检查；\n头颅CT平扫（CT需客户自费）、血压', '项目结果': '无头颅CT结果', '重疾险': '延期至明确病因', '意外险': '延期至明确病因', '护理': '延期至明确病因', '防癌险': '延期至明确病因', '医疗险': '延期至明确病因', '备注': '如听力在36分贝以上，参考“耳聋”评点'}"
耳鸣,五官科.txt,"{'疾病名称': '耳鸣', '诊断': '前庭神经原炎', '病情现状': '有病史，但现已痊愈超过1年，近1年未复发', '体检项目': '纯音测听，耳内窥镜检查', '项目结果': '双耳气传导听力均在36分贝以内；', '重疾险': '标体', '意外险': '除外', '护理': '标体', '防癌险': '标体', '医疗险': '除外', '备注': '如听力在36分贝以上，参考“耳聋”评点'}"
耳鸣,五官科.txt,"{'疾病名称': '耳鸣', '诊断': '迷路炎', '病情现状': '康复不满一年', '体检项目': '纯音测听，耳内窥镜检查', '项目结果': '耳内窥镜检查未见异常；', '重疾险': '除外', '意外险': '除外', '护理': '标体', '防癌险': '标体', '医疗险': '延期1年', '备注': '如听力在36分贝以上，参考“耳聋”评点'}"
耳鸣,五官科.txt,"{'疾病名称': '耳鸣', '诊断': '中耳炎、鼓膜穿孔', '病情现状': '参考“中耳炎”', '体检项目': '参考“中耳炎”', '项目结果': '参考“中耳炎”', '重疾险': '参考“中耳炎”', '意外险': '参考“中耳炎”', '护理': '参考“中耳炎”', '防癌险': '参考“中耳炎”', '医疗险': '参考“中耳炎”', '备注': '如听力在36分贝以上，参考“耳聋”评点'}"
耳聋,五官科.txt,"{'疾病名称': '耳聋', '诊断': '传导性聋', '病情现状': '传导性聋', '体检项目': '/', '项目结果': '/', '重疾险': '除外', '意外险': '除外', '护理': '标体', '防癌险': '标体', '医疗险': '除外', '备注': '耳聋请参考残疾保额限制'}"
耳聋,五官科.txt,"{'疾病名称': '耳聋', '诊断': '感音神经性聋', '病情现状': '感音神经性聋', '体检项目': '/', '项目结果': '/', '重疾险': '除外', '意外险': '除外', '护理': '标体', '防癌险': '标体', '医疗险': '除外', '备注': '耳聋请参考残疾保额限制'}"
耳聋,五官科.txt,"{'疾病名称': '耳聋', '诊断': '混合性聋', '病情现状': '混合性聋', '体检项目': '/', '项目结果': '/', '重疾险': '除外', '意外险': '除外', '护理': '标体', '防癌险': '标体', '医疗险': '除外', '备注': '耳聋请参考残疾保额限制'}"
耳聋,五官科.txt,"{'疾病名称': '耳聋', '诊断': '中枢性聋', '病情现状': '中枢性聋', '体检项目': '/', '项目结果': '/', '重疾险': '按病因评点', '意外险': '按病因评点', '护理': '按病因评点', '防癌险': '按病因评点', '医疗险': '按病因评点', '备注': '耳聋请参考残疾保额限制'}"
耳聋,五官科.txt,"{'疾病名称': '耳聋', '诊断': '由疾病导致', '病情现状': '由疾病导致', '体检项目': '/', '项目结果': '/', '重疾险': '按病因评点', '意外险': '按病因评点', '护理': '按病因评点', '防癌险': '按病因评点', '医疗险': '按病因评点', '备注': '耳聋请参考残疾保额限制'}"
耳聋,五官科.txt,"{'疾病名称': '耳聋', '诊断': '突发耳聋', '病情现状': '现症诱因不明的', '体检项目': '/', '项目结果': '/', '重疾险': '延期', '意外险': '延期', '护理': '延期', '防癌险': '延期', '医疗险': '延期', '备注': '耳聋请参考残疾保额限制'}"
耳聋,五官科.txt,"{'疾病名称': '耳聋', '诊断': '突发耳聋', '病情现状': '已治愈', '体检项目': '临床物理检查、纯音测听', '项目结果': '结果正常', '重疾险': '标体', '意外险': '标体', '护理': '标体', '防癌险': '标体', '医疗险': '标体', '备注': '耳聋请参考残疾保额限制'}"
耳聋,五官科.txt,"{'疾病名称': '耳聋', '诊断': '由意外或先天性因素或未知原因导致', '病情现状': '单侧（耳聋或听力损失）', '体检项目': '临床物理检查、纯音测听', '项目结果': '结果异常', '重疾险': '除外', '意外险': '除外', '护理': '标体', '防癌险': '标体', '医疗险': '除外', '备注': '耳聋请参考残疾保额限制'}"
耳聋,五官科.txt,"{'疾病名称': '耳聋', '诊断': '由意外或先天性因素或未知原因导致', '病情现状': '双侧（耳聋或听力损失）', '体检项目': '临床物理检查、纯音测听', '项目结果': '结果异常', '重疾险': '除外', '意外险': '除外', '护理': '标体', '防癌险': '标体', '医疗险': '除外', '备注': '耳聋请参考残疾保额限制'}"
鼻炎,五官科.txt,"{'疾病名称': '鼻炎', '诊断': '鼻炎', '病情现状': '明确诊断鼻炎', '体检项目': '无', '项目结果': '无', '重疾险': '标体', '意外险': '标体', '护理': '标体', '防癌险': '标体', '医疗险': '除外', '备注': ''}"
鼻炎,五官科.txt,"{'疾病名称': '鼻炎', '诊断': '鼻炎', '病情现状': '存在哮喘', '体检项目': '无', '项目结果': '无', '重疾险': '按照哮喘评点', '意外险': '按照哮喘评点', '护理': '按照哮喘评点', '防癌险': '按照哮喘评点', '医疗险': '按照哮喘评点', '备注': ''}"
鼻息肉,五官科.txt,"{'疾病名称': '鼻息肉', '诊断': '鼻息肉 ', '病情现状': '现症未手术，未排除恶性可能', '体检项目': '现症未手术，未排除恶性可能', '项目结果': '——', '重疾险': '延期', '意外险': '标体', '护理': '标体', '防癌险': '延期', '医疗险': '延期', '备注': ''}"
鼻息肉,五官科.txt,"{'疾病名称': '鼻息肉', '诊断': '鼻息肉 ', '病情现状': '已手术', '体检项目': '病理良性', '项目结果': '——', '重疾险': '标体', '意外险': '标体', '护理': '标体', '防癌险': '标体', '医疗险': '除外', '备注': ''}"
鼻息肉,五官科.txt,"{'疾病名称': '鼻息肉', '诊断': '鼻息肉 ', '病情现状': '已手术', '体检项目': '病理恶性', '项目结果': '——', '重疾险': '拒保', '意外险': '拒保', '护理': '拒保', '防癌险': '拒保', '医疗险': '拒保', '备注': ''}"
鼻中隔偏曲,五官科.txt,"{'疾病名称': '鼻中隔偏曲', '诊断': '鼻中隔偏曲', '病情现状': '现症或手术后', '体检项目': '——', '项目结果': '——', '重疾险': '标体', '意外险': '标体', '护理': '标体', '防癌险': '标体', '医疗险': '除外', '备注': ''}"
鼻中隔偏曲,五官科.txt,"{'疾病名称': '鼻中隔偏曲', '诊断': '鼻中隔偏曲', '病情现状': '如存在其他病因，则按“相应病因”评点', '体检项目': '如存在其他病因，则按“相应病因”评点', '项目结果': '如存在其他病因，则按“相应病因”评点', '重疾险': '如存在其他病因，则按“相应病因”评点', '意外险': '如存在其他病因，则按“相应病因”评点', '护理': '如存在其他病因，则按“相应病因”评点', '防癌险': '如存在其他病因，则按“相应病因”评点', '医疗险': '如存在其他病因，则按“相应病因”评点', '备注': ''}"
声带息肉,五官科.txt,"{'疾病名称': '声带息肉', '诊断': '声带息肉', '病情现状': '未切除', '体检项目': '喉镜', '项目结果': '声带息肉', '重疾险': '除外', '意外险': '标体', '护理': '标体', '防癌险': '除外', '医疗险': '除外', '备注': ''}"
声带息肉,五官科.txt,"{'疾病名称': '声带息肉', '诊断': '声带息肉', '病情现状': '已切除', '体检项目': '喉镜', '项目结果': '声带息肉', '重疾险': '标体', '意外险': '标体', '护理': '标体', '防癌险': '标体', '医疗险': '标体', '备注': ''}"
腺样体肥大,五官科.txt,"{'疾病名称': '腺样体肥大', '诊断': '腺样体肥大', '病情现状': '轻度（日间嗜睡，偶尔打盹', '体检项目': '无', '项目结果': '无', '重疾险': '标体', '意外险': '标体', '护理': '标体', '防癌险': '标体', '医疗险': '延期', '备注': ''}"
腺样体肥大,五官科.txt,"{'疾病名称': '腺样体肥大', '诊断': '腺样体肥大', '病情现状': '中度', '体检项目': '无', '项目结果': '无', '重疾险': '标体', '意外险': '标体', '护理': '标体', '防癌险': '标体', '医疗险': '延期', '备注': ''}"
腺样体肥大,五官科.txt,"{'疾病名称': '腺样体肥大', '诊断': '腺样体肥大', '病情现状': '重度（导致阻塞性睡眠呼吸暂停低通气综合征）', '体检项目': '无', '项目结果': '无', '重疾险': '延期', '意外险': '标体', '护理': '标体', '防癌险': '标体', '医疗险': '延期', '备注': ''}"
腺样体肥大,五官科.txt,"{'疾病名称': '腺样体肥大', '诊断': '腺样体肥大', '病情现状': '已手术切除', '体检项目': '无', '项目结果': '无', '重疾险': '标体', '意外险': '标体', '护理': '标体', '防癌险': '标体', '医疗险': '标体', '备注': ''}"
扁桃体炎,五官科.txt,"{'疾病名称': '扁桃体炎', '诊断': '急性扁桃体炎', '病情现状': '急性扁桃体炎现症', '体检项目': '/', '项目结果': '/', '重疾险': '标体', '意外险': '标体', '护理': '标体', '防癌险': '标体', '医疗险': '延期至治愈后', '备注': '治疗效果差，有惊厥抽搐等严重并发症者，考虑延期'}"
扁桃体炎,五官科.txt,"{'疾病名称': '扁桃体炎', '诊断': '急性扁桃体炎', '病情现状': '急性扁桃体炎既往症，已治愈', '体检项目': '/', '项目结果': '/', '重疾险': '标体', '意外险': '标体', '护理': '标体', '防癌险': '标体', '医疗险': '标体', '备注': '治疗效果差，有惊厥抽搐等严重并发症者，考虑延期'}"
扁桃体炎,五官科.txt,"{'疾病名称': '扁桃体炎', '诊断': '急性扁桃体炎', '病情现状': '急性扁桃体炎既往症，转为慢性', '体检项目': '/', '项目结果': '/', '重疾险': '参照“慢性扁桃体炎”评点', '意外险': '参照“慢性扁桃体炎”评点', '护理': '参照“慢性扁桃体炎”评点', '防癌险': '参照“慢性扁桃体炎”评点', '医疗险': '参照“慢性扁桃体炎”评点', '备注': '治疗效果差，有惊厥抽搐等严重并发症者，考虑延期'}"
扁桃体炎,五官科.txt,"{'疾病名称': '扁桃体炎', '诊断': '慢性扁桃体炎', '病情现状': '慢性扁桃体炎，急性发作期', '体检项目': '/', '项目结果': '/', '重疾险': '参照“急性扁桃体炎现症”评点', '意外险': '参照“急性扁桃体炎现症”评点', '护理': '参照“急性扁桃体炎现症”评点', '防癌险': '参照“急性扁桃体炎现症”评点', '医疗险': '参照“急性扁桃体炎现症”评点', '备注': '治疗效果差，有惊厥抽搐等严重并发症者，考虑延期'}"
扁桃体炎,五官科.txt,"{'疾病名称': '扁桃体炎', '诊断': '慢性扁桃体炎', '病情现状': '慢性扁桃体炎，未急性发作，无已知后遗症', '体检项目': '/', '项目结果': '/', '重疾险': '标体', '意外险': '标体', '护理': '标体', '防癌险': '标体', '医疗险': '除外责任', '备注': '治疗效果差，有惊厥抽搐等严重并发症者，考虑延期'}"
扁桃体炎,五官科.txt,"{'疾病名称': '扁桃体炎', '诊断': '慢性扁桃体炎', '病情现状': '扁桃体肿大，合并阻塞性睡眠呼吸暂停低通气情形', '体检项目': '参照睡眠呼吸暂停评点', '项目结果': '参照睡眠呼吸暂停评点', '重疾险': '参照睡眠呼吸暂停评点', '意外险': '参照睡眠呼吸暂停评点', '护理': '参照睡眠呼吸暂停评点', '防癌险': '参照睡眠呼吸暂停评点', '医疗险': '参照睡眠呼吸暂停评点', '备注': '治疗效果差，有惊厥抽搐等严重并发症者，考虑延期'}"
咽喉炎,五官科.txt,"{'疾病名称': '咽喉炎', '诊断': '急性咽喉炎', '病情现状': '现症', '体检项目': '——', '项目结果': '——', '重疾险': '标体', '意外险': '标体', '护理': '标体', '防癌险': '标体', '医疗险': '除外', '备注': ''}"
咽喉炎,五官科.txt,"{'疾病名称': '咽喉炎', '诊断': '急性咽喉炎', '病情现状': '已治愈', '体检项目': '——', '项目结果': '——', '重疾险': '标体', '意外险': '标体', '护理': '标体', '防癌险': '标体', '医疗险': '标体', '备注': ''}"
咽喉炎,五官科.txt,"{'疾病名称': '咽喉炎', '诊断': '慢性咽喉炎', '病情现状': '现症/已治愈', '体检项目': '——', '项目结果': '——', '重疾险': '标体', '意外险': '标体', '护理': '标体', '防癌险': '标体', '医疗险': '除外', '备注': ''}"
腮腺癌,五官科.txt,"{'疾病名称': '腮腺癌', '诊断': '腺泡细胞癌、腺癌、腺样囊性癌 、表皮样癌、粘液表皮样癌、鳞状细胞癌等', '病情现状': '腺泡细胞癌、腺癌、腺样囊性癌 、表皮样癌、粘液表皮样癌、鳞状细胞癌等', '体检项目': '/', '项目结果': '/', '重疾险': '拒保', '意外险': '拒保', '护理': '拒保', '防癌险': '拒保', '医疗险': '拒保', '备注': ''}"
腮腺良性肿瘤,五官科.txt,"{'疾病名称': '腮腺良性肿瘤', '诊断': '包括多形性腺瘤 [良性混合瘤]、乳头状淋巴囊腺瘤 [Warthin 瘤]、嗜酸细胞瘤等', '病情现状': '良性肿瘤已切除', '体检项目': '/', '项目结果': '/', '重疾险': '标体', '意外险': '标体', '护理': '标体', '防癌险': '标体', '医疗险': '标体', '备注': ''}"
腮腺良性肿瘤,五官科.txt,"{'疾病名称': '腮腺良性肿瘤', '诊断': '包括多形性腺瘤 [良性混合瘤]、乳头状淋巴囊腺瘤 [Warthin 瘤]、嗜酸细胞瘤等', '病情现状': '未手术切除', '体检项目': '延期至手术后明确病理', '项目结果': '延期至手术后明确病理', '重疾险': '延期至手术后明确病理', '意外险': '延期至手术后明确病理', '护理': '延期至手术后明确病理', '防癌险': '延期至手术后明确病理', '医疗险': '延期至手术后明确病理', '备注': ''}"
近视眼手术,五官科.txt,"{'疾病名称': '近视眼手术', '诊断': '全飞秒方式', '病情现状': '手术3个月以内', '体检项目': '裸视或矫正视力', '项目结果': '', '重疾险': '延期', '意外险': '延期', '护理': '标体', '防癌险': '标体', '医疗险': '延期', '备注': '如有眼底出血、视网膜脱落等眼部病史，需加重评估'}"
近视眼手术,五官科.txt,"{'疾病名称': '近视眼手术', '诊断': '全飞秒方式', '病情现状': '手术3个月以上', '体检项目': '裸视或矫正视力', '项目结果': '双眼裸视或矫正视力正常（≥0.2）', '重疾险': '标体', '意外险': '标体', '护理': '标体', '防癌险': '标体', '医疗险': '标体', '备注': '如有眼底出血、视网膜脱落等眼部病史，需加重评估'}"
近视眼手术,五官科.txt,"{'疾病名称': '近视眼手术', '诊断': '全飞秒方式', '病情现状': '手术3个月以上', '体检项目': '裸视或矫正视力', '项目结果': '单眼视力异常', '重疾险': '除外', '意外险': '除外', '护理': '标体', '防癌险': '标体', '医疗险': '除外', '备注': '如有眼底出血、视网膜脱落等眼部病史，需加重评估'}"
近视眼手术,五官科.txt,"{'疾病名称': '近视眼手术', '诊断': '全飞秒方式', '病情现状': '手术3个月以上', '体检项目': '裸视或矫正视力', '项目结果': '双眼视力异常', '重疾险': '拒保', '意外险': '拒保', '护理': '标体', '防癌险': '标体', '医疗险': '拒保', '备注': '如有眼底出血、视网膜脱落等眼部病史，需加重评估'}"
近视眼手术,五官科.txt,"{'疾病名称': '近视眼手术', '诊断': '晶体植入方式', '病情现状': '手术3个月以内', '体检项目': '裸视或矫正视力', '项目结果': '', '重疾险': '延期', '意外险': '延期', '护理': '标体', '防癌险': '标体', '医疗险': '延期', '备注': '如有眼底出血、视网膜脱落等眼部病史，需加重评估'}"
近视眼手术,五官科.txt,"{'疾病名称': '近视眼手术', '诊断': '晶体植入方式', '病情现状': '手术3个月以上', '体检项目': '裸视或矫正视力', '项目结果': '双眼裸视或矫正视力正常（≥0.2）', '重疾险': '除外', '意外险': '标体', '护理': '标体', '防癌险': '标体', '医疗险': '除外', '备注': '如有眼底出血、视网膜脱落等眼部病史，需加重评估'}"
近视眼手术,五官科.txt,"{'疾病名称': '近视眼手术', '诊断': '晶体植入方式', '病情现状': '手术3个月以上', '体检项目': '裸视或矫正视力', '项目结果': '单眼视力异常', '重疾险': '除外', '意外险': '标体', '护理': '标体', '防癌险': '标体', '医疗险': '除外', '备注': '如有眼底出血、视网膜脱落等眼部病史，需加重评估'}"
近视眼手术,五官科.txt,"{'疾病名称': '近视眼手术', '诊断': '晶体植入方式', '病情现状': '手术3个月以上', '体检项目': '裸视或矫正视力', '项目结果': '双眼视力异常', '重疾险': '拒保', '意外险': '拒保', '护理': '标体', '防癌险': '标体', '医疗险': '拒保', '备注': '如有眼底出血、视网膜脱落等眼部病史，需加重评估'}"
乳腺假体植入,五官科.txt,"{'疾病名称': '乳腺假体植入', '诊断': '存在原发疾病，如乳腺癌手术导致', '病情现状': '存在原发疾病，如乳腺癌手术导致', '体检项目': '存在原发疾病，如乳腺癌手术导致', '项目结果': '存在原发疾病，如乳腺癌手术导致', '重疾险': '依据原发疾病评估', '意外险': '依据原发疾病评估', '护理': '依据原发疾病评估', '防癌险': '依据原发疾病评估', '医疗险': '依据原发疾病评估', '备注': ''}"
乳腺假体植入,五官科.txt,"{'疾病名称': '乳腺假体植入', '诊断': '正规渠道医美', '病情现状': '手术6个月以内', '体检项目': '病历（如有）、乳腺超声', '项目结果': '', '重疾险': '延期', '意外险': '延期', '护理': '标体', '防癌险': '标体', '医疗险': '延期', '备注': ''}"
乳腺假体植入,五官科.txt,"{'疾病名称': '乳腺假体植入', '诊断': '正规渠道医美', '病情现状': '手术6个月以上', '体检项目': '病历（如有）、乳腺超声', '项目结果': '乳腺超声正常', '重疾险': '标体', '意外险': '标体', '护理': '标体', '防癌险': '标体', '医疗险': '除外', '备注': ''}"
乳腺假体植入,五官科.txt,"{'疾病名称': '乳腺假体植入', '诊断': '正规渠道医美', '病情现状': '手术6个月以上', '体检项目': '病历（如有）、乳腺超声', '项目结果': '乳腺超声异常', '重疾险': '参考乳腺：乳腺结节、囊肿、占位、异常回声、乳腺炎、脓肿、乳腺增生', '意外险': '参考乳腺：乳腺结节、囊肿、占位、异常回声、乳腺炎、脓肿、乳腺增生', '护理': '参考乳腺：乳腺结节、囊肿、占位、异常回声、乳腺炎、脓肿、乳腺增生', '防癌险': '参考乳腺：乳腺结节、囊肿、占位、异常回声、乳腺炎、脓肿、乳腺增生', '医疗险': '参考乳腺：乳腺结节、囊肿、占位、异常回声、乳腺炎、脓肿、乳腺增生', '备注': ''}"
鼻部假体植入,五官科.txt,"{'疾病名称': '鼻部假体植入', '诊断': '存在原发疾病，如癌症手术后整形等', '病情现状': '存在原发疾病，如癌症手术后整形等', '体检项目': '存在原发疾病，如癌症手术后整形等', '项目结果': '存在原发疾病，如癌症手术后整形等', '重疾险': '依据原发疾病评估', '意外险': '依据原发疾病评估', '护理': '依据原发疾病评估', '防癌险': '依据原发疾病评估', '医疗险': '依据原发疾病评估', '备注': ''}"
鼻部假体植入,五官科.txt,"{'疾病名称': '鼻部假体植入', '诊断': '正规渠道医美', '病情现状': '手术6个月以内', '体检项目': '病历（如有）、影像学检查（如有）', '项目结果': '', '重疾险': '延期', '意外险': '延期', '护理': '标体', '防癌险': '标体', '医疗险': '延期', '备注': ''}"
鼻部假体植入,五官科.txt,"{'疾病名称': '鼻部假体植入', '诊断': '正规渠道医美', '病情现状': '手术6个月以上', '体检项目': '病历（如有）、影像学检查（如有）', '项目结果': '', '重疾险': '标体', '意外险': '标体', '护理': '标体', '防癌险': '标体', '医疗险': '除外', '备注': ''}"
视神经炎,五官科.txt,"{'疾病名称': '视神经炎', '诊断': '没有全面检查', '病情现状': '', '体检项目': '', '项目结果': '', '重疾险': '延期', '意外险': '延期', '护理': '延期', '防癌险': '延期', '医疗险': '延期', '备注': ''}"
视神经炎,五官科.txt,"{'疾病名称': '视神经炎', '诊断': '有全面检查，已确诊，已明确潜在病因', '病情现状': '', '体检项目': '', '项目结果': '', '重疾险': '按病因审核', '意外险': '按病因审核', '护理': '按病因审核', '防癌险': '按病因审核', '医疗险': '按病因审核', '备注': ''}"
视神经炎,五官科.txt,"{'疾病名称': '视神经炎', '诊断': '有全面检查，病因尚不明确', '病情现状': '多次发作', '体检项目': '', '项目结果': '', '重疾险': '依据多发性硬化症审核', '意外险': '依据多发性硬化症审核', '护理': '依据多发性硬化症审核', '防癌险': '依据多发性硬化症审核', '医疗险': '依据多发性硬化症审核', '备注': ''}"
视神经炎,五官科.txt,"{'疾病名称': '视神经炎', '诊断': '有全面检查，病因尚不明确', '病情现状': '仅一次发作', '体检项目': '脑部MRI 检查呈阴性（无病变），检查时无神经系统异常，无其他既往神经系统症状，无多发性硬化症家族史', '项目结果': '脑部MRI 检查呈阴性（无病变），检查时无神经系统异常，无其他既往神经系统症状，无多发性硬化症家族史', '重疾险': '除外', '意外险': '标体', '护理': '标体', '防癌险': '标体', '医疗险': '除外', '备注': ''}"
系统性红斑狼疮,风湿免疫内分泌.txt,"{'疾病名称': '系统性红斑狼疮', '诊断': '现症未愈', '病情现状': '无并发症', '体检项目': '血常规、尿常规、肝功、肾功、免疫球蛋白、血沉、抗核抗体、抗双链DNA、抗Sm抗体、血红斑狼疮细胞(LE)检查', '项目结果': '个别项目因体检机构无法检查，建议客户医院检查。', '重疾险': '拒保', '护理险': '标体', '医疗险': '拒保', '意外险': '标体', '防癌险': '标体', '备注': ''}"
系统性红斑狼疮,风湿免疫内分泌.txt,"{'疾病名称': '系统性红斑狼疮', '诊断': '现症未愈', '病情现状': '肾脏活检确认狼疮性肾炎', '体检项目': '血常规、尿常规、肝功、肾功、免疫球蛋白、血沉、抗核抗体、抗双链DNA、抗Sm抗体、血红斑狼疮细胞(LE)检查', '项目结果': '个别项目因体检机构无法检查，建议客户医院检查。', '重疾险': '拒保', '护理险': '拒保', '医疗险': '拒保', '意外险': '标体', '防癌险': '延期', '备注': ''}"
系统性红斑狼疮,风湿免疫内分泌.txt,"{'疾病名称': '系统性红斑狼疮', '诊断': '现症未愈', '病情现状': '累及大脑', '体检项目': '血常规、尿常规、肝功、肾功、免疫球蛋白、血沉、抗核抗体、抗双链DNA、抗Sm抗体、血红斑狼疮细胞(LE)检查', '项目结果': '个别项目因体检机构无法检查，建议客户医院检查。', '重疾险': '拒保', '护理险': '拒保', '医疗险': '拒保', '意外险': '拒保', '防癌险': '延期', '备注': ''}"
系统性红斑狼疮,风湿免疫内分泌.txt,"{'疾病名称': '系统性红斑狼疮', '诊断': '既往病史，目前无治疗无症状。', '病情现状': '既往病史，目前无治疗无症状。', '体检项目': '血常规、尿常规、肝功、肾功、免疫球蛋白、血沉、抗核抗体、抗双链DNA、抗Sm抗体、血红斑狼疮细胞(LE)检查', '项目结果': '个别项目因体检机构无法检查，建议客户医院检查。', '重疾险': '拒保', '护理险': '标体', '医疗险': '拒保', '意外险': '标体', '防癌险': '标体', '备注': ''}"
类风湿性关节炎,风湿免疫内分泌.txt,"{'疾病名称': '类风湿性关节炎', '诊断': '成年人', '病情现状': '无关节外表现', '体检项目': 'RF（类风湿因子）、ESR（血沉）、CRP（C反应蛋白）、或可增加关节X线、普检', '项目结果': 'RF阴性，ESR≦30mm/hr或者CRP正常，未连续治疗，能进行全部ADL', '重疾险': '拒保', '护理险': '标体', '医疗险': '拒保', '意外险': '标体', '防癌险': '标体', '备注': ''}"
类风湿性关节炎,风湿免疫内分泌.txt,"{'疾病名称': '类风湿性关节炎', '诊断': '成年人', '病情现状': '有关节外表现', '体检项目': '只有类风湿结节或眼部症状', '项目结果': '只有类风湿结节或眼部症状', '重疾险': '拒保', '护理险': '标体', '医疗险': '拒保', '意外险': '延期', '防癌险': '标体', '备注': ''}"
类风湿性关节炎,风湿免疫内分泌.txt,"{'疾病名称': '类风湿性关节炎', '诊断': '成年人', '病情现状': '有关节外表现', '体检项目': '有血管炎、间质性肺炎或其他关节外表现', '项目结果': '有血管炎、间质性肺炎或其他关节外表现', '重疾险': '拒保', '护理险': '拒保', '医疗险': '拒保', '意外险': '拒保', '防癌险': '拒保', '备注': ''}"
类风湿性关节炎,风湿免疫内分泌.txt,"{'疾病名称': '类风湿性关节炎', '诊断': '成年人', '病情现状': '其他影响因素', '体检项目': '采用皮质类固醇进行治疗\n采用其他药物治疗：金盐、甲氨蝶呤等\n病情快速进展、高度失能\n有相关性寰枢椎半脱位\n接受过关节手术等', '项目结果': '采用皮质类固醇进行治疗\n采用其他药物治疗：金盐、甲氨蝶呤等\n病情快速进展、高度失能\n有相关性寰枢椎半脱位\n接受过关节手术等', '重疾险': '拒保', '护理险': '拒保', '医疗险': '拒保', '意外险': '拒保', '防癌险': '拒保', '备注': ''}"
类风湿性关节炎,风湿免疫内分泌.txt,"{'疾病名称': '类风湿性关节炎', '诊断': '未成年人', '病情现状': '血清阳性多关节炎或银屑病性关节炎', '体检项目': '血清阳性多关节炎或银屑病性关节炎', '项目结果': '血清阳性多关节炎或银屑病性关节炎', '重疾险': '拒保', '护理险': '标体', '医疗险': '拒保', '意外险': '标体', '防癌险': '标体', '备注': ''}"
类风湿性关节炎,风湿免疫内分泌.txt,"{'疾病名称': '类风湿性关节炎', '诊断': '未成年人', '病情现状': '血清阴性（无关节外表现）', '体检项目': 'RF（类风湿因子）、关节X线（建议按病历）', '项目结果': '无关节畸形', '重疾险': '拒保', '护理险': '标体', '医疗险': '拒保', '意外险': '标体', '防癌险': '标体', '备注': ''}"
类风湿性关节炎,风湿免疫内分泌.txt,"{'疾病名称': '类风湿性关节炎', '诊断': '未成年人', '病情现状': '血清阴性（无关节外表现）', '体检项目': 'RF（类风湿因子）、关节X线（建议按病历）', '项目结果': '关节畸形', '重疾险': '拒保', '护理险': '标体', '医疗险': '拒保', '意外险': '延期', '防癌险': '标体', '备注': ''}"
类风湿性关节炎,风湿免疫内分泌.txt,"{'疾病名称': '类风湿性关节炎', '诊断': '未成年人', '病情现状': '关节外表现', '体检项目': 'RF（类风湿因子）、关节X线（建议按病历）', '项目结果': '', '重疾险': '拒保', '护理险': '拒保', '医疗险': '拒保', '意外险': '拒保', '防癌险': '拒保', '备注': ''}"
风湿热,风湿免疫内分泌.txt,"{'疾病名称': '风湿热', '诊断': '风湿热（成年人）', '病情现状': '有杂音或心脏病变', '体检项目': '物理体检（心脏听诊）、平静心电图、心脏超声、24小时动态心电图', '项目结果': '听诊杂音参考病情现状，其余检查正常', '重疾险': '拒保', '护理险': '拒保', '医疗险': '拒保', '意外险': '拒保', '防癌险': '标体', '备注': ''}"
风湿热,风湿免疫内分泌.txt,"{'疾病名称': '风湿热', '诊断': '风湿热（成年人）', '病情现状': '无杂音及心脏病变，仅发作一次，痊愈时间＜1年', '体检项目': '物理体检（心脏听诊）、平静心电图、心脏超声、24小时动态心电图', '项目结果': '听诊杂音参考病情现状，其余检查正常', '重疾险': '延期', '护理险': '延期', '医疗险': '延期', '意外险': '延期', '防癌险': '标体', '备注': ''}"
风湿热,风湿免疫内分泌.txt,"{'疾病名称': '风湿热', '诊断': '风湿热（成年人）', '病情现状': '无杂音及心脏病变，仅发作一次，1年＜痊愈时间＜2年', '体检项目': '物理体检（心脏听诊）、平静心电图、心脏超声、24小时动态心电图', '项目结果': '听诊杂音参考病情现状，其余检查正常', '重疾险': '标体', '护理险': '标体', '医疗险': '延期', '意外险': '标体', '防癌险': '标体', '备注': ''}"
风湿热,风湿免疫内分泌.txt,"{'疾病名称': '风湿热', '诊断': '风湿热（成年人）', '病情现状': '无杂音及心脏病变，仅发作一次，2年＜痊愈时间', '体检项目': '物理体检（心脏听诊）、平静心电图、心脏超声、24小时动态心电图', '项目结果': '听诊杂音参考病情现状，其余检查正常', '重疾险': '标体', '护理险': '标体', '医疗险': '标体', '意外险': '标体', '防癌险': '标体', '备注': ''}"
风湿热,风湿免疫内分泌.txt,"{'疾病名称': '风湿热', '诊断': '风湿热（成年人）', '病情现状': '无杂音及心脏病变，多次发作，痊愈时间＜2年', '体检项目': '物理体检（心脏听诊）、平静心电图、心脏超声、24小时动态心电图', '项目结果': '听诊杂音参考病情现状，其余检查正常', '重疾险': '延期', '护理险': '延期', '医疗险': '延期', '意外险': '延期', '防癌险': '标体', '备注': ''}"
风湿热,风湿免疫内分泌.txt,"{'疾病名称': '风湿热', '诊断': '风湿热（成年人）', '病情现状': '无杂音及心脏病变，多次发作，2年＜痊愈时间＜3年', '体检项目': '物理体检（心脏听诊）、平静心电图、心脏超声、24小时动态心电图', '项目结果': '听诊杂音参考病情现状，其余检查正常', '重疾险': '延期', '护理险': '标体', '医疗险': '延期', '意外险': '标体', '防癌险': '标体', '备注': ''}"
风湿热,风湿免疫内分泌.txt,"{'疾病名称': '风湿热', '诊断': '风湿热（成年人）', '病情现状': '无杂音及心脏病变，多次发作，3年＜痊愈时间', '体检项目': '物理体检（心脏听诊）、平静心电图、心脏超声、24小时动态心电图', '项目结果': '听诊杂音参考病情现状，其余检查正常', '重疾险': '标体', '护理险': '标体', '医疗险': '标体', '意外险': '标体', '防癌险': '标体', '备注': ''}"
风湿热,风湿免疫内分泌.txt,"{'疾病名称': '风湿热', '诊断': '风湿热（未成年人）', '病情现状': '≤5岁', '体检项目': '物理体检（心脏听诊）、平静心电图、心脏超声、24小时动态心电图', '项目结果': '听诊杂音参考病情现状，其余检查正常', '重疾险': '延期', '护理险': '延期', '医疗险': '延期', '意外险': '延期', '防癌险': '标体', '备注': ''}"
风湿热,风湿免疫内分泌.txt,"{'疾病名称': '风湿热', '诊断': '风湿热（未成年人）', '病情现状': '＞5岁，有杂音或心脏病变', '体检项目': '物理体检（心脏听诊）、平静心电图、心脏超声、24小时动态心电图', '项目结果': '听诊杂音参考病情现状，其余检查正常', '重疾险': '拒保', '护理险': '拒保', '医疗险': '拒保', '意外险': '拒保', '防癌险': '标体', '备注': ''}"
风湿热,风湿免疫内分泌.txt,"{'疾病名称': '风湿热', '诊断': '风湿热（未成年人）', '病情现状': '＞5岁，无杂音或心脏病变，仅发作一次，痊愈时间＜1年', '体检项目': '物理体检（心脏听诊）、平静心电图、心脏超声、24小时动态心电图', '项目结果': '听诊杂音参考病情现状，其余检查正常', '重疾险': '延期', '护理险': '延期', '医疗险': '延期', '意外险': '延期', '防癌险': '标体', '备注': ''}"
风湿热,风湿免疫内分泌.txt,"{'疾病名称': '风湿热', '诊断': '风湿热（未成年人）', '病情现状': '＞5岁，无杂音或心脏病变，仅发作一次，1年＜痊愈时间＜2年', '体检项目': '物理体检（心脏听诊）、平静心电图、心脏超声、24小时动态心电图', '项目结果': '听诊杂音参考病情现状，其余检查正常', '重疾险': '延期', '护理险': '标体', '医疗险': '延期', '意外险': '标体', '防癌险': '标体', '备注': ''}"
风湿热,风湿免疫内分泌.txt,"{'疾病名称': '风湿热', '诊断': '风湿热（未成年人）', '病情现状': '＞5岁，无杂音或心脏病变，仅发作一次，2年＜痊愈时间', '体检项目': '物理体检（心脏听诊）、平静心电图、心脏超声、24小时动态心电图', '项目结果': '听诊杂音参考病情现状，其余检查正常', '重疾险': '标体', '护理险': '标体', '医疗险': '标体', '意外险': '标体', '防癌险': '标体', '备注': ''}"
风湿热,风湿免疫内分泌.txt,"{'疾病名称': '风湿热', '诊断': '风湿热（未成年人）', '病情现状': '＞5岁，无杂音或心脏病变，多次发作', '体检项目': '物理体检（心脏听诊）、平静心电图、心脏超声、24小时动态心电图', '项目结果': '听诊杂音参考病情现状，其余检查正常', '重疾险': '延期', '护理险': '延期', '医疗险': '延期', '意外险': '延期', '防癌险': '标体', '备注': ''}"
结节病,风湿免疫内分泌.txt,"{'疾病名称': '结节病', '诊断': '急性结节病（Lofgren综合征）', '病情现状': '急性结节病（Lofgren综合征）', '体检项目': '客户提供病历资料', '项目结果': '现症未痊愈', '重疾险': '延期', '护理险': '标体', '医疗险': '拒保', '意外险': '标体', '防癌险': '标体', '备注': 'Lofgren综合征是发生于肉瘤样病变患者中的一种良性的、自限性的急性关节病。其典型表现包括：肺门淋巴结病；结节状红斑；对性、游走性的多关节炎，好发于踝关节（红斑）、膝、腕、手。症状通常在2-3月内缓解。'}"
结节病,风湿免疫内分泌.txt,"{'疾病名称': '结节病', '诊断': '急性结节病（Lofgren综合征）', '病情现状': '急性结节病（Lofgren综合征）', '体检项目': '客户提供病历资料', '项目结果': '既往症，已痊愈', '重疾险': '标体', '护理险': '标体', '医疗险': '拒保', '意外险': '标体', '防癌险': '标体', '备注': 'Lofgren综合征是发生于肉瘤样病变患者中的一种良性的、自限性的急性关节病。其典型表现包括：肺门淋巴结病；结节状红斑；对性、游走性的多关节炎，好发于踝关节（红斑）、膝、腕、手。症状通常在2-3月内缓解。'}"
结节病,风湿免疫内分泌.txt,"{'疾病名称': '结节病', '诊断': '0期（胸腔外疾病，无异常胸部X线或CT表现）', '病情现状': '0期（胸腔外疾病，无异常胸部X线或CT表现）', '体检项目': '客户提供病历资料', '项目结果': '累及眼、皮肤、关节、肝脏（非进行性肝病）、高钙血症（已痊愈）', '重疾险': '标体', '护理险': '标体', '医疗险': '拒保', '意外险': '标体', '防癌险': '标体', '备注': '如累计关节症状较重，可适当加重评点，重点关注意外医疗风险。'}"
结节病,风湿免疫内分泌.txt,"{'疾病名称': '结节病', '诊断': '0期（胸腔外疾病，无异常胸部X线或CT表现）', '病情现状': '0期（胸腔外疾病，无异常胸部X线或CT表现）', '体检项目': '客户提供病历资料', '项目结果': '累及肾、中枢神经系统、心脏发生的或累及 3 个及以上器官的进行性疾病', '重疾险': '拒保', '护理险': '拒保', '医疗险': '拒保', '意外险': '拒保', '防癌险': '拒保', '备注': '如累计关节症状较重，可适当加重评点，重点关注意外医疗风险。'}"
结节病,风湿免疫内分泌.txt,"{'疾病名称': '结节病', '诊断': '0期（胸腔外疾病，无异常胸部X线或CT表现）', '病情现状': '0期（胸腔外疾病，无异常胸部X线或CT表现）', '体检项目': '客户提供病历资料', '项目结果': '进行性肝病', '重疾险': '拒保', '护理险': '拒保', '医疗险': '拒保', '意外险': '标体', '防癌险': '拒保', '备注': '如累计关节症状较重，可适当加重评点，重点关注意外医疗风险。'}"
结节病,风湿免疫内分泌.txt,"{'疾病名称': '结节病', '诊断': '0期（胸腔外疾病，无异常胸部X线或CT表现）', '病情现状': '0期（胸腔外疾病，无异常胸部X线或CT表现）', '体检项目': '客户提供病历资料', '项目结果': '合并高钙血症，血钙低于或等于 3.0 mmol/l（即低于或等于 12 mg/100 ml）', '重疾险': '标体', '护理险': '标体', '医疗险': '拒保', '意外险': '标体', '防癌险': '标体', '备注': '如累计关节症状较重，可适当加重评点，重点关注意外医疗风险。'}"
结节病,风湿免疫内分泌.txt,"{'疾病名称': '结节病', '诊断': '0期（胸腔外疾病，无异常胸部X线或CT表现）', '病情现状': '0期（胸腔外疾病，无异常胸部X线或CT表现）', '体检项目': '客户提供病历资料', '项目结果': '合并高钙血症，血钙高于 3.0 mmol/l（高于 12 mg/100 ml）', '重疾险': '延期', '护理险': '延期', '医疗险': '拒保', '意外险': '标体', '防癌险': '标体', '备注': '如累计关节症状较重，可适当加重评点，重点关注意外医疗风险。'}"
结节病,风湿免疫内分泌.txt,"{'疾病名称': '结节病', '诊断': '1期（ATS I期），肺门淋巴结病，双肺门淋巴结肿大而肺部无异常）', '病情现状': '1期（ATS I期），肺门淋巴结病，双肺门淋巴结肿大而肺部无异常）', '体检项目': '客户提供病历资料', '项目结果': '发作后≤6个月', '重疾险': '标体*', '护理险': '标体', '医疗险': '拒保', '意外险': '标体', '防癌险': '标体', '备注': '标体*：如有肺结节遗留，需做除外'}"
结节病,风湿免疫内分泌.txt,"{'疾病名称': '结节病', '诊断': '1期（ATS I期），肺门淋巴结病，双肺门淋巴结肿大而肺部无异常）', '病情现状': '1期（ATS I期），肺门淋巴结病，双肺门淋巴结肿大而肺部无异常）', '体检项目': '客户提供病历资料', '项目结果': '发作后＞6个月(退行性或已消退的病变）', '重疾险': '标体*', '护理险': '标体', '医疗险': '拒保', '意外险': '标体', '防癌险': '标体', '备注': '标体*：如有肺结节遗留，需做除外'}"
结节病,风湿免疫内分泌.txt,"{'疾病名称': '结节病', '诊断': '1期（ATS I期），肺门淋巴结病，双肺门淋巴结肿大而肺部无异常）', '病情现状': '1期（ATS I期），肺门淋巴结病，双肺门淋巴结肿大而肺部无异常）', '体检项目': '客户提供病历资料', '项目结果': '发作后＞6个月(病变无改变）', '重疾险': '标体*', '护理险': '标体', '医疗险': '拒保', '意外险': '标体', '防癌险': '标体', '备注': '标体*：如有肺结节遗留，需做除外'}"
结节病,风湿免疫内分泌.txt,"{'疾病名称': '结节病', '诊断': '2A期（ATS II期）或2B期（ATS III期），伴或不伴肺门腺病的肺浸润，未进行治疗', '病情现状': '2A期（ATS II期）或2B期（ATS III期），伴或不伴肺门腺病的肺浸润，未进行治疗', '体检项目': '客户提供病历资料', '项目结果': '发作后≤1年', '重疾险': '拒保', '护理险': '标体', '医疗险': '拒保', '意外险': '标体', '防癌险': '标体', '备注': '标体*：如有肺结节遗留，需做除外'}"
结节病,风湿免疫内分泌.txt,"{'疾病名称': '结节病', '诊断': '2A期（ATS II期）或2B期（ATS III期），伴或不伴肺门腺病的肺浸润，未进行治疗', '病情现状': '2A期（ATS II期）或2B期（ATS III期），伴或不伴肺门腺病的肺浸润，未进行治疗', '体检项目': '客户提供病历资料', '项目结果': '发作后＞1年(病变消退或稳定，肺功能试验正常）', '重疾险': '标体*', '护理险': '标体', '医疗险': '拒保', '意外险': '标体', '防癌险': '标体', '备注': '标体*：如有肺结节遗留，需做除外'}"
结节病,风湿免疫内分泌.txt,"{'疾病名称': '结节病', '诊断': '2A期（ATS II期）或2B期（ATS III期），伴或不伴肺门腺病的肺浸润，未进行治疗', '病情现状': '2A期（ATS II期）或2B期（ATS III期），伴或不伴肺门腺病的肺浸润，未进行治疗', '体检项目': '客户提供病历资料', '项目结果': '发作后＞1年(进行性肺部疾病）', '重疾险': '拒保', '护理险': '拒保', '医疗险': '拒保', '意外险': '拒保', '防癌险': '拒保', '备注': '标体*：如有肺结节遗留，需做除外'}"
结节病,风湿免疫内分泌.txt,"{'疾病名称': '结节病', '诊断': '3期（ATS IV期）', '病情现状': '3期（ATS IV期）', '体检项目': '客户提供病历资料', '项目结果': '明确诊断', '重疾险': '拒保', '护理险': '拒保', '医疗险': '拒保', '意外险': '拒保', '防癌险': '拒保', '备注': '标体*：如有肺结节遗留，需做除外'}"
结节病,风湿免疫内分泌.txt,"{'疾病名称': '结节病', '诊断': '其他考虑事项', '病情现状': '其他考虑事项', '体检项目': '客户提供病历资料', '项目结果': '目前使用皮质类固醇治疗', '重疾险': '拒保', '护理险': '标体', '医疗险': '拒保', '意外险': '标体', '防癌险': '标体', '备注': '标体*：如有肺结节遗留，需做除外'}"
结节病,风湿免疫内分泌.txt,"{'疾病名称': '结节病', '诊断': '其他考虑事项', '病情现状': '其他考虑事项', '体检项目': '客户提供病历资料', '项目结果': ' 目前使用二线药物（甲氨蝶呤、硫唑嘌呤、来氟米特、霉酚酸酯和肿瘤坏死因子-α [TNF-α] 拮抗剂）治疗', '重疾险': '拒保', '护理险': '拒保', '医疗险': '拒保', '意外险': '拒保', '防癌险': '拒保', '备注': '标体*：如有肺结节遗留，需做除外'}"
结节病,风湿免疫内分泌.txt,"{'疾病名称': '结节病', '诊断': '其他考虑事项', '病情现状': '其他考虑事项', '体检项目': '客户提供病历资料', '项目结果': '肺功能试验异常', '重疾险': '延期', '护理险': '延期', '医疗险': '拒保', '意外险': '延期', '防癌险': '延期', '备注': '标体*：如有肺结节遗留，需做除外'}"
风湿性关节炎,风湿免疫内分泌.txt,"{'疾病名称': '风湿性关节炎', '诊断': '急性炎症', '病情现状': '现症未愈', '体检项目': '/提供就诊病历，物理检查（重点关注关节变形情况）、抗链“O”、类风湿因子、抗核抗体、血沉、C反应蛋白、心电图、心脏超声', '项目结果': '/', '重疾险': '延期', '护理险': '延期', '医疗险': '拒保', '意外险': '延期', '防癌险': '延期', '备注': ''}"
风湿性关节炎,风湿免疫内分泌.txt,"{'疾病名称': '风湿性关节炎', '诊断': '急性炎症', '病情现状': '已经痊愈且无并发症', '体检项目': '/提供就诊病历，物理检查（重点关注关节变形情况）、抗链“O”、类风湿因子、抗核抗体、血沉、C反应蛋白、心电图、心脏超声', '项目结果': '正常', '重疾险': '标体', '护理险': '标体', '医疗险': '拒保', '意外险': '标体', '防癌险': '标体', '备注': ''}"
风湿性关节炎,风湿免疫内分泌.txt,"{'疾病名称': '风湿性关节炎', '诊断': '急性炎症', '病情现状': '已经痊愈且无并发症', '体检项目': '/提供就诊病历，物理检查（重点关注关节变形情况）、抗链“O”、类风湿因子、抗核抗体、血沉、C反应蛋白、心电图、心脏超声', '项目结果': '存在杂音或心脏病变', '重疾险': '拒保', '护理险': '拒保', '医疗险': '拒保', '意外险': '拒保', '防癌险': '拒保', '备注': ''}"
风湿性关节炎,风湿免疫内分泌.txt,"{'疾病名称': '风湿性关节炎', '诊断': '急性炎症', '病情现状': '累及大关节', '体检项目': '/提供就诊病历，物理检查（重点关注关节变形情况）、抗链“O”、类风湿因子、抗核抗体、血沉、C反应蛋白、心电图、心脏超声', '项目结果': '/', '重疾险': '拒保', '护理险': '拒保', '医疗险': '拒保', '意外险': '拒保', '防癌险': '拒保', '备注': ''}"
风湿性关节炎,风湿免疫内分泌.txt,"{'疾病名称': '风湿性关节炎', '诊断': '慢性炎症', '病情现状': '急性发作期', '体检项目': '/提供就诊病历，物理检查（重点关注关节变形情况）、抗链“O”、类风湿因子、抗核抗体、血沉、C反应蛋白、心电图、心脏超声', '项目结果': '/', '重疾险': '延期', '护理险': '延期', '医疗险': '拒保', '意外险': '延期', '防癌险': '延期', '备注': ''}"
风湿性关节炎,风湿免疫内分泌.txt,"{'疾病名称': '风湿性关节炎', '诊断': '慢性炎症', '病情现状': '非急性发作期且无并发症', '体检项目': '/提供就诊病历，物理检查（重点关注关节变形情况）、抗链“O”、类风湿因子、抗核抗体、血沉、C反应蛋白、心电图、心脏超声', '项目结果': '正常', '重疾险': '标体', '护理险': '标体', '医疗险': '拒保', '意外险': '标体', '防癌险': '标体', '备注': ''}"
风湿性关节炎,风湿免疫内分泌.txt,"{'疾病名称': '风湿性关节炎', '诊断': '慢性炎症', '病情现状': '非急性发作期且无并发症', '体检项目': '/提供就诊病历，物理检查（重点关注关节变形情况）、抗链“O”、类风湿因子、抗核抗体、血沉、C反应蛋白、心电图、心脏超声', '项目结果': '存在杂音或心脏病变', '重疾险': '拒保', '护理险': '拒保', '医疗险': '拒保', '意外险': '拒保', '防癌险': '拒保', '备注': ''}"
风湿性关节炎,风湿免疫内分泌.txt,"{'疾病名称': '风湿性关节炎', '诊断': '慢性炎症', '病情现状': '累及大关节', '体检项目': '/提供就诊病历，物理检查（重点关注关节变形情况）、抗链“O”、类风湿因子、抗核抗体、血沉、C反应蛋白、心电图、心脏超声', '项目结果': '/', '重疾险': '拒保', '护理险': '拒保', '医疗险': '拒保', '意外险': '拒保', '防癌险': '拒保', '备注': ''}"
雅库氏关节病,风湿免疫内分泌.txt,"{'疾病名称': '雅库氏关节病', '诊断': '与风湿热相关', '病情现状': '现症未愈', '体检项目': '/提供就诊病历，物理检查（重点关注关节变形情况）、抗链“O”、类风湿因子、抗核抗体、血沉、C反应蛋白、心电图、心脏超声', '项目结果': '/', '重疾险': '延期', '护理险': '延期', '医疗险': '拒保', '意外险': '延期', '防癌险': '延期', '备注': ''}"
雅库氏关节病,风湿免疫内分泌.txt,"{'疾病名称': '雅库氏关节病', '诊断': '与风湿热相关', '病情现状': '已经痊愈且无并发症', '体检项目': '/提供就诊病历，物理检查（重点关注关节变形情况）、抗链“O”、类风湿因子、抗核抗体、血沉、C反应蛋白、心电图、心脏超声', '项目结果': '正常', '重疾险': '标体', '护理险': '标体', '医疗险': '拒保', '意外险': '标体', '防癌险': '标体', '备注': ''}"
雅库氏关节病,风湿免疫内分泌.txt,"{'疾病名称': '雅库氏关节病', '诊断': '与风湿热相关', '病情现状': '已经痊愈且无并发症', '体检项目': '/提供就诊病历，物理检查（重点关注关节变形情况）、抗链“O”、类风湿因子、抗核抗体、血沉、C反应蛋白、心电图、心脏超声', '项目结果': '存在杂音或心脏病变', '重疾险': '拒保', '护理险': '拒保', '医疗险': '拒保', '意外险': '拒保', '防癌险': '拒保', '备注': ''}"
雅库氏关节病,风湿免疫内分泌.txt,"{'疾病名称': '雅库氏关节病', '诊断': '与风湿热相关', '病情现状': '累及大关节', '体检项目': '/提供就诊病历，物理检查（重点关注关节变形情况）、抗链“O”、类风湿因子、抗核抗体、血沉、C反应蛋白、心电图、心脏超声', '项目结果': '/', '重疾险': '拒保', '护理险': '拒保', '医疗险': '拒保', '意外险': '拒保', '防癌险': '拒保', '备注': ''}"
雅库氏关节病,风湿免疫内分泌.txt,"{'疾病名称': '雅库氏关节病', '诊断': '与系统性红斑狼疮相关', '病情现状': '/', '体检项目': '/提供就诊病历，物理检查（重点关注关节变形情况）、抗链“O”、类风湿因子、抗核抗体、血沉、C反应蛋白、心电图、心脏超声', '项目结果': '/', '重疾险': '评点参照：系统性红斑狼疮', '护理险': '评点参照：系统性红斑狼疮', '医疗险': '评点参照：系统性红斑狼疮', '意外险': '评点参照：系统性红斑狼疮', '防癌险': '评点参照：系统性红斑狼疮', '备注': '评点参照：系统性红斑狼疮'}"
皮肌炎,风湿免疫内分泌.txt,"{'疾病名称': '皮肌炎', '诊断': '已接受全面临床检查并已排除合并恶性肿瘤等并发症，且只有轻微的肌无力和肌萎缩症状', '病情现状': '病变持续性活动或者病情未缓解', '体检项目': '评估以客户提供的病历为准', '项目结果': '', '重疾险': '延期', '护理险': '延期', '医疗险': '拒保', '意外险': '延期', '防癌险': '延期', '备注': ''}"
皮肌炎,风湿免疫内分泌.txt,"{'疾病名称': '皮肌炎', '诊断': '已接受全面临床检查并已排除合并恶性肿瘤等并发症，且只有轻微的肌无力和肌萎缩症状', '病情现状': '既往病史，目前所有治疗已停止：', '体检项目': '评估以客户提供的病历为准', '项目结果': '停止治疗距今的年数≤2', '重疾险': '延期', '护理险': '标体', '医疗险': '拒保', '意外险': '标体', '防癌险': '标体', '备注': ''}"
皮肌炎,风湿免疫内分泌.txt,"{'疾病名称': '皮肌炎', '诊断': '已接受全面临床检查并已排除合并恶性肿瘤等并发症，且只有轻微的肌无力和肌萎缩症状', '病情现状': '既往病史，目前所有治疗已停止：', '体检项目': '评估以客户提供的病历为准', '项目结果': '2年＜停止治疗距今的年数≤3', '重疾险': '延期', '护理险': '标体', '医疗险': '拒保', '意外险': '标体', '防癌险': '标体', '备注': ''}"
皮肌炎,风湿免疫内分泌.txt,"{'疾病名称': '皮肌炎', '诊断': '已接受全面临床检查并已排除合并恶性肿瘤等并发症，且只有轻微的肌无力和肌萎缩症状', '病情现状': '既往病史，目前所有治疗已停止：', '体检项目': '评估以客户提供的病历为准', '项目结果': '3年＜停止治疗距今的年数', '重疾险': '标体', '护理险': '标体', '医疗险': '拒保', '意外险': '标体', '防癌险': '标体', '备注': ''}"
皮肌炎,风湿免疫内分泌.txt,"{'疾病名称': '皮肌炎', '诊断': '未接受全面临床检查', '病情现状': '未接受全面临床检查', '体检项目': '评估以客户提供的病历为准', '项目结果': '', '重疾险': '延期', '护理险': '延期', '医疗险': '拒保', '意外险': '延期', '防癌险': '延期', '备注': ''}"
皮肌炎,风湿免疫内分泌.txt,"{'疾病名称': '皮肌炎', '诊断': '存在并发症', '病情现状': '存在并发症', '体检项目': '评估以客户提供的病历为准', '项目结果': '', '重疾险': '拒保', '护理险': '拒保', '医疗险': '拒保', '意外险': '拒保', '防癌险': '拒保', '备注': ''}"
强直性脊柱炎,风湿免疫内分泌.txt,"{'疾病名称': '强直性脊柱炎', '诊断': '无畸形或轻微畸形（仅晨僵），规范治疗持续1年以上', '病情现状': '', '体检项目': '血液检测（红细胞沉降率、C反应蛋白、HLA-B27和全血细胞计数）、尿常规、腰骶椎和骶髂关节影像学检查（自行提供）', '项目结果': 'HLA-B27阳性、红细胞沉降率正常、C反应蛋白正常、血常规正常、尿常规正常，无明显骶髂关节改变', '重疾险': '拒保', '护理险': '标体', '医疗险': '拒保', '意外险': '标体', '防癌险': '标体', '备注': ''}"
强直性脊柱炎,风湿免疫内分泌.txt,"{'疾病名称': '强直性脊柱炎', '诊断': '中度或重度畸形（即大关节或脊柱受累）', '病情现状': '疾病仍处于活动期，持续治疗中', '体检项目': '血液检测（红细胞沉降率、C反应蛋白、HLA-B27和全血细胞计数）、尿常规、腰骶椎和骶髂关节影像学检查（自行提供）', '项目结果': '红细胞沉降率增快、贫血、HLA-B27阳性、C反应蛋白升高、尿蛋白阳性、骶髂关节改变', '重疾险': '拒保', '护理险': '标体', '医疗险': '拒保', '意外险': '延期', '防癌险': '标体', '备注': ''}"
强直性脊柱炎,风湿免疫内分泌.txt,"{'疾病名称': '强直性脊柱炎', '诊断': '中度或重度畸形（即大关节或脊柱受累）', '病情现状': '疾病处于非活动期，治疗停止', '体检项目': '血液检测（红细胞沉降率、C反应蛋白、HLA-B27和全血细胞计数）、尿常规、腰骶椎和骶髂关节影像学检查（自行提供）', '项目结果': 'HLA-B27阳性、红细胞沉降率正常、C反应蛋白正常、血常规正常、尿常规正常', '重疾险': '拒保', '护理险': '标体', '医疗险': '拒保', '意外险': '标体', '防癌险': '标体', '备注': ''}"
强直性脊柱炎,风湿免疫内分泌.txt,"{'疾病名称': '强直性脊柱炎', '诊断': '关节外表现，例如葡萄膜炎、主动脉瓣疾病或传导障碍（红细胞沉降率增快、贫血、HLA-B27阳性、C反应蛋白升高、尿蛋白阳性、骶髂关节改变、心脏超声异常）', '病情现状': '关节外表现，例如葡萄膜炎、主动脉瓣疾病或传导障碍（红细胞沉降率增快、贫血、HLA-B27阳性、C反应蛋白升高、尿蛋白阳性、骶髂关节改变、心脏超声异常）', '体检项目': '关节外表现，例如葡萄膜炎、主动脉瓣疾病或传导障碍（红细胞沉降率增快、贫血、HLA-B27阳性、C反应蛋白升高、尿蛋白阳性、骶髂关节改变、心脏超声异常）', '项目结果': '关节外表现，例如葡萄膜炎、主动脉瓣疾病或传导障碍（红细胞沉降率增快、贫血、HLA-B27阳性、C反应蛋白升高、尿蛋白阳性、骶髂关节改变、心脏超声异常）', '重疾险': '拒保', '护理险': '拒保', '医疗险': '拒保', '意外险': '拒保', '防癌险': '拒保', '备注': ''}"
强直性脊柱炎,风湿免疫内分泌.txt,"{'疾病名称': '强直性脊柱炎', '诊断': '肾淀粉样变性（红细胞沉降率增快、贫血、HLA-B27阳性、C反应蛋白升高、尿蛋白阳性、骶髂关节改变、肾功能异常）', '病情现状': '肾淀粉样变性（红细胞沉降率增快、贫血、HLA-B27阳性、C反应蛋白升高、尿蛋白阳性、骶髂关节改变、肾功能异常）', '体检项目': '肾淀粉样变性（红细胞沉降率增快、贫血、HLA-B27阳性、C反应蛋白升高、尿蛋白阳性、骶髂关节改变、肾功能异常）', '项目结果': '肾淀粉样变性（红细胞沉降率增快、贫血、HLA-B27阳性、C反应蛋白升高、尿蛋白阳性、骶髂关节改变、肾功能异常）', '重疾险': '拒保', '护理险': '拒保', '医疗险': '拒保', '意外险': '拒保', '防癌险': '拒保', '备注': ''}"
干燥综合征,风湿免疫内分泌.txt,"{'疾病名称': '干燥综合征', '诊断': '干燥综合征', '病情现状': '－', '体检项目': '客户提供就诊资料+病史问卷', '项目结果': '－', '重疾险': '拒保', '护理险': '参考备注', '医疗险': '拒保', '意外险': '标体', '防癌险': '拒保', '备注': '诊断为原发性干燥综合征，一年以上未发作，无其他自身免疫性疾病，可标体'}"
糖尿病前期,风湿免疫内分泌.txt,"{'疾病名称': '糖尿病前期', '诊断': '无症状，首次发现血糖高或尿糖阳性', '病情现状': '', '体检项目': '', '项目结果': '空腹血糖大于正常上限且<7.0；复查空腹血糖及糖化血红蛋白正常；或者复查糖耐量正常', '重疾险': '标体', '护理险': '标体', '医疗险': '标体', '意外险': '标体', '防癌险': '标体', '备注': ''}"
糖尿病前期,风湿免疫内分泌.txt,"{'疾病名称': '糖尿病前期', '诊断': '无症状，首次发现血糖高或尿糖阳性', '病情现状': '', '体检项目': '', '项目结果': '空腹血糖大于7.0', '重疾险': '拒保', '护理险': '参考糖尿病', '医疗险': '拒保', '意外险': '参考糖尿病', '防癌险': '参考糖尿病', '备注': ''}"
糖尿病前期,风湿免疫内分泌.txt,"{'疾病名称': '糖尿病前期', '诊断': '诊断空腹血糖受损', '病情现状': '', '体检项目': '1、临床物理检查\n2、糖耐量试验（OGTT）\n3、糖化血红蛋白\n4、血脂\n5、心电图\n6、眼底\n7、尿常规', '项目结果': '血压、血脂、心电图、BMI均正常，糖化血红蛋白<9%', '重疾险': '拒保', '护理险': '标体', '医疗险': '拒保', '意外险': '标体', '防癌险': '标体', '备注': ''}"
糖尿病前期,风湿免疫内分泌.txt,"{'疾病名称': '糖尿病前期', '诊断': '诊断糖耐量受损', '病情现状': '', '体检项目': '1、临床物理检查\n2、糖耐量试验（OGTT）\n3、糖化血红蛋白\n4、血脂\n5、心电图\n6、眼底\n7、尿常规', '项目结果': '血压、血脂、心电图、BMI均正常，糖化血红蛋白<9%', '重疾险': '拒保', '护理险': '标体', '医疗险': '拒保', '意外险': '标体', '防癌险': '标体', '备注': ''}"
糖尿病前期,风湿免疫内分泌.txt,"{'疾病名称': '糖尿病前期', '诊断': '诊断糖耐量受损', '病情现状': '', '体检项目': '1、临床物理检查\n2、糖耐量试验（OGTT）\n3、糖化血红蛋白\n4、血脂\n5、心电图\n6、眼底\n7、尿常规', '项目结果': '空腹血糖<7.8 mmol/L且2h血糖7.8 - 11 mmol/L', '重疾险': '拒保', '护理险': '标体', '医疗险': '拒保', '意外险': '标体', '防癌险': '标体', '备注': ''}"
糖尿病前期,风湿免疫内分泌.txt,"{'疾病名称': '糖尿病前期', '诊断': '尿糖异常', '病情现状': '尿糖+/++', '体检项目': '', '项目结果': '', '重疾险': '参考糖耐量受损', '护理险': '参考糖耐量受损', '医疗险': '参考糖耐量受损', '意外险': '参考糖耐量受损', '防癌险': '参考糖耐量受损', '备注': ''}"
糖尿病前期,风湿免疫内分泌.txt,"{'疾病名称': '糖尿病前期', '诊断': '尿糖异常', '病情现状': '尿糖大于++', '体检项目': '', '项目结果': '', '重疾险': '拒保', '护理险': '参考糖尿病', '医疗险': '拒保', '意外险': '参考糖尿病', '防癌险': '参考糖尿病', '备注': ''}"
1型糖尿病,风湿免疫内分泌.txt,"{'疾病名称': '1型糖尿病', '诊断': '诊断1型糖尿病', '病情现状': '糖尿病控制良好，无并发症', '体检项目': '病历及随诊的检查报告', '项目结果': '', '重疾险': '拒保', '护理险': '标体', '医疗险': '拒保', '意外险': '标体', '防癌险': '标体', '备注': '1、糖尿病控制良好的标准可参考糖耐量受损，且无并发症；2、并发症（心脑血管疾病、肾功能受损、尿检异常、眼底、坏疽、特种感染、合并血脂异常、肥胖、高血压、心电图异常、神经病变等'}"
1型糖尿病,风湿免疫内分泌.txt,"{'疾病名称': '1型糖尿病', '诊断': '诊断1型糖尿病', '病情现状': '有并发症', '体检项目': '病历及随诊的检查报告', '项目结果': '', '重疾险': '拒保', '护理险': '拒保', '医疗险': '拒保', '意外险': '拒保', '防癌险': '拒保', '备注': '1、糖尿病控制良好的标准可参考糖耐量受损，且无并发症；2、并发症（心脑血管疾病、肾功能受损、尿检异常、眼底、坏疽、特种感染、合并血脂异常、肥胖、高血压、心电图异常、神经病变等'}"
2型糖尿病,风湿免疫内分泌.txt,"{'疾病名称': '2型糖尿病', '诊断': '诊断2型糖尿病', '病情现状': '糖尿病控制良好，无并发症', '体检项目': '病历及随诊的检查报告', '项目结果': '', '重疾险': '拒保', '护理险': '标体', '医疗险': '拒保', '意外险': '标体', '防癌险': '标体', '备注': '1、糖尿病控制良好的标准可参考糖耐量受损，且无并发症；2、并发症（心脑血管疾病、肾功能受损、尿检异常、眼底、坏疽、特种感染、合并血脂异常、肥胖、高血压、心电图异常、神经病变等'}"
2型糖尿病,风湿免疫内分泌.txt,"{'疾病名称': '2型糖尿病', '诊断': '诊断2型糖尿病', '病情现状': '有并发症', '体检项目': '病历及随诊的检查报告', '项目结果': '', '重疾险': '拒保', '护理险': '拒保', '医疗险': '拒保', '意外险': '拒保', '防癌险': '拒保', '备注': '1、糖尿病控制良好的标准可参考糖耐量受损，且无并发症；2、并发症（心脑血管疾病、肾功能受损、尿检异常、眼底、坏疽、特种感染、合并血脂异常、肥胖、高血压、心电图异常、神经病变等'}"
新生儿高胆红素血症,新生儿.txt,"{'疾病名称': '新生儿高胆红素血症', '诊断': '病理性高胆红素血症', '病情现状': '原发病包括：溶血性贫血、G6PD酶缺乏、甲减、头颅血肿、感染、先天性胆道闭锁等', '体检项目': '原发病包括：溶血性贫血、G6PD酶缺乏、甲减、头颅血肿、感染、先天性胆道闭锁等', '项目结果': '原发病包括：溶血性贫血、G6PD酶缺乏、甲减、头颅血肿、感染、先天性胆道闭锁等', '重疾险': '根据原发疾病评点', '护理': '根据原发疾病评点', '医疗险': '根据原发疾病评点', '意外险': '根据原发疾病评点', '防癌险': '根据原发疾病评点', '备注': ''}"
新生儿高胆红素血症,新生儿.txt,"{'疾病名称': '新生儿高胆红素血症', '诊断': '生理性高胆红素血症', '病情现状': '临床治愈不足1月', '体检项目': '病历资料、儿保手册', '项目结果': '      －', '重疾险': '延期', '护理': '延期', '医疗险': '延期', '意外险': '延期', '防癌险': '', '备注': ''}"
新生儿高胆红素血症,新生儿.txt,"{'疾病名称': '新生儿高胆红素血症', '诊断': '生理性高胆红素血症', '病情现状': '临床治愈1月以上', '体检项目': '病历资料（复诊资料）、儿保手册', '项目结果': 'TSB或TcB正常，儿保无异常', '重疾险': '标体', '护理': '标体', '医疗险': '标体', '意外险': '标体', '防癌险': '标体', '备注': ''}"
新生儿高胆红素血症,新生儿.txt,"{'疾病名称': '新生儿高胆红素血症', '诊断': '急性胆红素脑病', '病情现状': '主要见于TSB＞ 342μmol/L(20 mg/dl)和（或）上升速度＞8.5μmol/L (0.5 mg/dl)、＞35周的新生儿。早期表现为肌张力减低、嗜睡、尖声哭、吸吮差，而后出现肌张力增高， 角弓反张，激惹，发热，惊厥，严重者可致死亡。', '体检项目': '－', '项目结果': '头颅磁共振成像( MRI)和脑干听觉诱发电位', '重疾险': '延期', '护理': '延期', '医疗险': '延期', '意外险': '延期', '防癌险': '延期', '备注': ''}"
新生儿高胆红素血症,新生儿.txt,"{'疾病名称': '新生儿高胆红素血症', '诊断': '核黄疸', '病情现状': '出生数周以后出现的胆红素神经毒性作用所引起的慢性、永久性损害及后遗症，包括锥体外系运动障碍、感觉神经性听力丧失、眼球运动障碍和牙釉质发育异常。', '体检项目': '－', '项目结果': '神经系统后遗症', '重疾险': '拒保', '护理': '拒保', '医疗险': '拒保', '意外险': '拒保', '防癌险': '拒保', '备注': ''}"
新生儿溶血病,新生儿.txt,"{'疾病名称': '新生儿溶血病', '诊断': '新生儿溶血病 ', '病情现状': '≤ 1年', '体检项目': '－', '项目结果': '－', '重疾险': '延期', '护理': '延期', '医疗险': '延期', '意外险': '延期', '防癌险': '延期', '备注': ''}"
新生儿溶血病,新生儿.txt,"{'疾病名称': '新生儿溶血病', '诊断': '新生儿溶血病（既往病史）', '病情现状': '＞ 1年，已痊愈，无核黄疸症或神经系统损伤的既往病史', '体检项目': '血常规、腹部超声', '项目结果': '无贫血、肝脾肿大', '重疾险': '标体', '护理': '标体', '医疗险': '标体', '意外险': '标体', '防癌险': '标体', '备注': ''}"
新生儿呼吸窘迫综合征,新生儿.txt,"{'疾病名称': '新生儿呼吸窘迫综合征', '诊断': '新生儿呼吸窘迫综合征', '病情现状': '＜3周岁', '体检项目': '提供病历、儿保手册', '项目结果': '无异常', '重疾险': '标体', '护理': '标体', '医疗险': '标体', '意外险': '标体', '防癌险': '标体', '备注': ''}"
新生儿呼吸窘迫综合征,新生儿.txt,"{'疾病名称': '新生儿呼吸窘迫综合征', '诊断': '新生儿呼吸窘迫综合征', '病情现状': '≥3周岁', '体检项目': '提供病历、儿保手册', '项目结果': '无异常', '重疾险': '标体', '护理': '标体', '医疗险': '标体', '意外险': '标体', '防癌险': '标体', '备注': ''}"
新生儿心肌损害,新生儿.txt,"{'疾病名称': '新生儿心肌损害', '诊断': '有心脏原发疾病', '病情现状': '有心脏原发疾病', '体检项目': '按照原发病评点', '项目结果': '按照原发病评点', '重疾险': '按照原发病评点', '护理': '按照原发病评点', '医疗险': '按照原发病评点', '意外险': '按照原发病评点', '防癌险': '按照原发病评点', '备注': ''}"
新生儿心肌损害,新生儿.txt,"{'疾病名称': '新生儿心肌损害', '诊断': '无心脏原发疾病', '病情现状': '发病≤6个月', '体检项目': '心脏彩超、心电图、心肌酶、物理查体、心脏听诊', '项目结果': '——', '重疾险': '延期', '护理': '延期', '医疗险': '延期', '意外险': '延期', '防癌险': '标体', '备注': ''}"
新生儿心肌损害,新生儿.txt,"{'疾病名称': '新生儿心肌损害', '诊断': '无心脏原发疾病', '病情现状': '发病＞6个月', '体检项目': '心脏彩超、心电图、心肌酶、物理查体、心脏听诊', '项目结果': '正常', '重疾险': '标体', '护理': '标体', '医疗险': '标体', '意外险': '标体', '防癌险': '标体', '备注': ''}"
新生儿卵圆孔未闭,新生儿.txt,"{'疾病名称': '新生儿卵圆孔未闭', '诊断': '新生儿卵圆孔未闭', '病情现状': '新生儿卵圆孔未闭', '体检项目': '心脏超声', '项目结果': '卵圆孔未闭', '重疾险': '延期', '护理': '延期', '医疗险': '延期', '意外险': '延期', '防癌险': '标体', '备注': ''}"
新生儿卵圆孔未闭,新生儿.txt,"{'疾病名称': '新生儿卵圆孔未闭', '诊断': '新生儿卵圆孔未闭', '病情现状': '新生儿卵圆孔未闭', '体检项目': '心脏超声', '项目结果': '心脏超声正常', '重疾险': '标体', '护理': '标体', '医疗险': '标体', '意外险': '标体', '防癌险': '标体', '备注': ''}"
新生儿房/室间隔缺损,新生儿.txt,"{'疾病名称': '新生儿房/室间隔缺损', '诊断': '新生儿房/室间隔缺损', '病情现状': '现症，未治疗', '体检项目': '心脏听诊、心脏超声、诊疗病历、复诊资料、随诊资料等', '项目结果': '——', '重疾险': '延期', '护理': '延期', '医疗险': '延期', '意外险': '延期', '防癌险': '标体', '备注': ''}"
新生儿房/室间隔缺损,新生儿.txt,"{'疾病名称': '新生儿房/室间隔缺损', '诊断': '新生儿房/室间隔缺损', '病情现状': '房缺治疗结束＜2年', '体检项目': '心脏听诊、心脏超声、诊疗病历、复诊资料、随诊资料等', '项目结果': '——', '重疾险': '延期', '护理': '延期', '医疗险': '延期', '意外险': '延期', '防癌险': '标体', '备注': ''}"
新生儿房/室间隔缺损,新生儿.txt,"{'疾病名称': '新生儿房/室间隔缺损', '诊断': '新生儿房/室间隔缺损', '病情现状': '房缺治疗结束≥2年', '体检项目': '心脏听诊、心脏超声、诊疗病历、复诊资料、随诊资料等', '项目结果': '正常', '重疾险': '标体', '护理': '标体', '医疗险': '标体', '意外险': '标体', '防癌险': '标体', '备注': ''}"
新生儿房/室间隔缺损,新生儿.txt,"{'疾病名称': '新生儿房/室间隔缺损', '诊断': '新生儿房/室间隔缺损', '病情现状': '室缺治疗结束＜3年', '体检项目': '心脏听诊、心脏超声、诊疗病历、复诊资料、随诊资料等', '项目结果': '——', '重疾险': '延期', '护理': '延期', '医疗险': '延期', '意外险': '延期', '防癌险': '标体', '备注': ''}"
新生儿房/室间隔缺损,新生儿.txt,"{'疾病名称': '新生儿房/室间隔缺损', '诊断': '新生儿房/室间隔缺损', '病情现状': '室缺治疗结束≥3年', '体检项目': '心脏听诊、心脏超声、诊疗病历、复诊资料、随诊资料等', '项目结果': '正常', '重疾险': '标体', '护理': '标体', '医疗险': '标体', '意外险': '标体', '防癌险': '标体', '备注': ''}"
新生儿缺氧缺血性脑病,新生儿.txt,"{'疾病名称': '新生儿缺氧缺血性脑病', '诊断': '轻度', '病情现状': '表现为兴奋、易激惹，肢体及下颏可出现颤动，拥抱反射活跃，肌张力正常或增强，呼吸平稳，一般不出现惊厥。症状一般在出生24小时内明显，于3~5天后逐渐减轻至消失，预后良好，很少留有神经系统后遗症。', '体检项目': '表现为兴奋、易激惹，肢体及下颏可出现颤动，拥抱反射活跃，肌张力正常或增强，呼吸平稳，一般不出现惊厥。症状一般在出生24小时内明显，于3~5天后逐渐减轻至消失，预后良好，很少留有神经系统后遗症。', '项目结果': '表现为兴奋、易激惹，肢体及下颏可出现颤动，拥抱反射活跃，肌张力正常或增强，呼吸平稳，一般不出现惊厥。症状一般在出生24小时内明显，于3~5天后逐渐减轻至消失，预后良好，很少留有神经系统后遗症。', '重疾险': '延期至出生后3月', '护理': '延期至出生后3月', '医疗险': '延期至出生后3月', '意外险': '延期至出生后3月', '防癌险': '延期至出生后3月', '备注': '需儿保及新生儿疾病筛查正常'}"
新生儿缺氧缺血性脑病,新生儿.txt,"{'疾病名称': '新生儿缺氧缺血性脑病', '诊断': '中度', '病情现状': '表现为嗜睡、反应迟钝、肌张力降低、肢体自发动作减少，常伴有惊厥。前囟张力正常或稍高，拥抱、吸吮等原始反射减弱，瞳孔缩小、对光反应迟钝等。症状在出生后72小时最明显，大多数7天内症状消失，预后好。如病情恶化，反复抽搐，10天后症状不消失者预后差。足月儿上肢肌张力减退比下肢严重，而早产儿则表现为下肢肌张力减退比上肢严重。脑电图检查可见癫痫样波或电压改变，影像诊断常发现异常。', '体检项目': '表现为嗜睡、反应迟钝、肌张力降低、肢体自发动作减少，常伴有惊厥。前囟张力正常或稍高，拥抱、吸吮等原始反射减弱，瞳孔缩小、对光反应迟钝等。症状在出生后72小时最明显，大多数7天内症状消失，预后好。如病情恶化，反复抽搐，10天后症状不消失者预后差。足月儿上肢肌张力减退比下肢严重，而早产儿则表现为下肢肌张力减退比上肢严重。脑电图检查可见癫痫样波或电压改变，影像诊断常发现异常。', '项目结果': '表现为嗜睡、反应迟钝、肌张力降低、肢体自发动作减少，常伴有惊厥。前囟张力正常或稍高，拥抱、吸吮等原始反射减弱，瞳孔缩小、对光反应迟钝等。症状在出生后72小时最明显，大多数7天内症状消失，预后好。如病情恶化，反复抽搐，10天后症状不消失者预后差。足月儿上肢肌张力减退比下肢严重，而早产儿则表现为下肢肌张力减退比上肢严重。脑电图检查可见癫痫样波或电压改变，影像诊断常发现异常。', '重疾险': '延期至3周岁后', '护理': '延期至3周岁后', '医疗险': '延期至3周岁后', '意外险': '延期至3周岁后', '防癌险': '标体', '备注': '需儿保及脑电图、头颅MRI资料'}"
新生儿缺氧缺血性脑病,新生儿.txt,"{'疾病名称': '新生儿缺氧缺血性脑病', '诊断': '重度', '病情现状': '表现为意识不清，昏迷状态，肌张力消失，肢体自发动作消失，12小时内惊厥频繁，反复呼吸暂停，前囟张力高，拥抱、吸吮等原始反射消失，瞳孔不等大或放大,对光反应差，心率减慢。脑电图及影像诊断明显异常，脑干诱发电位也异常。此型死亡率高，存活者多数留有后遗症。', '体检项目': '表现为意识不清，昏迷状态，肌张力消失，肢体自发动作消失，12小时内惊厥频繁，反复呼吸暂停，前囟张力高，拥抱、吸吮等原始反射消失，瞳孔不等大或放大,对光反应差，心率减慢。脑电图及影像诊断明显异常，脑干诱发电位也异常。此型死亡率高，存活者多数留有后遗症。', '项目结果': '表现为意识不清，昏迷状态，肌张力消失，肢体自发动作消失，12小时内惊厥频繁，反复呼吸暂停，前囟张力高，拥抱、吸吮等原始反射消失，瞳孔不等大或放大,对光反应差，心率减慢。脑电图及影像诊断明显异常，脑干诱发电位也异常。此型死亡率高，存活者多数留有后遗症。', '重疾险': '拒保', '护理': '拒保', '医疗险': '拒保', '意外险': '拒保', '防癌险': '拒保', '备注': '－'}"
颈椎病,外科.txt,"{'疾病名称': '颈椎病', '诊断': '已确诊', '病情现状': '无神经压迫或持续性严重疼痛', '': '无神经压迫或持续性严重疼痛', '体检项目': '客户自行提供CT、X光检查及病历。', '项目结果': '颈椎病', '重疾险': '标体', '护理': '标体', '防癌险': '标体', '意外险': '标体', '医疗险': '除外', '备注': ''}"
颈椎病,外科.txt,"{'疾病名称': '颈椎病', '诊断': '已确诊', '病情现状': '有神经压迫或持续性严重疼痛', '': '有神经压迫或持续性严重疼痛', '体检项目': '客户自行提供CT、X光检查及病历。', '项目结果': '颈椎病', '重疾险': '延期', '护理': '标体', '防癌险': '标体', '意外险': '标体', '医疗险': '延期', '备注': ''}"
颈椎病,外科.txt,"{'疾病名称': '颈椎病', '诊断': '已确诊', '病情现状': '四肢麻木、双足踩棉花感、双手精细动作障碍、突发眩晕', '': '四肢麻木、双足踩棉花感、双手精细动作障碍、突发眩晕', '体检项目': '客户自行提供病历，确诊报告', '项目结果': '严重神经根型颈椎病严重脊髓型颈椎病    严重椎动脉型颈椎病', '重疾险': '延期', '护理': '延期', '防癌险': '标体', '意外险': '延期', '医疗险': '延期', '备注': ''}"
颈椎病,外科.txt,"{'疾病名称': '颈椎病', '诊断': '未确诊', '病情现状': '所有案例', '': '所有案例', '体检项目': '无', '项目结果': '无', '重疾险': '延期', '护理': '延期', '防癌险': '延期', '意外险': '延期', '医疗险': '延期', '备注': ''}"
腰椎间盘突出,外科.txt,"{'疾病名称': '腰椎间盘突出', '诊断': '腰椎间盘突出', '病情现状': '未手术', '': '未手术', '体检项目': '一般物理检查、腰椎X光', '项目结果': '无症状，体检发现', '重疾险': '标体', '护理': '标体', '防癌险': '标体', '意外险': '标体', '医疗险': '除外', '备注': ''}"
腰椎间盘突出,外科.txt,"{'疾病名称': '腰椎间盘突出', '诊断': '腰椎间盘突出', '病情现状': '未手术', '': '未手术', '体检项目': '一般物理检查、腰椎X光', '项目结果': '症状较轻、无神经压迫（腰痛，腰部活动障碍，3个月发作一次）', '重疾险': '标体', '护理': '标体', '防癌险': '标体', '意外险': '标体', '医疗险': '延期', '备注': ''}"
腰椎间盘突出,外科.txt,"{'疾病名称': '腰椎间盘突出', '诊断': '腰椎间盘突出', '病情现状': '未手术', '': '未手术', '体检项目': '一般物理检查、腰椎X光', '项目结果': '症状较重、存在神经压迫（腰痛，腰部活动障碍，肢体麻木，1个月发作一次）', '重疾险': '除外', '护理': '标体', '防癌险': '标体', '意外险': '标体', '医疗险': '延期', '备注': ''}"
腰椎间盘突出,外科.txt,"{'疾病名称': '腰椎间盘突出', '诊断': '腰椎间盘突出', '病情现状': '已手术', '': '已手术', '体检项目': '一般物理检查、腰椎X光', '项目结果': '症状较轻、无神经压迫（腰痛，腰部活动障碍，1个月发作一次）', '重疾险': '标体', '护理': '标体', '防癌险': '标体', '意外险': '标体', '医疗险': '除外', '备注': ''}"
腰椎间盘突出,外科.txt,"{'疾病名称': '腰椎间盘突出', '诊断': '腰椎间盘突出', '病情现状': '已手术', '': '已手术', '体检项目': '一般物理检查、腰椎X光', '项目结果': '症状较重、存在神经压迫（腰痛，腰部活动障碍，肢体麻木，1个月发作三次）', '重疾险': '+50并除外', '护理': '标体', '防癌险': '标体', '意外险': '标体', '医疗险': '拒保', '备注': ''}"
腰椎间盘突出,外科.txt,"{'疾病名称': '腰椎间盘突出', '诊断': '腰椎间盘突出', '病情现状': '连续性使用抑制疼痛类药物', '': '连续性使用抑制疼痛类药物', '体检项目': '一般物理检查、腰椎X光', '项目结果': '活动受限、无法正常工作或存在抑郁', '重疾险': '拒保', '护理': '拒保', '防癌险': '拒保', '意外险': '拒保', '医疗险': '拒保', '备注': ''}"
腰椎滑脱,外科.txt,"{'疾病名称': '腰椎滑脱', '诊断': '先天性滑脱、退行性滑脱', '病情现状': '未接受过手术且无后遗症（即疼痛、神经受压、关节丧失活动能力或合并腰椎管狭窄）', '': '单次发作  ≤ 3个月 ', '体检项目': '疾病问卷、一般物理检查、腰椎X片', '项目结果': '腰椎X片无异常', '重疾险': '标体', '护理': '标体', '防癌险': '标体', '意外险': '标体', '医疗险': '除外', '备注': ''}"
腰椎滑脱,外科.txt,"{'疾病名称': '腰椎滑脱', '诊断': '先天性滑脱、退行性滑脱', '病情现状': '未接受过手术且无后遗症（即疼痛、神经受压、关节丧失活动能力或合并腰椎管狭窄）', '': '单次发作  > 3 个月', '体检项目': '疾病问卷、一般物理检查、腰椎X片', '项目结果': '腰椎X片无异常', '重疾险': '标体', '护理': '标体', '防癌险': '标体', '意外险': '标体', '医疗险': '标体', '备注': ''}"
腰椎滑脱,外科.txt,"{'疾病名称': '腰椎滑脱', '诊断': '先天性滑脱、退行性滑脱', '病情现状': '未接受过手术且无后遗症（即疼痛、神经受压、关节丧失活动能力或合并腰椎管狭窄）', '': '反复发作', '体检项目': '/', '项目结果': '/', '重疾险': '除外', '护理': '标体', '防癌险': '标体', '意外险': '标体', '医疗险': '除外', '备注': ''}"
腰椎滑脱,外科.txt,"{'疾病名称': '腰椎滑脱', '诊断': '先天性滑脱、退行性滑脱', '病情现状': '接受过手术，已痊愈无后遗症（即疼痛、神经受压、关节丧失活动能力或合并腰椎管狭窄）', '': '术后 ≤ 6 个月', '体检项目': '/', '项目结果': '/', '重疾险': '标体', '护理': '标体', '防癌险': '标体', '意外险': '标体', '医疗险': '除外', '备注': ''}"
腰椎滑脱,外科.txt,"{'疾病名称': '腰椎滑脱', '诊断': '先天性滑脱、退行性滑脱', '病情现状': '接受过手术，已痊愈无后遗症（即疼痛、神经受压、关节丧失活动能力或合并腰椎管狭窄）', '': '术后> 6 个月', '体检项目': '/', '项目结果': '/', '重疾险': '标体', '护理': '标体', '防癌险': '标体', '意外险': '标体', '医疗险': '标体', '备注': ''}"
腰椎滑脱,外科.txt,"{'疾病名称': '腰椎滑脱', '诊断': '先天性滑脱、退行性滑脱', '病情现状': '有后遗症（即疼痛）', '': '有后遗症（即疼痛）', '体检项目': '疾病问卷、一般物理检查、腰椎X片', '项目结果': '腰椎X片无异常', '重疾险': '标体', '护理': '标体', '防癌险': '标体', '意外险': '标体', '医疗险': '除外', '备注': ''}"
腰椎滑脱,外科.txt,"{'疾病名称': '腰椎滑脱', '诊断': '先天性滑脱、退行性滑脱', '病情现状': '有后遗症（即神经受压、活动不受限）', '': '有后遗症（即神经受压、活动不受限）', '体检项目': '疾病问卷、一般物理检查、腰椎X片', '项目结果': '腰椎X片无异常', '重疾险': '除外', '护理': '标体', '防癌险': '标体', '意外险': '标体', '医疗险': '延期', '备注': ''}"
腰椎滑脱,外科.txt,"{'疾病名称': '腰椎滑脱', '诊断': '先天性滑脱、退行性滑脱', '病情现状': '有后遗症（即关节丧失活动能力、活动受限、影响正常工作生活）', '': '有后遗症（即关节丧失活动能力、活动受限、影响正常工作生活）', '体检项目': '疾病问卷、一般物理检查、腰椎X片', '项目结果': '腰椎X片无异常', '重疾险': '延期', '护理': '延期', '防癌险': '标体', '意外险': '延期', '医疗险': '延期', '备注': ''}"
腰椎滑脱,外科.txt,"{'疾病名称': '腰椎滑脱', '诊断': '先天性滑脱、退行性滑脱', '病情现状': '有后遗症（即合并腰椎管狭窄）', '': '有后遗症（即合并腰椎管狭窄）', '体检项目': '疾病问卷、一般物理检查、腰椎X片', '项目结果': '腰椎X片无异常', '重疾险': '除外', '护理': '标体', '防癌险': '标体', '意外险': '标体', '医疗险': '除外', '备注': ''}"
腰椎滑脱,外科.txt,"{'疾病名称': '腰椎滑脱', '诊断': '创伤后滑脱、峡部性滑脱、病理性滑脱、医源性滑脱', '病情现状': '接受过手术，已痊愈无后遗症（即疼痛或关节丧失活动能力）', '': '术后 ≤ 6 ', '体检项目': '/', '项目结果': '/', '重疾险': '标体', '护理': '标体', '防癌险': '标体', '意外险': '标体', '医疗险': '除外', '备注': ''}"
腰椎滑脱,外科.txt,"{'疾病名称': '腰椎滑脱', '诊断': '创伤后滑脱、峡部性滑脱、病理性滑脱、医源性滑脱', '病情现状': '接受过手术，已痊愈无后遗症（即疼痛或关节丧失活动能力）', '': '术后> 6 ', '体检项目': '/', '项目结果': '/', '重疾险': '标体', '护理': '标体', '防癌险': '标体', '意外险': '标体', '医疗险': '标体', '备注': ''}"
腰椎滑脱,外科.txt,"{'疾病名称': '腰椎滑脱', '诊断': '创伤后滑脱、峡部性滑脱、病理性滑脱、医源性滑脱', '病情现状': '有后遗症（即疼痛）', '': '有后遗症（即疼痛）', '体检项目': '疾病问卷、一般物理检查、腰椎X片', '项目结果': '腰椎X片无异常', '重疾险': '标体', '护理': '标体', '防癌险': '标体', '意外险': '标体', '医疗险': '除外', '备注': ''}"
腰椎滑脱,外科.txt,"{'疾病名称': '腰椎滑脱', '诊断': '创伤后滑脱、峡部性滑脱、病理性滑脱、医源性滑脱', '病情现状': '有后遗症（即神经受压、活动不受限）', '': '有后遗症（即神经受压、活动不受限）', '体检项目': '疾病问卷、一般物理检查、腰椎X片', '项目结果': '腰椎X片无异常', '重疾险': '除外', '护理': '标体', '防癌险': '标体', '意外险': '标体', '医疗险': '延期', '备注': ''}"
腰椎滑脱,外科.txt,"{'疾病名称': '腰椎滑脱', '诊断': '创伤后滑脱、峡部性滑脱、病理性滑脱、医源性滑脱', '病情现状': '有后遗症（即关节丧失活动能力、活动受限、影响正常工作生活）', '': '有后遗症（即关节丧失活动能力、活动受限、影响正常工作生活）', '体检项目': '疾病问卷、一般物理检查、腰椎X片', '项目结果': '腰椎X片无异常', '重疾险': '延期', '护理': '延期', '防癌险': '标体', '意外险': '延期', '医疗险': '延期', '备注': ''}"
腰椎滑脱,外科.txt,"{'疾病名称': '腰椎滑脱', '诊断': '创伤后滑脱、峡部性滑脱、病理性滑脱、医源性滑脱', '病情现状': '有后遗症 （即合并腰椎管狭窄）', '': '有后遗症 （即合并腰椎管狭窄）', '体检项目': '疾病问卷、一般物理检查、腰椎X片', '项目结果': '腰椎X片无异常', '重疾险': '除外', '护理': '标体', '防癌险': '标体', '意外险': '标体', '医疗险': '除外', '备注': ''}"
退行性改变,外科.txt,"{'疾病名称': '退行性改变', '诊断': '颈椎/腰椎退行性变', '病情现状': '腰痛，久坐后可独自起身，活动无障碍，无需用药', '': '腰痛，久坐后可独自起身，活动无障碍，无需用药', '体检项目': '颈椎/腰椎侧位X线平片+问卷', '项目结果': '腰椎椎管狭窄、腰椎退行性改变，\n问卷：日常工作及活动正常，能正常走路，不服药或服用布洛芬等非处方止痛药', '重疾险': '标体', '护理': '标体', '防癌险': '标体', '意外险': '除外', '医疗险': '除外', '备注': ''}"
腰椎椎管狭窄,外科.txt,"{'疾病名称': '腰椎椎管狭窄', '诊断': '腰椎椎管狭窄', '病情现状': '腰痛，久坐后可独自起身，活动无障碍，可正常工作，不用药或偶尔使用布洛芬等非处方止痛药', '': '腰痛，久坐后可独自起身，活动无障碍，可正常工作，不用药或偶尔使用布洛芬等非处方止痛药', '体检项目': '颈椎/腰椎侧位X线平片+问卷', '项目结果': '腰椎椎管狭窄、腰椎退行性改变，\n问卷：日常工作及活动正常，能正常走路，不服药或服用布洛芬等非处方止痛药', '重疾险': '标体', '护理': '标体', '防癌险': '标体', '意外险': '除外', '医疗险': '除外', '备注': ''}"
腰椎椎管狭窄,外科.txt,"{'疾病名称': '腰椎椎管狭窄', '诊断': '腰椎椎管狭窄', '病情现状': '活动受限，蹲起困难，可进行非体力劳动工作，经常服用布洛芬、阿司匹林等非处方止痛药', '': '活动受限，蹲起困难，可进行非体力劳动工作，经常服用布洛芬、阿司匹林等非处方止痛药', '体检项目': '颈椎/腰椎侧位X线平片+问卷', '项目结果': '腰椎椎管狭窄、腰椎退行性改变，\n问卷：日常工作及活动正常，能正常走路，不服药或服用布洛芬等非处方止痛药', '重疾险': '标体', '护理': '标体', '防癌险': '标体', '意外险': '除外', '医疗险': '除外', '备注': ''}"
腰椎椎管狭窄,外科.txt,"{'疾病名称': '腰椎椎管狭窄', '诊断': '腰椎椎管狭窄', '病情现状': '活动受限，能独自走路，但正常工作受限，使用地西泮、氟西泮等镇静类药物超3个月', '': '活动受限，能独自走路，但正常工作受限，使用地西泮、氟西泮等镇静类药物超3个月', '体检项目': '颈椎/腰椎侧位X线平片+问卷', '项目结果': '腰椎椎管狭窄、腰椎退行性改变，\n问卷：日常工作及活动正常，能正常走路，不服药或服用布洛芬等非处方止痛药', '重疾险': '延期', '护理': '标体', '防癌险': '标体', '意外险': '延期', '医疗险': '延期', '备注': ''}"
腰椎椎管狭窄,外科.txt,"{'疾病名称': '腰椎椎管狭窄', '诊断': '腰椎椎管狭窄', '病情现状': '活动受限，不能独立行走、影响工作或已无法工作，或使用阿片类镇静类药物超过3个月', '': '活动受限，不能独立行走、影响工作或已无法工作，或使用阿片类镇静类药物超过3个月', '体检项目': '颈椎/腰椎侧位X线平片+问卷', '项目结果': '腰椎椎管狭窄、腰椎退行性改变，\n问卷：日常工作及活动正常，能正常走路，不服药或服用布洛芬等非处方止痛药', '重疾险': '延期', '护理': '可工作-标体；\n无法工作-延期', '防癌险': '拒保', '意外险': '延期', '医疗险': '延期', '备注': ''}"
颈椎椎管狭窄,外科.txt,"{'疾病名称': '颈椎椎管狭窄', '诊断': '颈椎椎管狭窄', '病情现状': '手臂麻木，颈部酸痛，如有头晕，头痛，症状需有CT或MR报告排除脑供血异常或其他头颅疾病，不需用药', '': '手臂麻木，颈部酸痛，如有头晕，头痛，症状需有CT或MR报告排除脑供血异常或其他头颅疾病，不需用药', '体检项目': '颈椎侧位X线平片，血压、颈动脉超声、血脂', '项目结果': '椎管狭窄，血压、颈动脉超声及血脂正常', '重疾险': '标体', '护理': '标体', '防癌险': '标体', '意外险': '除外', '医疗险': '除外', '备注': ''}"
椎管狭窄已手术,外科.txt,"{'疾病名称': '椎管狭窄已手术', '诊断': '腰椎或颈椎术后', '病情现状': '手术修复结构异常，症状消失，痊愈', '': '手术修复结构异常，症状消失，痊愈', '体检项目': '腰椎/颈椎侧位X线平片', '项目结果': '无椎管狭窄', '重疾险': '标体', '护理': '标体', '防癌险': '标体', '意外险': '标体', '医疗险': '标体', '备注': ''}"
椎管狭窄已手术,外科.txt,"{'疾病名称': '椎管狭窄已手术', '诊断': '腰椎或颈椎术后', '病情现状': '手术后症状仍存在，仍存在活动受限', '': '手术后症状仍存在，仍存在活动受限', '体检项目': '腰椎/颈椎侧位X线平片', '项目结果': '无椎管狭窄', '重疾险': '除外', '护理': '标体', '防癌险': '标体', '意外险': '除外', '医疗险': '除外', '备注': ''}"
腰肌劳损,外科.txt,"{'疾病名称': '腰肌劳损', '诊断': '腰肌劳损', '病情现状': '慢性腰背部疼痛', '': '慢性腰背部疼痛', '体检项目': '专科体格检查、X线检查', '项目结果': '－', '重疾险': '标体', '护理': '标体', '防癌险': '标体', '意外险': '标体', '医疗险': '除外', '备注': ''}"
四肢骨折,外科.txt,"{'疾病名称': '四肢骨折', '诊断': '四肢骨折', '病情现状': '现症', '': '现症', '体检项目': '/', '项目结果': '/', '重疾险': '延期至痊愈，对局限于手指骨、脚趾骨的骨折，可酌情标体承保', '护理': '延期至痊愈，对局限于手指骨、脚趾骨的骨折，可酌情标体承保', '防癌险': '延期至痊愈，对局限于手指骨、脚趾骨的骨折，可酌情标体承保', '意外险': '延期至痊愈', '医疗险': '延期至痊愈', '备注': ''}"
四肢骨折,外科.txt,"{'疾病名称': '四肢骨折', '诊断': '四肢骨折', '病情现状': '既往症；无后遗症，无内固定或内固定已拆除', '': '既往症；无后遗症，无内固定或内固定已拆除', '体检项目': '/', '项目结果': '/', '重疾险': '标体', '护理': '标体', '防癌险': '标体', '意外险': '标体', '医疗险': '标体', '备注': ''}"
四肢骨折,外科.txt,"{'疾病名称': '四肢骨折', '诊断': '四肢骨折', '病情现状': '既往症；无后遗症，但有内固定', '': '既往症；无后遗症，但有内固定', '体检项目': '/', '项目结果': '/', '重疾险': '标体，对可能涉及“肩、肘、腕、髋、膝、踝”关节功能影响的骨折予以除外', '护理': '标体', '防癌险': '标体', '意外险': '除外', '医疗险': '除外', '备注': ''}"
四肢骨折,外科.txt,"{'疾病名称': '四肢骨折', '诊断': '四肢骨折', '病情现状': '不明原因导致骨折', '': '不明原因导致骨折', '体检项目': '/', '项目结果': '/', '重疾险': '延期至病因明确', '护理': '延期至病因明确', '防癌险': '延期至病因明确', '意外险': '延期至病因明确', '医疗险': '延期至病因明确', '备注': ''}"
四肢骨折,外科.txt,"{'疾病名称': '四肢骨折', '诊断': '四肢骨折', '病情现状': '恶性病变导致的病理性骨折', '': '恶性病变导致的病理性骨折', '体检项目': '/', '项目结果': '/', '重疾险': '拒保', '护理': '拒保', '防癌险': '拒保', '意外险': '拒保', '医疗险': '拒保', '备注': ''}"
股骨头坏死,外科.txt,"{'疾病名称': '股骨头坏死', '诊断': '股骨头坏死', '病情现状': '现症', '': '现症', '体检项目': '——', '项目结果': '——', '重疾险': '延期', '护理': '延期', '防癌险': '标体\n（已排除肿瘤）', '意外险': '延期', '医疗险': '延期', '备注': ''}"
股骨头坏死,外科.txt,"{'疾病名称': '股骨头坏死', '诊断': '股骨头坏死', '病情现状': '已手术≤6个月', '': '已手术≤6个月', '体检项目': '——', '项目结果': '——', '重疾险': '延期', '护理': '延期', '防癌险': '标体\n（已排除肿瘤）', '意外险': '延期', '医疗险': '延期', '备注': ''}"
股骨头坏死,外科.txt,"{'疾病名称': '股骨头坏死', '诊断': '股骨头坏死', '病情现状': '已手术＞6个月', '': '已手术＞6个月', '体检项目': '物理体检、髋关节X片/CT', '项目结果': '髋关节功能正常，X片/CT结果无异常', '重疾险': '除外', '护理': '标体', '防癌险': '标体\n（已排除肿瘤）', '意外险': '标体', '医疗险': '除外', '备注': ''}"
股骨头坏死,外科.txt,"{'疾病名称': '股骨头坏死', '诊断': '股骨头坏死', '病情现状': '已手术＞6个月', '': '已手术＞6个月', '体检项目': '物理体检、髋关节X片/CT', '项目结果': '髋关节功能异常或X片/CT结果异常或存在并发症（感染、血栓等）', '重疾险': '延期', '护理': '延期', '防癌险': '标体\n（已排除肿瘤）', '意外险': '延期', '医疗险': '延期', '备注': ''}"
（下肢）静脉曲张,外科.txt,"{'疾病名称': '（下肢）静脉曲张', '诊断': '（下肢）静脉曲张', '病情现状': '现症且无并发症/接受过手术治疗且已治愈', '': '现症且无并发症/接受过手术治疗且已治愈', '体检项目': '——', '项目结果': '——', '重疾险': '标体', '护理': '标体', '防癌险': '标体', '意外险': '标体', '医疗险': '除外', '备注': ''}"
（下肢）静脉曲张,外科.txt,"{'疾病名称': '（下肢）静脉曲张', '诊断': '（下肢）静脉曲张', '病情现状': '现症且有并发症/手术后复发/手术后有并发症或后遗症（跛行等）', '': '现症且有并发症/手术后复发/手术后有并发症或后遗症（跛行等）', '体检项目': '——', '项目结果': '——', '重疾险': '标体', '护理': '标体', '防癌险': '标体', '意外险': '标体', '医疗险': '延期', '备注': ''}"
（下肢）静脉曲张,外科.txt,"{'疾病名称': '（下肢）静脉曲张', '诊断': '（下肢）静脉曲张', '病情现状': '静脉溃疡/静脉血栓', '': '静脉溃疡/静脉血栓', '体检项目': '——', '项目结果': '——', '重疾险': '延期', '护理': '标体', '防癌险': '标体', '意外险': '标体', '医疗险': '延期', '备注': ''}"
（下肢）静脉曲张,外科.txt,"{'疾病名称': '（下肢）静脉曲张', '诊断': '（下肢）静脉曲张', '病情现状': '如有其他潜在疾病', '': '如有其他潜在疾病', '体检项目': '如有其他潜在疾病', '项目结果': '按“明确病因”进行评点', '重疾险': '按“明确病因”进行评点', '护理': '按“明确病因”进行评点', '防癌险': '按“明确病因”进行评点', '意外险': '按“明确病因”进行评点', '医疗险': '按“明确病因”进行评点', '备注': ''}"
烧伤,外科.txt,"{'疾病名称': '烧伤', '诊断': '轻度烧伤 ', '病情现状': '已痊愈', '': '已痊愈', '体检项目': '—', '项目结果': '—', '重疾险': '标体', '护理': '标体', '防癌险': '标体', '意外险': '标体', '医疗险': '标体', '备注': '轻度烧伤：一和二度烧伤，覆盖身体面积的15%；或三度烧伤覆盖＜2%的体表总面积；\n中度烧伤：一度或二度烧伤，覆盖身体面积的15% - 25%；或三度烧伤覆盖2% - 10%的体表总面积；\n重度烧伤：一度或二度烧伤，覆盖面积超过身体的25%；或三度烧伤覆盖＞10%的体表总面积。'}"
烧伤,外科.txt,"{'疾病名称': '烧伤', '诊断': '中度烧伤 ', '病情现状': '对日常生活功能没有影响，没有进一步的治疗', '': '对日常生活功能没有影响，没有进一步的治疗', '体检项目': '—', '项目结果': '—', '重疾险': '标体', '护理': '标体', '防癌险': '标体', '意外险': '标体', '医疗险': '标体', '备注': '轻度烧伤：一和二度烧伤，覆盖身体面积的15%；或三度烧伤覆盖＜2%的体表总面积；\n中度烧伤：一度或二度烧伤，覆盖身体面积的15% - 25%；或三度烧伤覆盖2% - 10%的体表总面积；\n重度烧伤：一度或二度烧伤，覆盖面积超过身体的25%；或三度烧伤覆盖＞10%的体表总面积。'}"
烧伤,外科.txt,"{'疾病名称': '烧伤', '诊断': '重度烧伤', '病情现状': '严重烧伤＞5年，不影响日常功能，不再接受治疗，如物理治疗、皮肤移植', '': '严重烧伤＞5年，不影响日常功能，不再接受治疗，如物理治疗、皮肤移植', '体检项目': '—', '项目结果': '—', '重疾险': '除外', '护理': '标体', '防癌险': '标体', '意外险': '标体', '医疗险': '除外', '备注': '轻度烧伤：一和二度烧伤，覆盖身体面积的15%；或三度烧伤覆盖＜2%的体表总面积；\n中度烧伤：一度或二度烧伤，覆盖身体面积的15% - 25%；或三度烧伤覆盖2% - 10%的体表总面积；\n重度烧伤：一度或二度烧伤，覆盖面积超过身体的25%；或三度烧伤覆盖＞10%的体表总面积。'}"
烧伤,外科.txt,"{'疾病名称': '烧伤', '诊断': '重度烧伤', '病情现状': '没有完全恢复，对日常功能有影响，仍在接受治疗，有心理后遗症', '': '没有完全恢复，对日常功能有影响，仍在接受治疗，有心理后遗症', '体检项目': '—', '项目结果': '—', '重疾险': '延期', '护理': '延期', '防癌险': '标体', '意外险': '延期', '医疗险': '延期', '备注': '轻度烧伤：一和二度烧伤，覆盖身体面积的15%；或三度烧伤覆盖＜2%的体表总面积；\n中度烧伤：一度或二度烧伤，覆盖身体面积的15% - 25%；或三度烧伤覆盖2% - 10%的体表总面积；\n重度烧伤：一度或二度烧伤，覆盖面积超过身体的25%；或三度烧伤覆盖＞10%的体表总面积。'}"
腹膜炎,消化系统其他.txt,"{'疾病名称': '腹膜炎', '诊断': '急性腹膜炎', '病情现状': '现症未愈', '体检项目': '', '项目结果': '－', '重疾险': '延期', '防癌': '延期', '护理险': '延期', '医疗险': '延期', '意外险': '延期', '备注': ''}"
腹膜炎,消化系统其他.txt,"{'疾病名称': '腹膜炎', '诊断': '急性腹膜炎', '病情现状': '已痊愈，无潜在病因（如胆囊已切除、阑尾已切除等），无后遗症', '体检项目': '病历、腹部影像学检查、血常规', '项目结果': '－', '重疾险': '标体', '防癌': '标体', '护理险': '标体', '医疗险': '标体', '意外险': '标体', '备注': '无潜在病因指消化道溃疡已治愈、胆囊已切除、阑尾已切除等病因已消除的情况。'}"
腹膜炎,消化系统其他.txt,"{'疾病名称': '腹膜炎', '诊断': '急性腹膜炎', '病情现状': '已痊愈，有潜在病因或后遗症', '体检项目': '病历、腹部影像学检查、血常规', '项目结果': '－', '重疾险': '按病因评点', '防癌': '按病因评点', '护理险': '按病因评点', '医疗险': '按病因评点', '意外险': '按病因评点', '备注': ''}"
腹膜炎,消化系统其他.txt,"{'疾病名称': '腹膜炎', '诊断': '慢性腹膜炎', '病情现状': '', '体检项目': '', '项目结果': '', '重疾险': '拒保', '防癌': '拒保', '护理险': '拒保', '医疗险': '拒保', '意外险': '拒保', '备注': ''}"
胸膜间皮瘤,消化系统其他.txt,"{'疾病名称': '胸膜间皮瘤', '诊断': '/', '病情现状': '/', '体检项目': '/', '项目结果': '/', '重疾险': '拒保', '防癌': '拒保', '护理险': '拒保', '医疗险': '拒保', '意外险': '拒保', '备注': ''}"
胰腺炎,消化系统其他.txt,"{'疾病名称': '胰腺炎', '诊断': '急性胰腺炎', '病情现状': '现症，或痊愈时间不足一年', '体检项目': '病历、腹部（胰腺、胆囊）影像学检查、淀粉酶、血糖相关化验（空腹血糖及糖化血红蛋白、糖耐量、胰岛素等）', '项目结果': '－', '重疾险': '延期', '防癌': '延期', '护理险': '延期', '医疗险': '延期', '意外险': '延期', '备注': ''}"
胰腺炎,消化系统其他.txt,"{'疾病名称': '胰腺炎', '诊断': '急性胰腺炎', '病情现状': '发作次数不超过2次，最近一次痊愈超过一年', '体检项目': '病历、腹部（胰腺、胆囊）影像学检查、淀粉酶、血糖相关化验（空腹血糖及糖化血红蛋白、糖耐量、胰岛素等）', '项目结果': '检查全部正常', '重疾险': '标体', '防癌': '标体', '护理险': '标体', '医疗险': '视情况除外（胰腺、胆囊）', '意外险': '标体', '备注': ''}"
胰腺炎,消化系统其他.txt,"{'疾病名称': '胰腺炎', '诊断': '急性胰腺炎', '病情现状': '发作次数超过2次', '体检项目': '病历、腹部（胰腺、胆囊）影像学检查、淀粉酶、血糖相关化验（空腹血糖及糖化血红蛋白、糖耐量、胰岛素等）', '项目结果': '－', '重疾险': '拒保', '防癌': '标体*', '护理险': '标体*', '医疗险': '拒保', '意外险': '标体*', '备注': '标体*需满足近1年无发作且血糖相关检查正常'}"
胰腺炎,消化系统其他.txt,"{'疾病名称': '胰腺炎', '诊断': '慢性胰腺炎', '病情现状': '－', '体检项目': '－', '项目结果': '－', '重疾险': '拒保', '防癌': '标体*', '护理险': '标体*', '医疗险': '拒保', '意外险': '标体*', '备注': '标体*需满足近1年无发作且血糖相关检查正常'}"
胰腺炎,消化系统其他.txt,"{'疾病名称': '胰腺炎', '诊断': '有以下情况之一者，重疾、防癌及医疗险需谨慎核保：慢性胰腺炎、胰腺回声增粗、胰腺回声不均、胰腺囊肿及其他胰腺异常', '病情现状': '有以下情况之一者，重疾、防癌及医疗险需谨慎核保：慢性胰腺炎、胰腺回声增粗、胰腺回声不均、胰腺囊肿及其他胰腺异常', '体检项目': '有以下情况之一者，重疾、防癌及医疗险需谨慎核保：慢性胰腺炎、胰腺回声增粗、胰腺回声不均、胰腺囊肿及其他胰腺异常', '项目结果': '有以下情况之一者，重疾、防癌及医疗险需谨慎核保：慢性胰腺炎、胰腺回声增粗、胰腺回声不均、胰腺囊肿及其他胰腺异常', '重疾险': '有以下情况之一者，重疾、防癌及医疗险需谨慎核保：慢性胰腺炎、胰腺回声增粗、胰腺回声不均、胰腺囊肿及其他胰腺异常', '防癌': '有以下情况之一者，重疾、防癌及医疗险需谨慎核保：慢性胰腺炎、胰腺回声增粗、胰腺回声不均、胰腺囊肿及其他胰腺异常', '护理险': '有以下情况之一者，重疾、防癌及医疗险需谨慎核保：慢性胰腺炎、胰腺回声增粗、胰腺回声不均、胰腺囊肿及其他胰腺异常', '医疗险': '有以下情况之一者，重疾、防癌及医疗险需谨慎核保：慢性胰腺炎、胰腺回声增粗、胰腺回声不均、胰腺囊肿及其他胰腺异常', '意外险': '有以下情况之一者，重疾、防癌及医疗险需谨慎核保：慢性胰腺炎、胰腺回声增粗、胰腺回声不均、胰腺囊肿及其他胰腺异常', '备注': '有以下情况之一者，重疾、防癌及医疗险需谨慎核保：慢性胰腺炎、胰腺回声增粗、胰腺回声不均、胰腺囊肿及其他胰腺异常'}"
缺铁性贫血,血液系统.txt,"{'疾病名称': '缺铁性贫血', '诊断': '确诊缺铁性贫血', '病情现状': '成年人', '体检项目': '血常规、腹部超声', '项目结果': '正常', '重疾险': '标体', '护理险': '标体', '医疗险': '标体', '意外险': '标体', '防癌险': '标体', '备注': '轻度贫血：低于正常值，＞9g/dl (g/100 ml)\n\n中度贫血：6-9g/dl (g/100 ml)                                                                              \n\n重度贫血：＜6g/dl (g/100 ml)'}"
缺铁性贫血,血液系统.txt,"{'疾病名称': '缺铁性贫血', '诊断': '确诊缺铁性贫血', '病情现状': '成年人', '体检项目': '血常规、腹部超声', '项目结果': '轻度贫血', '重疾险': '标体', '护理险': '标体', '医疗险': '除外', '意外险': '标体', '防癌险': '标体', '备注': '轻度贫血：低于正常值，＞9g/dl (g/100 ml)\n\n中度贫血：6-9g/dl (g/100 ml)                                                                              \n\n重度贫血：＜6g/dl (g/100 ml)'}"
缺铁性贫血,血液系统.txt,"{'疾病名称': '缺铁性贫血', '诊断': '确诊缺铁性贫血', '病情现状': '成年人', '体检项目': '血常规、腹部超声', '项目结果': '中度贫血                                                                                 ', '重疾险': '延期', '护理险': '标体', '医疗险': '延期', '意外险': '标体', '防癌险': '标体', '备注': '轻度贫血：低于正常值，＞9g/dl (g/100 ml)\n\n中度贫血：6-9g/dl (g/100 ml)                                                                              \n\n重度贫血：＜6g/dl (g/100 ml)'}"
缺铁性贫血,血液系统.txt,"{'疾病名称': '缺铁性贫血', '诊断': '确诊缺铁性贫血', '病情现状': '成年人', '体检项目': '血常规、腹部超声', '项目结果': '重度贫血', '重疾险': '延期', '护理险': '标体', '医疗险': '延期', '意外险': '标体', '防癌险': '标体', '备注': '轻度贫血：低于正常值，＞9g/dl (g/100 ml)\n\n中度贫血：6-9g/dl (g/100 ml)                                                                              \n\n重度贫血：＜6g/dl (g/100 ml)'}"
缺铁性贫血,血液系统.txt,"{'疾病名称': '缺铁性贫血', '诊断': '确诊缺铁性贫血', '病情现状': '未成年人', '体检项目': '血常规、腹部超声', '项目结果': '正常', '重疾险': '标体', '护理险': '标体', '医疗险': '标体', '意外险': '标体', '防癌险': '标体', '备注': '轻度贫血：低于正常值，＞9g/dl (g/100 ml)\n\n中度贫血：6-9g/dl (g/100 ml)                                                                              \n\n重度贫血：＜6g/dl (g/100 ml)'}"
缺铁性贫血,血液系统.txt,"{'疾病名称': '缺铁性贫血', '诊断': '确诊缺铁性贫血', '病情现状': '未成年人', '体检项目': '血常规、腹部超声', '项目结果': '轻度贫血', '重疾险': '标体', '护理险': '标体', '医疗险': '除外', '意外险': '标体', '防癌险': '标体', '备注': '轻度贫血：低于正常值，＞9g/dl (g/100 ml)\n\n中度贫血：6-9g/dl (g/100 ml)                                                                              \n\n重度贫血：＜6g/dl (g/100 ml)'}"
缺铁性贫血,血液系统.txt,"{'疾病名称': '缺铁性贫血', '诊断': '确诊缺铁性贫血', '病情现状': '未成年人', '体检项目': '血常规、腹部超声', '项目结果': '中度贫血                                                                                 ', '重疾险': '延期', '护理险': '标体', '医疗险': '延期', '意外险': '标体', '防癌险': '标体', '备注': '轻度贫血：低于正常值，＞9g/dl (g/100 ml)\n\n中度贫血：6-9g/dl (g/100 ml)                                                                              \n\n重度贫血：＜6g/dl (g/100 ml)'}"
缺铁性贫血,血液系统.txt,"{'疾病名称': '缺铁性贫血', '诊断': '确诊缺铁性贫血', '病情现状': '未成年人', '体检项目': '血常规、腹部超声', '项目结果': '重度贫血', '重疾险': '延期', '护理险': '标体', '医疗险': '延期', '意外险': '标体', '防癌险': '标体', '备注': '轻度贫血：低于正常值，＞9g/dl (g/100 ml)\n\n中度贫血：6-9g/dl (g/100 ml)                                                                              \n\n重度贫血：＜6g/dl (g/100 ml)'}"
缺铁性贫血,血液系统.txt,"{'疾病名称': '缺铁性贫血', '诊断': '其他疾病导致的缺铁性贫血', '病情现状': '其他疾病导致的缺铁性贫血', '体检项目': '其他疾病导致的缺铁性贫血', '项目结果': '其他疾病导致的缺铁性贫血', '重疾险': '在上述基础上增加针对病因的评估', '护理险': '在上述基础上增加针对病因的评估', '医疗险': '在上述基础上增加针对病因的评估', '意外险': '在上述基础上增加针对病因的评估', '防癌险': '在上述基础上增加针对病因的评估', '备注': '轻度贫血：低于正常值，＞9g/dl (g/100 ml)\n\n中度贫血：6-9g/dl (g/100 ml)                                                                              \n\n重度贫血：＜6g/dl (g/100 ml)'}"
 地中海贫血,血液系统.txt,"{'疾病名称': ' 地中海贫血', '诊断': 'α 地中海贫血（无溶血危象或输血）', '病情现状': '无症状携带者或有地中海贫血性状', '体检项目': '血常规（连续半年2次以上检查资料）', '项目结果': '正常/轻度贫血', '重疾险': '标体', '护理险': '标体', '医疗险': '除外', '意外险': '标体', '防癌险': '标体', '备注': '轻度贫血：低于正常值，＞9g/dl (g/100 ml)\n\n中度贫血：6-9g/dl (g/100 ml)                                                                              \n\n重度贫血：＜6g/dl (g/100 ml)'}"
 地中海贫血,血液系统.txt,"{'疾病名称': ' 地中海贫血', '诊断': 'α 地中海贫血（无溶血危象或输血）', '病情现状': '无症状携带者或有地中海贫血性状', '体检项目': '血常规（连续半年2次以上检查资料）', '项目结果': '中度贫血                                                                                 ', '重疾险': '延期', '护理险': '标体', '医疗险': '延期', '意外险': '标体', '防癌险': '标体', '备注': '轻度贫血：低于正常值，＞9g/dl (g/100 ml)\n\n中度贫血：6-9g/dl (g/100 ml)                                                                              \n\n重度贫血：＜6g/dl (g/100 ml)'}"
 地中海贫血,血液系统.txt,"{'疾病名称': ' 地中海贫血', '诊断': 'α 地中海贫血（无溶血危象或输血）', '病情现状': '无症状携带者或有地中海贫血性状', '体检项目': '血常规（连续半年2次以上检查资料）', '项目结果': '重度贫血', '重疾险': '延期', '护理险': '延期', '医疗险': '延期', '意外险': '延期', '防癌险': '延期', '备注': '轻度贫血：低于正常值，＞9g/dl (g/100 ml)\n\n中度贫血：6-9g/dl (g/100 ml)                                                                              \n\n重度贫血：＜6g/dl (g/100 ml)'}"
 地中海贫血,血液系统.txt,"{'疾病名称': ' 地中海贫血', '诊断': 'α 地中海贫血（无溶血危象或输血）', '病情现状': '血红蛋白H 病', '体检项目': '血常规（连续半年2次以上检查资料）', '项目结果': '轻度贫血', '重疾险': '标体', '护理险': '标体', '医疗险': '延期', '意外险': '标体', '防癌险': '标体', '备注': '轻度贫血：低于正常值，＞9g/dl (g/100 ml)\n\n中度贫血：6-9g/dl (g/100 ml)                                                                              \n\n重度贫血：＜6g/dl (g/100 ml)'}"
 地中海贫血,血液系统.txt,"{'疾病名称': ' 地中海贫血', '诊断': 'α 地中海贫血（无溶血危象或输血）', '病情现状': '血红蛋白H 病', '体检项目': '血常规（连续半年2次以上检查资料）', '项目结果': '中度贫血                                                                                 ', '重疾险': '延期', '护理险': '标体', '医疗险': '延期', '意外险': '标体', '防癌险': '标体', '备注': '轻度贫血：低于正常值，＞9g/dl (g/100 ml)\n\n中度贫血：6-9g/dl (g/100 ml)                                                                              \n\n重度贫血：＜6g/dl (g/100 ml)'}"
 地中海贫血,血液系统.txt,"{'疾病名称': ' 地中海贫血', '诊断': 'α 地中海贫血（无溶血危象或输血）', '病情现状': '血红蛋白H 病', '体检项目': '血常规（连续半年2次以上检查资料）', '项目结果': '重度贫血', '重疾险': '拒保', '护理险': '拒保', '医疗险': '拒保', '意外险': '拒保', '防癌险': '拒保', '备注': '轻度贫血：低于正常值，＞9g/dl (g/100 ml)\n\n中度贫血：6-9g/dl (g/100 ml)                                                                              \n\n重度贫血：＜6g/dl (g/100 ml)'}"
 地中海贫血,血液系统.txt,"{'疾病名称': ' 地中海贫血', '诊断': 'β 地中海贫血（无溶血危象或输血）', '病情现状': '轻型', '体检项目': '血常规（连续半年2次以上检查资料）', '项目结果': '正常/轻度贫血', '重疾险': '标体', '护理险': '标体', '医疗险': '除外', '意外险': '标体', '防癌险': '标体', '备注': '轻度贫血：低于正常值，＞9g/dl (g/100 ml)\n\n中度贫血：6-9g/dl (g/100 ml)                                                                              \n\n重度贫血：＜6g/dl (g/100 ml)'}"
 地中海贫血,血液系统.txt,"{'疾病名称': ' 地中海贫血', '诊断': 'β 地中海贫血（无溶血危象或输血）', '病情现状': '轻型', '体检项目': '血常规（连续半年2次以上检查资料）', '项目结果': '中/重度贫血', '重疾险': '按血红蛋白H病进行评点', '护理险': '按血红蛋白H病进行评点', '医疗险': '按血红蛋白H病进行评点', '意外险': '按血红蛋白H病进行评点', '防癌险': '按血红蛋白H病进行评点', '备注': '轻度贫血：低于正常值，＞9g/dl (g/100 ml)\n\n中度贫血：6-9g/dl (g/100 ml)                                                                              \n\n重度贫血：＜6g/dl (g/100 ml)'}"
 地中海贫血,血液系统.txt,"{'疾病名称': ' 地中海贫血', '诊断': 'β 地中海贫血（无溶血危象或输血）', '病情现状': '中间型', '体检项目': '血常规（连续半年2次以上检查资料）', '项目结果': '轻度贫血', '重疾险': '标体', '护理险': '标体', '医疗险': '延期', '意外险': '标体', '防癌险': '标体', '备注': '轻度贫血：低于正常值，＞9g/dl (g/100 ml)\n\n中度贫血：6-9g/dl (g/100 ml)                                                                              \n\n重度贫血：＜6g/dl (g/100 ml)'}"
 地中海贫血,血液系统.txt,"{'疾病名称': ' 地中海贫血', '诊断': 'β 地中海贫血（无溶血危象或输血）', '病情现状': '中间型', '体检项目': '血常规（连续半年2次以上检查资料）', '项目结果': '中/重度贫血', '重疾险': '拒保', '护理险': '拒保', '医疗险': '拒保', '意外险': '拒保', '防癌险': '拒保', '备注': '轻度贫血：低于正常值，＞9g/dl (g/100 ml)\n\n中度贫血：6-9g/dl (g/100 ml)                                                                              \n\n重度贫血：＜6g/dl (g/100 ml)'}"
 地中海贫血,血液系统.txt,"{'疾病名称': ' 地中海贫血', '诊断': 'β 地中海贫血（无溶血危象或输血）', '病情现状': '重型', '体检项目': '', '项目结果': '', '重疾险': '拒保', '护理险': '拒保', '医疗险': '拒保', '意外险': '拒保', '防癌险': '拒保', '备注': '轻度贫血：低于正常值，＞9g/dl (g/100 ml)\n\n中度贫血：6-9g/dl (g/100 ml)                                                                              \n\n重度贫血：＜6g/dl (g/100 ml)'}"
 地中海贫血,血液系统.txt,"{'疾病名称': ' 地中海贫血', '诊断': '存在溶血危象或输血', '病情现状': '存在溶血危象或输血', '体检项目': '', '项目结果': '', '重疾险': '拒保', '护理险': '拒保', '医疗险': '拒保', '意外险': '拒保', '防癌险': '拒保', '备注': '轻度贫血：低于正常值，＞9g/dl (g/100 ml)\n\n中度贫血：6-9g/dl (g/100 ml)                                                                              \n\n重度贫血：＜6g/dl (g/100 ml)'}"
 地中海贫血,血液系统.txt,"{'疾病名称': ' 地中海贫血', '诊断': '已接受脾切除术/骨髓移植术', '病情现状': '已接受脾切除术/骨髓移植术', '体检项目': '', '项目结果': '', '重疾险': '拒保', '护理险': '拒保', '医疗险': '拒保', '意外险': '拒保', '防癌险': '拒保', '备注': '轻度贫血：低于正常值，＞9g/dl (g/100 ml)\n\n中度贫血：6-9g/dl (g/100 ml)                                                                              \n\n重度贫血：＜6g/dl (g/100 ml)'}"
急性失血性贫血,血液系统.txt,"{'疾病名称': '急性失血性贫血', '诊断': '急性失血性贫血', '病情现状': '病因已除（治疗结束3个月以上）', '体检项目': '心电图、血常规、与病因相关的检查', '项目结果': '正常', '重疾险': '标体', '护理险': '标体', '医疗险': '标体', '意外险': '标体', '防癌险': '标体', '备注': '轻度贫血：低于正常值，＞9g/dl (g/100 ml)\n\n中度贫血：6-9g/dl (g/100 ml)                                                                              \n\n重度贫血：＜6g/dl (g/100 ml)'}"
急性失血性贫血,血液系统.txt,"{'疾病名称': '急性失血性贫血', '诊断': '急性失血性贫血', '病情现状': '病因已除（治疗结束3个月以上）', '体检项目': '心电图、血常规、与病因相关的检查', '项目结果': '轻度贫血', '重疾险': '标体', '护理险': '标体', '医疗险': '标体', '意外险': '标体', '防癌险': '标体', '备注': '轻度贫血：低于正常值，＞9g/dl (g/100 ml)\n\n中度贫血：6-9g/dl (g/100 ml)                                                                              \n\n重度贫血：＜6g/dl (g/100 ml)'}"
急性失血性贫血,血液系统.txt,"{'疾病名称': '急性失血性贫血', '诊断': '急性失血性贫血', '病情现状': '病因已除（治疗结束3个月以上）', '体检项目': '心电图、血常规、与病因相关的检查', '项目结果': '中度贫血                                                                                 ', '重疾险': '延期', '护理险': '标体', '医疗险': '延期', '意外险': '标体', '防癌险': '标体', '备注': '轻度贫血：低于正常值，＞9g/dl (g/100 ml)\n\n中度贫血：6-9g/dl (g/100 ml)                                                                              \n\n重度贫血：＜6g/dl (g/100 ml)'}"
急性失血性贫血,血液系统.txt,"{'疾病名称': '急性失血性贫血', '诊断': '急性失血性贫血', '病情现状': '病因已除（治疗结束3个月以上）', '体检项目': '心电图、血常规、与病因相关的检查', '项目结果': '重度贫血', '重疾险': '延期', '护理险': '延期', '医疗险': '延期', '意外险': '标体', '防癌险': '标体', '备注': '轻度贫血：低于正常值，＞9g/dl (g/100 ml)\n\n中度贫血：6-9g/dl (g/100 ml)                                                                              \n\n重度贫血：＜6g/dl (g/100 ml)'}"
急性失血性贫血,血液系统.txt,"{'疾病名称': '急性失血性贫血', '诊断': '急性失血性贫血', '病情现状': '病因未除', '体检项目': '心电图、血常规、与病因相关的检查', '项目结果': '正常', '重疾险': '按病因评点', '护理险': '按病因评点', '医疗险': '延期', '意外险': '标体', '防癌险': '按病因评点', '备注': '轻度贫血：低于正常值，＞9g/dl (g/100 ml)\n\n中度贫血：6-9g/dl (g/100 ml)                                                                              \n\n重度贫血：＜6g/dl (g/100 ml)'}"
急性失血性贫血,血液系统.txt,"{'疾病名称': '急性失血性贫血', '诊断': '急性失血性贫血', '病情现状': '病因未除', '体检项目': '心电图、血常规、与病因相关的检查', '项目结果': '轻度贫血', '重疾险': '按病因评点', '护理险': '按病因评点', '医疗险': '延期', '意外险': '标体', '防癌险': '按病因评点', '备注': '轻度贫血：低于正常值，＞9g/dl (g/100 ml)\n\n中度贫血：6-9g/dl (g/100 ml)                                                                              \n\n重度贫血：＜6g/dl (g/100 ml)'}"
急性失血性贫血,血液系统.txt,"{'疾病名称': '急性失血性贫血', '诊断': '急性失血性贫血', '病情现状': '病因未除', '体检项目': '心电图、血常规、与病因相关的检查', '项目结果': '中度贫血                                                                                 ', '重疾险': '延期', '护理险': '按病因评点', '医疗险': '延期', '意外险': '标体', '防癌险': '按病因评点', '备注': '轻度贫血：低于正常值，＞9g/dl (g/100 ml)\n\n中度贫血：6-9g/dl (g/100 ml)                                                                              \n\n重度贫血：＜6g/dl (g/100 ml)'}"
急性失血性贫血,血液系统.txt,"{'疾病名称': '急性失血性贫血', '诊断': '急性失血性贫血', '病情现状': '病因未除', '体检项目': '心电图、血常规、与病因相关的检查', '项目结果': '重度贫血', '重疾险': '延期', '护理险': '延期', '医疗险': '延期', '意外险': '标体', '防癌险': '按病因评点', '备注': '轻度贫血：低于正常值，＞9g/dl (g/100 ml)\n\n中度贫血：6-9g/dl (g/100 ml)                                                                              \n\n重度贫血：＜6g/dl (g/100 ml)'}"
继发于慢性病的贫血,血液系统.txt,"{'疾病名称': '继发于慢性病的贫血', '诊断': '慢性病贫血', '病情现状': '提供完整连续的病历资料', '体检项目': '根据基础疾病下发针对性体检项目', '项目结果': '－', '重疾险': '针对基础疾病结合贫血程度进行评估', '护理险': '针对基础疾病结合贫血程度进行评估', '医疗险': '延期', '意外险': '针对基础疾病结合贫血程度进行评估', '防癌险': '针对基础疾病结合贫血程度进行评估', '备注': '恶性肿瘤导致的贫血，所有险种均拒保。'}"
继发于慢性病的贫血,血液系统.txt,"{'疾病名称': '继发于慢性病的贫血', '诊断': '慢性肾衰竭贫血', '病情现状': '－', '体检项目': '－', '项目结果': '－', '重疾险': '拒保', '护理险': '拒保', '医疗险': '拒保', '意外险': '拒保', '防癌险': '拒保', '备注': '恶性肿瘤导致的贫血，所有险种均拒保。'}"
继发于慢性病的贫血,血液系统.txt,"{'疾病名称': '继发于慢性病的贫血', '诊断': '肝病贫血', '病情现状': '－', '体检项目': '－', '项目结果': '－', '重疾险': '拒保', '护理险': '拒保', '医疗险': '拒保', '意外险': '拒保', '防癌险': '拒保', '备注': '恶性肿瘤导致的贫血，所有险种均拒保。'}"
继发于慢性病的贫血,血液系统.txt,"{'疾病名称': '继发于慢性病的贫血', '诊断': '内分泌疾病相关性贫血', '病情现状': '－', '体检项目': '－', '项目结果': '－', '重疾险': '针对基础疾病结合贫血程度进行评估', '护理险': '病因明确，轻度贫血，可标体。否则延期', '医疗险': '延期', '意外险': '病因明确，轻度贫血，可标体。否则延期', '防癌险': '病因明确，轻度贫血，可标体。否则延期', '备注': '恶性肿瘤导致的贫血，所有险种均拒保。'}"
巨幼细胞性贫血,血液系统.txt,"{'疾病名称': '巨幼细胞性贫血', '诊断': '叶酸缺乏性贫血', '病情现状': '已痊愈，无残留贫血', '体检项目': '完整医生病历，血常规', '项目结果': '正常', '重疾险': '标体', '护理险': '标体', '医疗险': '标体', '意外险': '标体', '防癌险': '标体', '备注': ''}"
巨幼细胞性贫血,血液系统.txt,"{'疾病名称': '巨幼细胞性贫血', '诊断': '叶酸缺乏性贫血', '病情现状': '未治疗或治疗未充分', '体检项目': '完整医生病历，血常规', '项目结果': '血红蛋白≥90g/L', '重疾险': '延期', '护理险': '标体', '医疗险': '延期', '意外险': '标体', '防癌险': '标体', '备注': ''}"
巨幼细胞性贫血,血液系统.txt,"{'疾病名称': '巨幼细胞性贫血', '诊断': '除恶性贫血外的', '病情现状': '已痊愈，无并发症、无残留贫血，持续充分治疗', '体检项目': '完整医生病历，血常规', '项目结果': '正常', '重疾险': '标体', '护理险': '标体', '医疗险': '标体', '意外险': '标体', '防癌险': '标体', '备注': ''}"
巨幼细胞性贫血,血液系统.txt,"{'疾病名称': '巨幼细胞性贫血', '诊断': '维生素B12缺乏性贫血', '病情现状': '未治疗或治疗未充分', '体检项目': '完整医生病历，血常规', '项目结果': '血红蛋白≥90g/L', '重疾险': '延期', '护理险': '标体', '医疗险': '延期', '意外险': '标体', '防癌险': '标体', '备注': ''}"
巨幼细胞性贫血,血液系统.txt,"{'疾病名称': '巨幼细胞性贫血', '诊断': '恶性贫血', '病情现状': '确诊至今1年内，已接受治疗，无并发症，定期随访', '体检项目': '完整医生病历，血常规', '项目结果': '血红蛋白≥100g/L', '重疾险': '延期', '护理险': '标体', '医疗险': '延期', '意外险': '标体', '防癌险': '标体', '备注': ''}"
巨幼细胞性贫血,血液系统.txt,"{'疾病名称': '巨幼细胞性贫血', '诊断': '恶性贫血', '病情现状': '确诊至今1年以上，已接受治疗，无并发症，定期随访', '体检项目': '完整医生病历，血常规', '项目结果': '血红蛋白≥100g/L', '重疾险': '标体', '护理险': '标体', '医疗险': '延期', '意外险': '标体', '防癌险': '标体', '备注': ''}"
巨幼细胞性贫血,血液系统.txt,"{'疾病名称': '巨幼细胞性贫血', '诊断': '恶性贫血', '病情现状': '有并发症，控制不足，或复发 ', '体检项目': '完整医生病历，血常规', '项目结果': '血红蛋白<100g/L', '重疾险': '延期', '护理险': '延期', '医疗险': '拒保', '意外险': '延期', '防癌险': '延期', '备注': ''}"
巨幼细胞性贫血,血液系统.txt,"{'疾病名称': '巨幼细胞性贫血', '诊断': '恶性贫血', '病情现状': '未治疗', '体检项目': '完整医生病历，血常规', '项目结果': '血红蛋白<100g/L', '重疾险': '延期', '护理险': '延期', '医疗险': '延期', '意外险': '延期', '防癌险': '延期', '备注': ''}"
巨幼细胞性贫血,血液系统.txt,"{'疾病名称': '巨幼细胞性贫血', '诊断': '恶性贫血', '病情现状': '与其他自身免疫性疾病有关', '体检项目': '完整医生病历，血常规', '项目结果': '/', '重疾险': '拒保', '护理险': '依据免疫疾病评估', '医疗险': '拒保', '意外险': '依据免疫疾病评估', '防癌险': '依据免疫疾病评估', '备注': ''}"
过敏性紫癜,血液系统.txt,"{'疾病名称': '过敏性紫癜', '诊断': '没有肾脏受累的临床证据，尿液检查结果正常，已治愈', '病情现状': '上次发作距今≤12个月', '体检项目': '病历、血常规、尿常规、肾功能、肾脏超声', '项目结果': '——', '重疾险': '延期', '护理险': '标体', '医疗险': '延期', '意外险': '标体', '防癌险': '标体', '备注': ''}"
过敏性紫癜,血液系统.txt,"{'疾病名称': '过敏性紫癜', '诊断': '没有肾脏受累的临床证据，尿液检查结果正常，已治愈', '病情现状': '12个月＜上次发作距今≤24个月', '体检项目': '病历、血常规、尿常规、肾功能、肾脏超声', '项目结果': '——', '重疾险': '标体', '护理险': '标体', '医疗险': '延期', '意外险': '标体', '防癌险': '标体', '备注': ''}"
过敏性紫癜,血液系统.txt,"{'疾病名称': '过敏性紫癜', '诊断': '没有肾脏受累的临床证据，尿液检查结果正常，已治愈', '病情现状': '上次发作距今＞24个月', '体检项目': '病历、血常规、尿常规、肾功能、肾脏超声', '项目结果': '——', '重疾险': '标体', '护理险': '标体', '医疗险': '标体', '意外险': '标体', '防癌险': '标体', '备注': ''}"
过敏性紫癜,血液系统.txt,"{'疾病名称': '过敏性紫癜', '诊断': '伴有肾脏受累或尿液检查异常（无肾活检或肾活检正常）', '病情现状': '伴有肾脏受累或尿液检查异常（无肾活检或肾活检正常）', '体检项目': '伴有肾脏受累或尿液检查异常（无肾活检或肾活检正常）', '项目结果': '伴有肾脏受累或尿液检查异常（无肾活检或肾活检正常）', '重疾险': '参照“急性肾病综合征”进行评点', '护理险': '参照“急性肾病综合征”进行评点', '医疗险': '参照“急性肾病综合征”进行评点', '意外险': '参照“急性肾病综合征”进行评点', '防癌险': '参照“急性肾病综合征”进行评点', '备注': ''}"
过敏性紫癜,血液系统.txt,"{'疾病名称': '过敏性紫癜', '诊断': '肾活检异常', '病情现状': '肾活检异常', '体检项目': '肾活检异常', '项目结果': '肾活检异常', '重疾险': '拒保', '护理险': '拒保', '医疗险': '拒保', '意外险': '拒保', '防癌险': '拒保', '备注': ''}"
特发性血小板减少紫癜,血液系统.txt,"{'疾病名称': '特发性血小板减少紫癜', '诊断': '急性特发性血小板减少紫癜', '病情现状': '现症/治愈≤6个月', '体检项目': '现症/治愈≤6个月', '项目结果': '——', '重疾险': '延期', '护理险': '延期', '医疗险': '延期', '意外险': '延期', '防癌险': '延期', '备注': '此评点适用于仅一次发作，大于一次按慢性评点。'}"
特发性血小板减少紫癜,血液系统.txt,"{'疾病名称': '特发性血小板减少紫癜', '诊断': '急性特发性血小板减少紫癜', '病情现状': '治愈＞6个月', '体检项目': '治愈＞6个月', '项目结果': '血常规正常', '重疾险': '标体', '护理险': '标体', '医疗险': '除外', '意外险': '标体', '防癌险': '标体', '备注': '此评点适用于仅一次发作，大于一次按慢性评点。'}"
特发性血小板减少紫癜,血液系统.txt,"{'疾病名称': '特发性血小板减少紫癜', '诊断': '慢性特发性血小板减少紫癜', '病情现状': '治疗已结束/无治疗，接受或未接受脾脏切除手术', '体检项目': '治疗结束≤6个月', '项目结果': '——', '重疾险': '延期', '护理险': '延期', '医疗险': '拒保', '意外险': '延期', '防癌险': '延期', '备注': '不明原因的血小板降低，需明确原因后方可评估'}"
特发性血小板减少紫癜,血液系统.txt,"{'疾病名称': '特发性血小板减少紫癜', '诊断': '慢性特发性血小板减少紫癜', '病情现状': '治疗已结束/无治疗，接受或未接受脾脏切除手术', '体检项目': '治疗结束＞6个月', '项目结果': '血小板计数稳定且＞80*10^9/L，保持6个月-2年', '重疾险': '延期', '护理险': '标体', '医疗险': '拒保', '意外险': '标体', '防癌险': '标体', '备注': '不明原因的血小板降低，需明确原因后方可评估'}"
特发性血小板减少紫癜,血液系统.txt,"{'疾病名称': '特发性血小板减少紫癜', '诊断': '慢性特发性血小板减少紫癜', '病情现状': '治疗已结束/无治疗，接受或未接受脾脏切除手术', '体检项目': '治疗结束＞6个月', '项目结果': '血小板计数稳定且＞80*10^9/L，保持超过2年', '重疾险': '标体', '护理险': '标体', '医疗险': '拒保', '意外险': '标体', '防癌险': '标体', '备注': '不明原因的血小板降低，需明确原因后方可评估'}"
特发性血小板减少紫癜,血液系统.txt,"{'疾病名称': '特发性血小板减少紫癜', '诊断': '慢性特发性血小板减少紫癜', '病情现状': '治疗已结束/无治疗，接受或未接受脾脏切除手术', '体检项目': '治疗结束＞6个月', '项目结果': '血小板计数稳定在40-80*10^9/L，保持6个月-3年', '重疾险': '延期', '护理险': '标体', '医疗险': '拒保', '意外险': '标体', '防癌险': '标体', '备注': '不明原因的血小板降低，需明确原因后方可评估'}"
特发性血小板减少紫癜,血液系统.txt,"{'疾病名称': '特发性血小板减少紫癜', '诊断': '慢性特发性血小板减少紫癜', '病情现状': '治疗已结束/无治疗，接受或未接受脾脏切除手术', '体检项目': '治疗结束＞6个月', '项目结果': '血小板计数稳定在40-80*10^9/L，保持超过3年', '重疾险': '延期', '护理险': '标体', '医疗险': '拒保', '意外险': '标体', '防癌险': '标体', '备注': '不明原因的血小板降低，需明确原因后方可评估'}"
特发性血小板减少紫癜,血液系统.txt,"{'疾病名称': '特发性血小板减少紫癜', '诊断': '合并其他风险因素（疗效差；采用免疫抑制剂进行治疗；任何严重的胃肠道出血或颅内出血；持续的糖皮质激素治疗；血小板计数＜40*10^9/L）', '病情现状': '合并其他风险因素（疗效差；采用免疫抑制剂进行治疗；任何严重的胃肠道出血或颅内出血；持续的糖皮质激素治疗；血小板计数＜40*10^9/L）', '体检项目': '合并其他风险因素（疗效差；采用免疫抑制剂进行治疗；任何严重的胃肠道出血或颅内出血；持续的糖皮质激素治疗；血小板计数＜40*10^9/L）', '项目结果': '合并其他风险因素（疗效差；采用免疫抑制剂进行治疗；任何严重的胃肠道出血或颅内出血；持续的糖皮质激素治疗；血小板计数＜40*10^9/L）', '重疾险': '拒保', '护理险': '拒保', '医疗险': '拒保', '意外险': '拒保', '防癌险': '拒保', '备注': '不明原因的血小板降低，需明确原因后方可评估'}"
中性粒细胞减少症,血液系统.txt,"{'疾病名称': '中性粒细胞减少症', '诊断': '慢性良性中性粒细胞减少症 ', '病情现状': '1.现症未愈或痊愈1年内\n2.既往多次骨髓穿刺支持诊断3.无药物、毒害物质接触风险', '体检项目': '完整病历，血常规，AST+ALT', '项目结果': '中性粒计数> 1.0 x 10^9/L ，\n肝功正常', '重疾险': '延期（>1.5可标体）', '护理险': '标体', '医疗险': '延期', '意外险': '标体', '防癌险': '标体', '备注': '合并恶性肿瘤者，拒保；\n不明原因的粒细胞降低，需明确原因后方可评估'}"
中性粒细胞减少症,血液系统.txt,"{'疾病名称': '中性粒细胞减少症', '诊断': '慢性良性中性粒细胞减少症 ', '病情现状': '1.已痊愈超1年\n2既往多次骨髓穿刺支持诊断\n3.无药物、毒害物质接触风险', '体检项目': '完整病历，血常规，AST+ALT', '项目结果': '中性粒计数及肝功正常', '重疾险': '标体', '护理险': '标体', '医疗险': '除外', '意外险': '标体', '防癌险': '标体', '备注': '合并恶性肿瘤者，拒保；\n不明原因的粒细胞降低，需明确原因后方可评估'}"
中性粒细胞减少症,血液系统.txt,"{'疾病名称': '中性粒细胞减少症', '诊断': '药物性中性粒细胞减少症', '病情现状': '既往明确诊断，现症未愈或痊愈后 ≤6 个月 ', '体检项目': '完整病历，血常规，AST+ALT', '项目结果': '中性粒计数 (0.5-1.0)x 10^9/L或正常,\n肝功正常', '重疾险': '延期', '护理险': '延期', '医疗险': '延期', '意外险': '标体', '防癌险': '延期', '备注': '合并恶性肿瘤者，拒保；\n不明原因的粒细胞降低，需明确原因后方可评估'}"
中性粒细胞减少症,血液系统.txt,"{'疾病名称': '中性粒细胞减少症', '诊断': '药物性中性粒细胞减少症', '病情现状': ' 既往明确诊断，痊愈后 >6 个月  ', '体检项目': '完整病历，血常规，AST+ALT', '项目结果': '中性粒计数正常，肝功正常', '重疾险': '标体', '护理险': '标体', '医疗险': '除外', '意外险': '标体', '防癌险': '标体', '备注': '合并恶性肿瘤者，拒保；\n不明原因的粒细胞降低，需明确原因后方可评估'}"
中性粒细胞减少症,血液系统.txt,"{'疾病名称': '中性粒细胞减少症', '诊断': '急性毒素暴露后中性粒细胞减少症', '病情现状': '单次发作，脱离毒素环境，或具体病因不确定，痊愈超1年', '体检项目': '完整病历，血常规，AST+ALT', '项目结果': '中性粒计数> 1.5 x 10^9/L ', '重疾险': '标体', '护理险': '标体', '医疗险': '除外', '意外险': '标体', '防癌险': '加费EM50', '备注': '合并恶性肿瘤者，拒保；\n不明原因的粒细胞降低，需明确原因后方可评估'}"
中性粒细胞减少症,血液系统.txt,"{'疾病名称': '中性粒细胞减少症', '诊断': '急性毒素暴露后中性粒细胞减少症', '病情现状': '持续发作，或暴露于毒素环境，或痊愈不满1年', '体检项目': '——', '项目结果': '——', '重疾险': '延期', '护理险': '延期', '医疗险': '延期', '意外险': '延期', '防癌险': '延期', '备注': '合并恶性肿瘤者，拒保；\n不明原因的粒细胞降低，需明确原因后方可评估'}"
中性粒细胞减少症,血液系统.txt,"{'疾病名称': '中性粒细胞减少症', '诊断': '重度先天性中性粒细胞减少症（Kostmann 病）、慢性特发性或周期性中性粒细胞减少症', '病情现状': '1.既往确诊并治疗；\n2.粒细胞数值稳定超1年，且近3年：\na.无脓毒症发作\nb.无持续性高热超48小时\nc.无骨髓或干细胞检查异常\nd.无免疫抑制剂治疗\ne.无类固醇治疗', '体检项目': '血常规、骨髓穿刺检查', '项目结果': '中性粒计数> 1.0 x 10^9/L ', '重疾险': '拒保', '护理险': '标体', '医疗险': '拒保', '意外险': '标体', '防癌险': '标体', '备注': '合并恶性肿瘤者，拒保；\n不明原因的粒细胞降低，需明确原因后方可评估'}"
中性粒细胞减少症,血液系统.txt,"{'疾病名称': '中性粒细胞减少症', '诊断': '重度先天性中性粒细胞减少症（Kostmann 病）、慢性特发性或周期性中性粒细胞减少症', '病情现状': '1.既往确诊并治疗；\n2.粒细胞数值稳定超1年，且近3年：\na.无脓毒症发作\nb.无持续性高热超48小时\nc.无骨髓或干细胞检查异常\nd.无免疫抑制剂治疗\ne.无类固醇治疗', '体检项目': '血常规、骨髓穿刺检查', '项目结果': '中性粒计数 (0.5-1.0)x 10^9/L', '重疾险': '拒保', '护理险': '标体', '医疗险': '拒保', '意外险': '标体', '防癌险': '标体', '备注': '合并恶性肿瘤者，拒保；\n不明原因的粒细胞降低，需明确原因后方可评估'}"
中性粒细胞减少症,血液系统.txt,"{'疾病名称': '中性粒细胞减少症', '诊断': '重度先天性中性粒细胞减少症（Kostmann 病）、慢性特发性或周期性中性粒细胞减少症', '病情现状': '1.既往确诊并治疗；\n2.粒细胞数值稳定超1年，且近3年：\na.无脓毒症发作\nb.无持续性高热超48小时\nc.无骨髓或干细胞检查异常\nd.无免疫抑制剂治疗\ne.无类固醇治疗', '体检项目': '血常规、骨髓穿刺检查', '项目结果': '中性粒计数 < 0.5 x 10^9/L ', '重疾险': '拒保', '护理险': '拒保', '医疗险': '拒保', '意外险': '拒保', '防癌险': '拒保', '备注': '合并恶性肿瘤者，拒保；\n不明原因的粒细胞降低，需明确原因后方可评估'}"
脾功能亢进,血液系统.txt,"{'疾病名称': '脾功能亢进', '诊断': '原发性脾功能亢进', '病情现状': '未手术治疗/术后不满1年', '体检项目': '——', '项目结果': '——', '重疾险': '延期', '护理险': '延期', '医疗险': '拒保', '意外险': '延期', '防癌险': '延期', '备注': ''}"
脾功能亢进,血液系统.txt,"{'疾病名称': '脾功能亢进', '诊断': '原发性脾功能亢进', '病情现状': '脾切除术后1年以上', '体检项目': '血常规、腹部B超等', '项目结果': '血常规正常', '重疾险': '标体', '护理险': '标体', '医疗险': '拒保', '意外险': '标体', '防癌险': '标体', '备注': ''}"
脾功能亢进,血液系统.txt,"{'疾病名称': '脾功能亢进', '诊断': '原发性脾功能亢进', '病情现状': '脾切除术后1年以上', '体检项目': '血常规、腹部B超等', '项目结果': '血常规异常', '重疾险': '延期', '护理险': '依据异常项审核', '医疗险': '拒保', '意外险': '依据异常项审核', '防癌险': '依据异常项审核', '备注': ''}"
脾功能亢进,血液系统.txt,"{'疾病名称': '脾功能亢进', '诊断': '继发性脾功能亢进', '病情现状': '', '体检项目': '', '项目结果': '', '重疾险': '按病因评点', '护理险': '按病因评点', '医疗险': '按病因评点', '意外险': '按病因评点', '防癌险': '按病因评点', '备注': ''}"
脾大,血液系统.txt,"{'疾病名称': '脾大', '诊断': '原发性脾大，仅体检发现，无并发症', '病情现状': '原发性脾大，仅体检发现，无并发症', '体检项目': '血常规、胆红素、腹部超声', '项目结果': '血常规、胆红素正常，脾脏增大增大不超过厚度45mm和/或长度130mm', '重疾险': '标体', '护理险': '标体', '医疗险': '标体', '意外险': '标体', '防癌险': '标体', '备注': ''}"
脾大,血液系统.txt,"{'疾病名称': '脾大', '诊断': '合并肝炎病史', '病情现状': '', '体检项目': '', '项目结果': '', '重疾险': '拒保', '护理险': '拒保', '医疗险': '拒保', '意外险': '拒保', '防癌险': '拒保', '备注': ''}"
脾大,血液系统.txt,"{'疾病名称': '脾大', '诊断': '继发性脾脏增大', '病情现状': '导致脾肿大的原因包括但不限于：\n急性感染：如疟疾、传染性单核细胞增多症\n慢性感染：如肺结核、布鲁氏菌病\n炎症：如结节病、系统性红斑狼疮、类风湿关节炎\n血液病：如溶血性贫血、血红蛋白病、白血病、淋巴瘤及骨髓增生性疾病\n肝脏疾病', '体检项目': '导致脾肿大的原因包括但不限于：\n急性感染：如疟疾、传染性单核细胞增多症\n慢性感染：如肺结核、布鲁氏菌病\n炎症：如结节病、系统性红斑狼疮、类风湿关节炎\n血液病：如溶血性贫血、血红蛋白病、白血病、淋巴瘤及骨髓增生性疾病\n肝脏疾病', '项目结果': '导致脾肿大的原因包括但不限于：\n急性感染：如疟疾、传染性单核细胞增多症\n慢性感染：如肺结核、布鲁氏菌病\n炎症：如结节病、系统性红斑狼疮、类风湿关节炎\n血液病：如溶血性贫血、血红蛋白病、白血病、淋巴瘤及骨髓增生性疾病\n肝脏疾病', '重疾险': '按原发疾病审核', '护理险': '按原发疾病审核', '医疗险': '按原发疾病审核', '意外险': '按原发疾病审核', '防癌险': '按原发疾病审核', '备注': ''}"
脾脏创伤,血液系统.txt,"{'疾病名称': '脾脏创伤', '诊断': '脾脏创伤', '病情现状': '未手术，保守治疗结束', '体检项目': '腹部彩超、血常规', '项目结果': '正常', '重疾险': '标体', '护理险': '标体', '医疗险': '标体', '意外险': '标体', '防癌险': '标体', '备注': ''}"
脾脏创伤,血液系统.txt,"{'疾病名称': '脾脏创伤', '诊断': '脾脏创伤', '病情现状': '未手术，保守治疗结束', '体检项目': '腹部彩超、血常规', '项目结果': '异常', '重疾险': '延期', '护理险': '延期', '医疗险': '延期', '意外险': '延期', '防癌险': '标体', '备注': ''}"
脾脏创伤,血液系统.txt,"{'疾病名称': '脾脏创伤', '诊断': '脾脏创伤', '病情现状': '术后≤6个月', '体检项目': '腹部彩超、血常规', '项目结果': '——', '重疾险': '延期', '护理险': '延期', '医疗险': '延期', '意外险': '延期', '防癌险': '标体', '备注': ''}"
脾脏创伤,血液系统.txt,"{'疾病名称': '脾脏创伤', '诊断': '脾脏创伤', '病情现状': '术后＞6个月', '体检项目': '腹部彩超、血常规', '项目结果': '正常', '重疾险': '标体', '护理险': '标体', '医疗险': '标体', '意外险': '标体', '防癌险': '标体', '备注': ''}"
脾脏创伤,血液系统.txt,"{'疾病名称': '脾脏创伤', '诊断': '脾脏创伤', '病情现状': '术后＞6个月', '体检项目': '腹部彩超、血常规', '项目结果': '异常', '重疾险': '延期', '护理险': '依据异常项审核', '医疗险': '延期', '意外险': '依据异常项审核', '防癌险': '依据异常项审核', '备注': ''}"
血红蛋白尿,血液系统.txt,"{'疾病名称': '血红蛋白尿', '诊断': '阵发性睡眠性血红蛋白尿', '病情现状': '阵发性睡眠性血红蛋白尿', '体检项目': '完整病史资料', '项目结果': '－', '重疾险': '拒保', '护理险': '拒保', '医疗险': '拒保', '意外险': '拒保', '防癌险': '拒保', '备注': ''}"
血红蛋白尿,血液系统.txt,"{'疾病名称': '血红蛋白尿', '诊断': '运动性（行军性）血红蛋白尿', '病情现状': '运动性（行军性）血红蛋白尿', '体检项目': '完整病史资料', '项目结果': '－', '重疾险': '标体', '护理险': '标体', '医疗险': '标体', '意外险': '标体', '防癌险': '标体', '备注': ''}"
遗传性出血性毛细血管扩张症,血液系统.txt,"{'疾病名称': '遗传性出血性毛细血管扩张症', '诊断': '遗传性出血性毛细血管扩张症', '病情现状': '毛细血管扩张性皮肤病变或仅有偶发性鼻出血', '体检项目': '/', '项目结果': '/', '重疾险': '拒保', '护理险': '标体', '医疗险': '拒保', '意外险': '标体', '防癌险': '标体', '备注': '有脑血管畸形病史者，护理险及意外险不能承保'}"
遗传性出血性毛细血管扩张症,血液系统.txt,"{'疾病名称': '遗传性出血性毛细血管扩张症', '诊断': '遗传性出血性毛细血管扩张症', '病情现状': '有出血事件导致轻度贫血的病史，经门诊治疗可控制；可能有距今6个月以上的成功治愈的肺或脑的动静脉畸形病史', '体检项目': '/', '项目结果': '/', '重疾险': '拒保', '护理险': '标体', '医疗险': '拒保', '意外险': '标体', '防癌险': '标体', '备注': '有脑血管畸形病史者，护理险及意外险不能承保'}"
遗传性出血性毛细血管扩张症,血液系统.txt,"{'疾病名称': '遗传性出血性毛细血管扩张症', '诊断': '遗传性出血性毛细血管扩张症', '病情现状': ' 未经治愈的体内病变（如肺、肝脏或颅内病变等）；频繁的出血事件，导致中度贫血；胃肠道出血；重度贫血', '体检项目': '/', '项目结果': '/', '重疾险': '拒保', '护理险': '拒保', '医疗险': '拒保', '意外险': '拒保', '防癌险': '拒保', '备注': '有脑血管畸形病史者，护理险及意外险不能承保'}"
骨髓增生异常综合征,血液系统.txt,"{'疾病名称': '骨髓增生异常综合征', '诊断': '骨髓增生异常综合征', '病情现状': '/', '体检项目': '/', '项目结果': '/', '重疾险': '拒保', '护理险': '拒保', '医疗险': '拒保', '意外险': '拒保', '防癌险': '拒保', '备注': ''}"
带状疱疹,感染.txt,"{'疾病名称': '带状疱疹', '诊断': '已确诊', '病情现状': '无并发症', '体检项目': '医院病历', '项目结果': '－', '重疾险': '标体', '护理险': '标体', '防癌险': '标体', '意外险': '标体', '医疗险': '除外', '备注': ''}"
带状疱疹,感染.txt,"{'疾病名称': '带状疱疹', '诊断': '已确诊', '病情现状': '有并发症', '体检项目': '医院病历', '项目结果': '－', '重疾险': '按并发症评点', '护理险': '按并发症评点', '防癌险': '标体', '意外险': '标体', '医疗险': '除外', '备注': ''}"
带状疱疹,感染.txt,"{'疾病名称': '带状疱疹', '诊断': '未确诊', '病情现状': '所有案例', '体检项目': '无', '项目结果': '－', '重疾险': '延期', '护理险': '延期', '防癌险': '延期', '意外险': '延期', '医疗险': '延期', '备注': ''}"
结核病,感染.txt,"{'疾病名称': '结核病', '诊断': '肺结核', '病情现状': '目前正在使用或可能会使用免疫抑制类药物或类固醇', '体检项目': '肺功能、胸部影像', '项目结果': '', '重疾险': '延期', '护理险': '延期', '防癌险': '延期', '意外险': '标体', '医疗险': '延期', '备注': ''}"
结核病,感染.txt,"{'疾病名称': '结核病', '诊断': '肺结核', '病情现状': '治疗结束，目前未使用或可能会使用免疫抑制类药物或类固醇', '体检项目': '肺功能、胸部影像', '项目结果': '均正常', '重疾险': '标体', '护理险': '标体', '防癌险': '标体', '意外险': '标体', '医疗险': '标体', '备注': '肺功能正常：FEV1 和 FVC > 80％ 预测值，并且过去一年没有降低的趋势'}"
结核病,感染.txt,"{'疾病名称': '结核病', '诊断': '肺结核', '病情现状': '治疗结束，目前未使用或可能会使用免疫抑制类药物或类固醇', '体检项目': '肺功能、胸部影像', '项目结果': '肺功能异常', '重疾险': '参照如下疾病评点：慢性阻塞性肺病、各类 COPD、肺气肿、支气管炎，按照年龄和基于 FVC（观察值/预测值）判断的严重程度', '护理险': '参照如下疾病评点：慢性阻塞性肺病、各类 COPD、肺气肿、支气管炎，按照年龄和基于 FVC（观察值/预测值）判断的严重程度', '防癌险': '参照如下疾病评点：慢性阻塞性肺病、各类 COPD、肺气肿、支气管炎，按照年龄和基于 FVC（观察值/预测值）判断的严重程度', '意外险': '参照如下疾病评点：慢性阻塞性肺病、各类 COPD、肺气肿、支气管炎，按照年龄和基于 FVC（观察值/预测值）判断的严重程度', '医疗险': '参照如下疾病评点：慢性阻塞性肺病、各类 COPD、肺气肿、支气管炎，按照年龄和基于 FVC（观察值/预测值）判断的严重程度', '备注': ''}"
结核病,感染.txt,"{'疾病名称': '结核病', '诊断': '肺结核', '病情现状': '治疗结束，目前未使用或可能会使用免疫抑制类药物或类固醇', '体检项目': '肺功能、胸部影像', '项目结果': '肺功能正常、影像检查异常', '重疾险': '参照影像异常评点：肺结节；陈旧性病灶或纤维索条影可标体', '护理险': '参照影像异常评点：肺结节；陈旧性病灶或纤维索条影可标体', '防癌险': '参照影像异常评点：肺结节；陈旧性病灶或纤维索条影可标体', '意外险': '参照影像异常评点：肺结节；陈旧性病灶或纤维索条影可标体', '医疗险': '参照影像异常评点：肺结节；陈旧性病灶或纤维索条影可标体', '备注': ''}"
结核病,感染.txt,"{'疾病名称': '结核病', '诊断': '肺外结核', '病情现状': '播散型结核（扩散性结核病）', '体检项目': '病历及相关部位的复查结果', '项目结果': '', '重疾险': '拒保', '护理险': '拒保', '防癌险': '拒保', '意外险': '拒保', '医疗险': '拒保', '备注': ''}"
结核病,感染.txt,"{'疾病名称': '结核病', '诊断': '肺外结核', '病情现状': '骨骼、腹膜、泌尿生殖系统疾病', '体检项目': '病历及相关部位的复查结果', '项目结果': '痊愈', '重疾险': '标体', '护理险': '标体', '防癌险': '标体', '意外险': '标体', '医疗险': '标体/除外', '备注': ''}"
结核病,感染.txt,"{'疾病名称': '结核病', '诊断': '肺外结核', '病情现状': '存在肾功能异常的临床依据', '体检项目': '病历及相关部位的复查结果', '项目结果': '', '重疾险': '依据慢性肾脏疾病审核', '护理险': '依据慢性肾脏疾病审核', '防癌险': '依据慢性肾脏疾病审核', '意外险': '依据慢性肾脏疾病审核', '医疗险': '依据慢性肾脏疾病审核', '备注': ''}"
结核病,感染.txt,"{'疾病名称': '结核病', '诊断': '肺外结核', '病情现状': '中枢神经系统疾病（即：脑膜炎）', '体检项目': '病历及相关部位的复查结果', '项目结果': '痊愈', '重疾险': '拒保', '护理险': '无功能损伤遗留者可标体', '防癌险': '无占位性表现者可标体', '意外险': '标体', '医疗险': '拒保', '备注': ''}"
流行性出血热,感染.txt,"{'疾病名称': '流行性出血热', '诊断': '流行性出血热', '病情现状': '现症未愈', '体检项目': '/', '项目结果': '/', '重疾险': '延期', '护理险': '延期', '防癌险': '延期', '意外险': '延期', '医疗险': '延期', '备注': ''}"
流行性出血热,感染.txt,"{'疾病名称': '流行性出血热', '诊断': '流行性出血热', '病情现状': '既往病史，目前已经治愈', '体检项目': '血常规、尿常规、肝功能、肾功能、电解质', '项目结果': '正常', '重疾险': '标体', '护理险': '标体', '防癌险': '标体', '意外险': '标体', '医疗险': '标体', '备注': ''}"
流行性出血热,感染.txt,"{'疾病名称': '流行性出血热', '诊断': '流行性出血热', '病情现状': '既往病史，目前已经治愈', '体检项目': '血常规、尿常规、肝功能、肾功能、电解质', '项目结果': '异常', '重疾险': '延期', '护理险': '延期', '防癌险': '延期', '意外险': '延期', '医疗险': '拒保', '备注': ''}"
血吸虫病,感染.txt,"{'疾病名称': '血吸虫病', '诊断': '现症或无治疗史', '病情现状': '', '体检项目': '医生病历、免疫学检查、影像学检查', '项目结果': '', '重疾险': '延期', '护理险': '延期', '防癌险': '延期', '意外险': '延期', '医疗险': '延期', '备注': '标体*：需充分随访，已明确治愈，显微镜尿液检查正常；如不能提供完整连续的病历资料及检查报告，不建议承保'}"
血吸虫病,感染.txt,"{'疾病名称': '血吸虫病', '诊断': '单次发作', '病情现状': '痊愈不足6个月', '体检项目': '医生病历、免疫学检查、影像学检查', '项目结果': '', '重疾险': '延期', '护理险': '延期', '防癌险': '延期', '意外险': '标体', '医疗险': '拒保', '备注': '标体*：需充分随访，已明确治愈，显微镜尿液检查正常；如不能提供完整连续的病历资料及检查报告，不建议承保'}"
血吸虫病,感染.txt,"{'疾病名称': '血吸虫病', '诊断': '单次发作', '病情现状': '完全痊愈6个月-2年', '体检项目': '医生病历、免疫学检查、影像学检查', '项目结果': '', '重疾险': '延期', '护理险': '标体', '防癌险': '无占位性表现者可标体', '意外险': '标体', '医疗险': '拒保', '备注': '标体*：需充分随访，已明确治愈，显微镜尿液检查正常；如不能提供完整连续的病历资料及检查报告，不建议承保'}"
血吸虫病,感染.txt,"{'疾病名称': '血吸虫病', '诊断': '单次发作', '病情现状': '完全痊愈2年以上', '体检项目': '医生病历、免疫学检查、影像学检查', '项目结果': '', '重疾险': '标体*', '护理险': '标体', '防癌险': '无占位性表现者可标体', '意外险': '标体', '医疗险': '拒保', '备注': '标体*：需充分随访，已明确治愈，显微镜尿液检查正常；如不能提供完整连续的病历资料及检查报告，不建议承保'}"
血吸虫病,感染.txt,"{'疾病名称': '血吸虫病', '诊断': '发作次数2次或以上', '病情现状': '痊愈不足6个月', '体检项目': '医生病历、免疫学检查、影像学检查', '项目结果': '', '重疾险': '拒保', '护理险': '延期', '防癌险': '延期', '意外险': '标体', '医疗险': '拒保', '备注': '标体*：需充分随访，已明确治愈，显微镜尿液检查正常；如不能提供完整连续的病历资料及检查报告，不建议承保'}"
血吸虫病,感染.txt,"{'疾病名称': '血吸虫病', '诊断': '发作次数2次或以上', '病情现状': '完全痊愈6个月-3年', '体检项目': '医生病历、免疫学检查、影像学检查', '项目结果': '', '重疾险': '延期', '护理险': '标体', '防癌险': '无占位性表现者可标体', '意外险': '标体', '医疗险': '拒保', '备注': '标体*：需充分随访，已明确治愈，显微镜尿液检查正常；如不能提供完整连续的病历资料及检查报告，不建议承保'}"
血吸虫病,感染.txt,"{'疾病名称': '血吸虫病', '诊断': '发作次数2次或以上', '病情现状': '完全痊愈3年以上', '体检项目': '医生病历、免疫学检查、影像学检查', '项目结果': '', '重疾险': '标体*', '护理险': '标体', '防癌险': '无占位性表现者可标体', '意外险': '标体', '医疗险': '拒保', '备注': '标体*：需充分随访，已明确治愈，显微镜尿液检查正常；如不能提供完整连续的病历资料及检查报告，不建议承保'}"
梅毒,感染.txt,"{'疾病名称': '梅毒', '诊断': '合并HIV感染', '病情现状': '合并HIV感染', '体检项目': '', '项目结果': '', '重疾险': '拒保', '护理险': '拒保', '防癌险': '拒保', '意外险': '拒保', '医疗险': '拒保', '备注': '一期梅毒的特征是在感染部位（通常为生殖器）形成无痛性硬溃疡（下疳）。大约 4 至 8 周后，患者出现二期梅毒的症状，例如不适、发热、头痛、咽喉痛、全身性淋巴结病、皮肤损害。\n潜伏梅毒 \n在潜伏梅毒阶段，没有临床症状，脊髓液正常。潜伏期在二期梅毒初次发作后开始，可能持续终生。使用一项反应性血清学测试通常可将其检出。在确诊为潜伏梅毒之前，必须对阳性筛查试验结果进行确认。\n晚期或三期梅毒是这种疾病的破坏性阶段。它通常进展非常缓慢。任何机体器官都有可能受累，但可以显著识别的有三种主要疾病类型：晚期良性梅毒（梅毒瘤）；心血管梅毒；神经梅毒。\n标体*：需充分随访，已明确治愈；如不能提供完整连续的病历资料及检查报告，不建议承保'}"
梅毒,感染.txt,"{'疾病名称': '梅毒', '诊断': '脊髓痨、麻痹性痴呆、三期梅毒', '病情现状': '脊髓痨、麻痹性痴呆、三期梅毒', '体检项目': '', '项目结果': '', '重疾险': '拒保', '护理险': '拒保', '防癌险': '拒保', '意外险': '拒保', '医疗险': '拒保', '备注': '一期梅毒的特征是在感染部位（通常为生殖器）形成无痛性硬溃疡（下疳）。大约 4 至 8 周后，患者出现二期梅毒的症状，例如不适、发热、头痛、咽喉痛、全身性淋巴结病、皮肤损害。\n潜伏梅毒 \n在潜伏梅毒阶段，没有临床症状，脊髓液正常。潜伏期在二期梅毒初次发作后开始，可能持续终生。使用一项反应性血清学测试通常可将其检出。在确诊为潜伏梅毒之前，必须对阳性筛查试验结果进行确认。\n晚期或三期梅毒是这种疾病的破坏性阶段。它通常进展非常缓慢。任何机体器官都有可能受累，但可以显著识别的有三种主要疾病类型：晚期良性梅毒（梅毒瘤）；心血管梅毒；神经梅毒。\n标体*：需充分随访，已明确治愈；如不能提供完整连续的病历资料及检查报告，不建议承保'}"
梅毒,感染.txt,"{'疾病名称': '梅毒', '诊断': '梅毒现症，未接受充分治疗、未治疗、或正在接受治疗', '病情现状': '梅毒现症，未接受充分治疗、未治疗、或正在接受治疗', '体检项目': '', '项目结果': '', '重疾险': '延期', '护理险': '延期', '防癌险': '延期', '意外险': '延期', '医疗险': '拒保', '备注': '一期梅毒的特征是在感染部位（通常为生殖器）形成无痛性硬溃疡（下疳）。大约 4 至 8 周后，患者出现二期梅毒的症状，例如不适、发热、头痛、咽喉痛、全身性淋巴结病、皮肤损害。\n潜伏梅毒 \n在潜伏梅毒阶段，没有临床症状，脊髓液正常。潜伏期在二期梅毒初次发作后开始，可能持续终生。使用一项反应性血清学测试通常可将其检出。在确诊为潜伏梅毒之前，必须对阳性筛查试验结果进行确认。\n晚期或三期梅毒是这种疾病的破坏性阶段。它通常进展非常缓慢。任何机体器官都有可能受累，但可以显著识别的有三种主要疾病类型：晚期良性梅毒（梅毒瘤）；心血管梅毒；神经梅毒。\n标体*：需充分随访，已明确治愈；如不能提供完整连续的病历资料及检查报告，不建议承保'}"
梅毒,感染.txt,"{'疾病名称': '梅毒', '诊断': '潜伏梅毒或一期和二期梅毒：', '病情现状': '潜伏梅毒或一期和二期梅毒：', '体检项目': '医生病历、血清学测试（VDRL（性病研究实验室玻片试验）、TPHA（梅毒螺旋体血凝试验）、\nFTA-ABS（荧光梅毒螺旋体抗体））', '项目结果': '充分治疗已痊愈，血清学检查阴性', '重疾险': '标体*', '护理险': '标体', '防癌险': '标体', '意外险': '标体', '医疗险': '拒保', '备注': '一期梅毒的特征是在感染部位（通常为生殖器）形成无痛性硬溃疡（下疳）。大约 4 至 8 周后，患者出现二期梅毒的症状，例如不适、发热、头痛、咽喉痛、全身性淋巴结病、皮肤损害。\n潜伏梅毒 \n在潜伏梅毒阶段，没有临床症状，脊髓液正常。潜伏期在二期梅毒初次发作后开始，可能持续终生。使用一项反应性血清学测试通常可将其检出。在确诊为潜伏梅毒之前，必须对阳性筛查试验结果进行确认。\n晚期或三期梅毒是这种疾病的破坏性阶段。它通常进展非常缓慢。任何机体器官都有可能受累，但可以显著识别的有三种主要疾病类型：晚期良性梅毒（梅毒瘤）；心血管梅毒；神经梅毒。\n标体*：需充分随访，已明确治愈；如不能提供完整连续的病历资料及检查报告，不建议承保'}"
梅毒,感染.txt,"{'疾病名称': '梅毒', '诊断': '潜伏梅毒或一期和二期梅毒：', '病情现状': '潜伏梅毒或一期和二期梅毒：', '体检项目': '医生病历、血清学测试（VDRL（性病研究实验室玻片试验）、TPHA（梅毒螺旋体血凝试验）、\nFTA-ABS（荧光梅毒螺旋体抗体））', '项目结果': '治疗不充分或者血清学测试结果不明确', '重疾险': '延期', '护理险': '延期', '防癌险': '延期', '意外险': '标体', '医疗险': '拒保', '备注': '一期梅毒的特征是在感染部位（通常为生殖器）形成无痛性硬溃疡（下疳）。大约 4 至 8 周后，患者出现二期梅毒的症状，例如不适、发热、头痛、咽喉痛、全身性淋巴结病、皮肤损害。\n潜伏梅毒 \n在潜伏梅毒阶段，没有临床症状，脊髓液正常。潜伏期在二期梅毒初次发作后开始，可能持续终生。使用一项反应性血清学测试通常可将其检出。在确诊为潜伏梅毒之前，必须对阳性筛查试验结果进行确认。\n晚期或三期梅毒是这种疾病的破坏性阶段。它通常进展非常缓慢。任何机体器官都有可能受累，但可以显著识别的有三种主要疾病类型：晚期良性梅毒（梅毒瘤）；心血管梅毒；神经梅毒。\n标体*：需充分随访，已明确治愈；如不能提供完整连续的病历资料及检查报告，不建议承保'}"
梅毒,感染.txt,"{'疾病名称': '梅毒', '诊断': '先天性梅毒（母婴传染）', '病情现状': '累及神经系统', '体检项目': '医生病历、血清学测试（VDRL（性病研究实验室玻片试验）、TPHA（梅毒螺旋体血凝试验）、\nFTA-ABS（荧光梅毒螺旋体抗体））', '项目结果': '/', '重疾险': '拒保', '护理险': '拒保', '防癌险': '拒保', '意外险': '拒保', '医疗险': '拒保', '备注': '一期梅毒的特征是在感染部位（通常为生殖器）形成无痛性硬溃疡（下疳）。大约 4 至 8 周后，患者出现二期梅毒的症状，例如不适、发热、头痛、咽喉痛、全身性淋巴结病、皮肤损害。\n潜伏梅毒 \n在潜伏梅毒阶段，没有临床症状，脊髓液正常。潜伏期在二期梅毒初次发作后开始，可能持续终生。使用一项反应性血清学测试通常可将其检出。在确诊为潜伏梅毒之前，必须对阳性筛查试验结果进行确认。\n晚期或三期梅毒是这种疾病的破坏性阶段。它通常进展非常缓慢。任何机体器官都有可能受累，但可以显著识别的有三种主要疾病类型：晚期良性梅毒（梅毒瘤）；心血管梅毒；神经梅毒。\n标体*：需充分随访，已明确治愈；如不能提供完整连续的病历资料及检查报告，不建议承保'}"
梅毒,感染.txt,"{'疾病名称': '梅毒', '诊断': '先天性梅毒（母婴传染）', '病情现状': '未累及神经系统', '体检项目': '医生病历、血清学测试（VDRL（性病研究实验室玻片试验）、TPHA（梅毒螺旋体血凝试验）、\nFTA-ABS（荧光梅毒螺旋体抗体））', '项目结果': '痊愈不足1年', '重疾险': '延期', '护理险': '延期', '防癌险': '延期', '意外险': '标体', '医疗险': '拒保', '备注': '一期梅毒的特征是在感染部位（通常为生殖器）形成无痛性硬溃疡（下疳）。大约 4 至 8 周后，患者出现二期梅毒的症状，例如不适、发热、头痛、咽喉痛、全身性淋巴结病、皮肤损害。\n潜伏梅毒 \n在潜伏梅毒阶段，没有临床症状，脊髓液正常。潜伏期在二期梅毒初次发作后开始，可能持续终生。使用一项反应性血清学测试通常可将其检出。在确诊为潜伏梅毒之前，必须对阳性筛查试验结果进行确认。\n晚期或三期梅毒是这种疾病的破坏性阶段。它通常进展非常缓慢。任何机体器官都有可能受累，但可以显著识别的有三种主要疾病类型：晚期良性梅毒（梅毒瘤）；心血管梅毒；神经梅毒。\n标体*：需充分随访，已明确治愈；如不能提供完整连续的病历资料及检查报告，不建议承保'}"
梅毒,感染.txt,"{'疾病名称': '梅毒', '诊断': '先天性梅毒（母婴传染）', '病情现状': '未累及神经系统', '体检项目': '医生病历、血清学测试（VDRL（性病研究实验室玻片试验）、TPHA（梅毒螺旋体血凝试验）、\nFTA-ABS（荧光梅毒螺旋体抗体））', '项目结果': '完全痊愈1年-3年', '重疾险': '延期', '护理险': '标体', '防癌险': '标体', '意外险': '标体', '医疗险': '拒保', '备注': '一期梅毒的特征是在感染部位（通常为生殖器）形成无痛性硬溃疡（下疳）。大约 4 至 8 周后，患者出现二期梅毒的症状，例如不适、发热、头痛、咽喉痛、全身性淋巴结病、皮肤损害。\n潜伏梅毒 \n在潜伏梅毒阶段，没有临床症状，脊髓液正常。潜伏期在二期梅毒初次发作后开始，可能持续终生。使用一项反应性血清学测试通常可将其检出。在确诊为潜伏梅毒之前，必须对阳性筛查试验结果进行确认。\n晚期或三期梅毒是这种疾病的破坏性阶段。它通常进展非常缓慢。任何机体器官都有可能受累，但可以显著识别的有三种主要疾病类型：晚期良性梅毒（梅毒瘤）；心血管梅毒；神经梅毒。\n标体*：需充分随访，已明确治愈；如不能提供完整连续的病历资料及检查报告，不建议承保'}"
梅毒,感染.txt,"{'疾病名称': '梅毒', '诊断': '先天性梅毒（母婴传染）', '病情现状': '未累及神经系统', '体检项目': '医生病历、血清学测试（VDRL（性病研究实验室玻片试验）、TPHA（梅毒螺旋体血凝试验）、\nFTA-ABS（荧光梅毒螺旋体抗体））', '项目结果': '完全痊愈3年以上', '重疾险': '标体*', '护理险': '标体', '防癌险': '标体', '意外险': '标体', '医疗险': '标体*', '备注': '一期梅毒的特征是在感染部位（通常为生殖器）形成无痛性硬溃疡（下疳）。大约 4 至 8 周后，患者出现二期梅毒的症状，例如不适、发热、头痛、咽喉痛、全身性淋巴结病、皮肤损害。\n潜伏梅毒 \n在潜伏梅毒阶段，没有临床症状，脊髓液正常。潜伏期在二期梅毒初次发作后开始，可能持续终生。使用一项反应性血清学测试通常可将其检出。在确诊为潜伏梅毒之前，必须对阳性筛查试验结果进行确认。\n晚期或三期梅毒是这种疾病的破坏性阶段。它通常进展非常缓慢。任何机体器官都有可能受累，但可以显著识别的有三种主要疾病类型：晚期良性梅毒（梅毒瘤）；心血管梅毒；神经梅毒。\n标体*：需充分随访，已明确治愈；如不能提供完整连续的病历资料及检查报告，不建议承保'}"
流行性腮腺炎,感染.txt,"{'疾病名称': '流行性腮腺炎', '诊断': '现症，未痊愈', '病情现状': '', '体检项目': '', '项目结果': '', '重疾险': '延期', '护理险': '延期', '防癌险': '延期', '意外险': '标体', '医疗险': '延期', '备注': ''}"
流行性腮腺炎,感染.txt,"{'疾病名称': '流行性腮腺炎', '诊断': '已痊愈', '病情现状': '没有并发症', '体检项目': '病历', '项目结果': '', '重疾险': '标体', '护理险': '标体', '防癌险': '标体', '意外险': '标体', '医疗险': '标体', '备注': ''}"
流行性腮腺炎,感染.txt,"{'疾病名称': '流行性腮腺炎', '诊断': '已痊愈', '病情现状': '有并发症（男性并发症有附睾炎和睾丸炎（可致不育），女性有乳腺炎和卵巢炎；偶见肾炎、脑膜炎和脑炎。）', '体检项目': '有并发症（男性并发症有附睾炎和睾丸炎（可致不育），女性有乳腺炎和卵巢炎；偶见肾炎、脑膜炎和脑炎。）', '项目结果': '有并发症（男性并发症有附睾炎和睾丸炎（可致不育），女性有乳腺炎和卵巢炎；偶见肾炎、脑膜炎和脑炎。）', '重疾险': '依据并发症审核', '护理险': '依据并发症审核', '防癌险': '依据并发症审核', '意外险': '依据并发症审核', '医疗险': '依据并发症审核', '备注': ''}"
脑膜炎/脑脊髓膜炎,感染.txt,"{'疾病名称': '脑膜炎/脑脊髓膜炎', '诊断': '现症，未痊愈', '病情现状': '', '体检项目': '', '项目结果': '', '重疾险': '延期', '护理险': '延期', '防癌险': '延期', '意外险': '延期', '医疗险': '延期', '备注': ''}"
脑膜炎/脑脊髓膜炎,感染.txt,"{'疾病名称': '脑膜炎/脑脊髓膜炎', '诊断': '已痊愈，无后遗症', '病情现状': '非结核性脑膜炎', '体检项目': '', '项目结果': '痊愈不足6个月', '重疾险': '延期', '护理险': '延期', '防癌险': '延期', '意外险': '延期', '医疗险': '延期', '备注': ''}"
脑膜炎/脑脊髓膜炎,感染.txt,"{'疾病名称': '脑膜炎/脑脊髓膜炎', '诊断': '已痊愈，无后遗症', '病情现状': '非结核性脑膜炎', '体检项目': '', '项目结果': '完全痊愈6个月以上', '重疾险': '标体', '护理险': '标体', '防癌险': '标体', '意外险': '标体', '医疗险': '标体', '备注': ''}"
脑膜炎/脑脊髓膜炎,感染.txt,"{'疾病名称': '脑膜炎/脑脊髓膜炎', '诊断': '已痊愈，无后遗症', '病情现状': '结核性脑膜炎', '体检项目': '', '项目结果': '', '重疾险': '参考结核病', '护理险': '参考结核病', '防癌险': '参考结核病', '意外险': '参考结核病', '医疗险': '参考结核病', '备注': ''}"
脑膜炎/脑脊髓膜炎,感染.txt,"{'疾病名称': '脑膜炎/脑脊髓膜炎', '诊断': '遗留后遗症（神经系统损害）', '病情现状': '', '体检项目': '', '项目结果': '', '重疾险': '依据后遗症程度审核', '护理险': '依据后遗症程度审核', '防癌险': '依据后遗症程度审核', '意外险': '依据后遗症程度审核', '医疗险': '依据后遗症程度审核', '备注': ''}"
胆囊炎,胆囊.txt,"{'疾病名称': '胆囊炎', '诊断': '急性胆囊炎', '病情现状': '发作频次仅一次', '': '未接受过外科手术且无症状（即疼痛、恶心、呕吐）或黄疸、胰腺炎或胆管狭窄', '检查项目': '一般检查、肝功能、腹部B超', '项目结果': '肝功能、腹部超声无异常', '重疾险': '标体', '防癌险': '标体', '意外险': '标体', '护理险': '标体', '医疗险': '除外责任', '特殊说明': ''}"
胆囊炎,胆囊.txt,"{'疾病名称': '胆囊炎', '诊断': '急性胆囊炎', '病情现状': '发作频次仅一次', '': '未接受过外科手术且有症状（即疼痛、恶心、呕吐）或黄疸、胰腺炎或胆管狭窄', '检查项目': '/', '项目结果': '/', '重疾险': '延期', '防癌险': '延期', '意外险': '标体', '护理险': '标体', '医疗险': '延期', '特殊说明': ''}"
胆囊炎,胆囊.txt,"{'疾病名称': '胆囊炎', '诊断': '急性胆囊炎', '病情现状': '接受过外科手术，现已经痊愈。', '': '术后≤ 3个月', '检查项目': '/', '项目结果': '/', '重疾险': '延期', '防癌险': '延期', '意外险': '标体', '护理险': '标体', '医疗险': '延期', '特殊说明': ''}"
胆囊炎,胆囊.txt,"{'疾病名称': '胆囊炎', '诊断': '急性胆囊炎', '病情现状': '接受过外科手术，现已经痊愈。', '': '术后> 3 个月', '检查项目': '一般检查、肝功能、腹部B超，手术后病理结果', '项目结果': '肝功能、腹部超声无异常', '重疾险': '标体', '防癌险': '标体', '意外险': '标体', '护理险': '标体', '医疗险': '标体', '特殊说明': '完全恢复'}"
胆囊炎,胆囊.txt,"{'疾病名称': '胆囊炎', '诊断': '慢性胆囊炎', '病情现状': '发作频次超过一次', '': '未接受过外科手术且无症状（即疼痛、恶心、呕吐）或黄疸、胰腺炎或胆管狭窄', '检查项目': '/', '项目结果': '/', '重疾险': '标体', '防癌险': '延期', '意外险': '标体', '护理险': '标体', '医疗险': '除外责任', '特殊说明': ''}"
胆囊炎,胆囊.txt,"{'疾病名称': '胆囊炎', '诊断': '慢性胆囊炎', '病情现状': '发作频次超过一次', '': '未接受过外科手术且有症状（即疼痛、恶心、呕吐）或黄疸、胰腺炎或胆管狭窄', '检查项目': '/', '项目结果': '/', '重疾险': '延期', '防癌险': '延期', '意外险': '标体', '护理险': '标体', '医疗险': '延期', '特殊说明': ''}"
胆囊炎,胆囊.txt,"{'疾病名称': '胆囊炎', '诊断': '慢性胆囊炎', '病情现状': '接受过外科手术，已经痊愈：', '': '术后≤ 3个月', '检查项目': '/', '项目结果': '/', '重疾险': '延期', '防癌险': '延期', '意外险': '标体', '护理险': '标体', '医疗险': '延期', '特殊说明': ''}"
胆囊炎,胆囊.txt,"{'疾病名称': '胆囊炎', '诊断': '慢性胆囊炎', '病情现状': '接受过外科手术，已经痊愈：', '': '术后> 3 个月', '检查项目': '一般检查、肝功能、腹部B超，手术后病理结果', '项目结果': '肝功能、腹部超声无异常', '重疾险': '标体', '防癌险': '标体', '意外险': '标体', '护理险': '标体', '医疗险': '标体', '特殊说明': '完全恢复'}"
胆囊炎,胆囊.txt,"{'疾病名称': '胆囊炎', '诊断': '胆囊切除术后', '病情现状': '胆囊已完全切除', '': '未发现癌变及非典型增生', '检查项目': '一般检查、肝功能、腹部B超，手术后病理结果', '项目结果': '肝功能、腹部超声无异常', '重疾险': '标体', '防癌险': '标体', '意外险': '标体', '护理险': '标体', '医疗险': '标体', '特殊说明': ''}"
胆囊炎,胆囊.txt,"{'疾病名称': '胆囊炎', '诊断': '胆囊切除术后', '病情现状': '胆囊已完全切除', '': '出现癌变或非典型增生', '检查项目': '/', '项目结果': '/', '重疾险': '拒保', '防癌险': '拒保', '意外险': '拒保', '护理险': '拒保', '医疗险': '拒保', '特殊说明': ''}"
胆囊炎,胆囊.txt,"{'疾病名称': '胆囊炎', '诊断': '存在并发症', '病情现状': '如肝脏损害、胆汁性肝硬性', '': '如肝脏损害、胆汁性肝硬性', '检查项目': '/', '项目结果': '/', '重疾险': '拒保', '防癌险': '拒保', '意外险': '拒保', '护理险': '拒保', '医疗险': '拒保', '特殊说明': ''}"
胆结石,胆囊.txt,"{'疾病名称': '胆结石', '诊断': '胆囊结石', '病情现状': '未接受过外科手术且无症状（即疼痛、恶心、呕吐）或黄疸、胰腺炎或胆管狭窄', '': '未接受过外科手术且无症状（即疼痛、恶心、呕吐）或黄疸、胰腺炎或胆管狭窄', '检查项目': '一般检查、肝功能、腹部B超；\n如有手术，须提供术后病理结果', '项目结果': '肝功能、腹部超声无异常', '重疾险': '标体', '防癌险': '标体', '意外险': '标体', '护理险': '标体', '医疗险': '除外', '特殊说明': ''}"
胆结石,胆囊.txt,"{'疾病名称': '胆结石', '诊断': '胆囊结石', '病情现状': '未接受过外科手术且有症状（即疼痛、恶心、呕吐）或黄疸、胰腺炎或胆管狭窄', '': '未接受过外科手术且有症状（即疼痛、恶心、呕吐）或黄疸、胰腺炎或胆管狭窄', '检查项目': '一般检查、肝功能、腹部B超；\n如有手术，须提供术后病理结果', '项目结果': '/', '重疾险': '延期', '防癌险': '延期', '意外险': '标体', '护理险': '标体', '医疗险': '延期', '特殊说明': ''}"
胆结石,胆囊.txt,"{'疾病名称': '胆结石', '诊断': '胆囊结石', '病情现状': '接受过外科手术，术后满3个月，现已经痊愈。', '': '接受过外科手术，术后满3个月，现已经痊愈。', '检查项目': '一般检查、肝功能、腹部B超；\n如有手术，须提供术后病理结果', '项目结果': '肝功能、腹部超声无异常', '重疾险': '标体', '防癌险': '标体', '意外险': '标体', '护理险': '标体', '医疗险': '标体', '特殊说明': '完全恢复'}"
胆结石,胆囊.txt,"{'疾病名称': '胆结石', '诊断': '胆管结石', '病情现状': '已清除结石且无症状（即疼痛、恶心、呕吐）或黄疸、胰腺炎或胆管狭窄', '': '已清除结石且无症状（即疼痛、恶心、呕吐）或黄疸、胰腺炎或胆管狭窄', '检查项目': '一般检查、肝功能、腹部B超；\n如有手术，须提供术后病理结果', '项目结果': '肝功能、腹部超声无异常', '重疾险': '标体', '防癌险': '标体', '意外险': '标体', '护理险': '标体', '医疗险': '标体', '特殊说明': ''}"
胆结石,胆囊.txt,"{'疾病名称': '胆结石', '诊断': '胆管结石', '病情现状': '结石残留，或有症状（即疼痛、恶心、呕吐）或有黄疸、胰腺炎或胆管狭窄 ', '': '结石残留，或有症状（即疼痛、恶心、呕吐）或有黄疸、胰腺炎或胆管狭窄 ', '检查项目': '/', '项目结果': '/', '重疾险': '拒保', '防癌险': '拒保', '意外险': '标体', '护理险': '拒保', '医疗险': '拒保', '特殊说明': ''}"
胆结石,胆囊.txt,"{'疾病名称': '胆结石', '诊断': '胆管结石', '病情现状': '接受过外科手术，术后满3个月，现已经痊愈。', '': '接受过外科手术，术后满3个月，现已经痊愈。', '检查项目': '一般检查、肝功能、腹部B超；\n如有手术，须提供术后病理结果', '项目结果': '肝功能、腹部超声无异常', '重疾险': '标体', '防癌险': '标体', '意外险': '标体', '护理险': '标体', '医疗险': '标体', '特殊说明': '完全恢复'}"
胆结石,胆囊.txt,"{'疾病名称': '胆结石', '诊断': '胆囊切除术后', '病情现状': '胆囊已完全切除', '': '未发现癌变', '检查项目': '一般检查、肝功能、腹部B超；\n如有手术，须提供术后病理结果', '项目结果': '肝功能、腹部超声无异常', '重疾险': '标体', '防癌险': '标体', '意外险': '标体', '护理险': '标体', '医疗险': '标体', '特殊说明': ''}"
胆结石,胆囊.txt,"{'疾病名称': '胆结石', '诊断': '胆囊切除术后', '病情现状': '胆囊已完全切除', '': '出现癌变', '检查项目': '/', '项目结果': '/', '重疾险': '拒保', '防癌险': '拒保', '意外险': '拒保', '护理险': '拒保', '医疗险': '拒保', '特殊说明': ''}"
胆结石,胆囊.txt,"{'疾病名称': '胆结石', '诊断': '存在并发症', '病情现状': '如肝脏损害、胆汁性肝硬性', '': '如肝脏损害、胆汁性肝硬性', '检查项目': '/', '项目结果': '/', '重疾险': '拒保', '防癌险': '拒保', '意外险': '拒保', '护理险': '拒保', '医疗险': '拒保', '特殊说明': ''}"
胆囊息肉,胆囊.txt,"{'疾病名称': '胆囊息肉', '诊断': '现症', '病情现状': '现症', '': '无症状（即疼痛、恶心、呕吐）', '检查项目': '病历、腹部B超', '项目结果': '直径＜0.7cm半年对比无变化', '重疾险': '标体', '防癌险': '标体', '意外险': '标体', '护理险': '标体', '医疗险': '除外责任', '特殊说明': ''}"
胆囊息肉,胆囊.txt,"{'疾病名称': '胆囊息肉', '诊断': '现症', '病情现状': '现症', '': '无症状（即疼痛、恶心、呕吐）', '检查项目': '病历、腹部B超', '项目结果': '直径0.7cm＜1cm，半年对比无变化', '重疾险': '除外责任', '防癌险': '除外责任', '意外险': '标体', '护理险': '标体', '医疗险': '除外责任', '特殊说明': ''}"
胆囊息肉,胆囊.txt,"{'疾病名称': '胆囊息肉', '诊断': '现症', '病情现状': '现症', '': '无症状（即疼痛、恶心、呕吐）', '检查项目': '病历、腹部B超', '项目结果': '直径≥1cm', '重疾险': '延期', '防癌险': '延期', '意外险': '标体', '护理险': '延期', '医疗险': '延期', '特殊说明': ''}"
胆囊息肉,胆囊.txt,"{'疾病名称': '胆囊息肉', '诊断': '现症', '病情现状': '现症', '': '有症状（即疼痛、恶心、呕吐）', '检查项目': '病历、腹部B超', '项目结果': '/', '重疾险': '延期', '防癌险': '延期', '意外险': '标体', '护理险': '延期', '医疗险': '延期', '特殊说明': ''}"
胆囊息肉,胆囊.txt,"{'疾病名称': '胆囊息肉', '诊断': '胆囊切除术后', '病情现状': '胆囊切除术后', '': '未发现癌变', '检查项目': '病历、腹部B超', '项目结果': '腹部超声无异常', '重疾险': '标体', '防癌险': '标体', '意外险': '标体', '护理险': '标体', '医疗险': '标体', '特殊说明': ''}"
胆囊息肉,胆囊.txt,"{'疾病名称': '胆囊息肉', '诊断': '胆囊切除术后', '病情现状': '胆囊切除术后', '': '出现癌变', '检查项目': '病历、腹部B超', '项目结果': '/', '重疾险': '拒保', '防癌险': '拒保', '意外险': '拒保', '护理险': '拒保', '医疗险': '拒保', '特殊说明': ''}"
胆管炎,胆囊.txt,"{'疾病名称': '胆管炎', '诊断': '急性单纯性胆管炎', '病情现状': '急性单纯性胆管炎', '': '现症', '检查项目': '病历、一般检查、血常规、腹部B超', '项目结果': '/', '重疾险': '延期', '防癌险': '延期', '意外险': '延期', '护理险': '延期', '医疗险': '延期', '特殊说明': ''}"
胆管炎,胆囊.txt,"{'疾病名称': '胆管炎', '诊断': '急性单纯性胆管炎', '病情现状': '急性单纯性胆管炎', '': '临床治愈≥1年', '检查项目': '病历、一般检查、血常规、腹部B超', '项目结果': '血常规、腹部超声无异常', '重疾险': '标体', '防癌险': '标体', '意外险': '标体', '护理险': '标体', '医疗险': '标体', '特殊说明': ''}"
胆管炎,胆囊.txt,"{'疾病名称': '胆管炎', '诊断': '慢性胆管炎', '病情现状': '慢性胆管炎', '': '', '检查项目': '/', '项目结果': '/', '重疾险': '拒保', '防癌险': '拒保', '意外险': '拒保', '护理险': '拒保', '医疗险': '拒保', '特殊说明': ''}"
胆管炎,胆囊.txt,"{'疾病名称': '胆管炎', '诊断': '原发性（特发性）硬化性胆管炎', '病情现状': '原发性（特发性）硬化性胆管炎', '': '原发性（特发性）硬化性胆管炎', '检查项目': '/', '项目结果': '/', '重疾险': '拒保', '防癌险': '拒保', '意外险': '拒保', '护理险': '拒保', '医疗险': '拒保', '特殊说明': ''}"
胆脂瘤,神经系统.txt,"{'疾病名称': '胆脂瘤', '诊断': '颅内胆脂瘤', '病情现状': '现症、既往症、手术后', '体检项目': '', '项目结果': '—', '重疾险': '拒保', '护理': '拒保', '医疗险': '拒保', '意外险': '拒保', '防癌险': '拒保', '备注': '听力异常，慢性中耳炎或有失聪后遗症者，意外医疗拒保。\n\n\n\n除外话术\n重疾除外：按照话术除外失聪、耳部疾病或病变\n防癌险：除外耳部疾病或病变\n意外险除外：除外残疾责任的失聪'}"
胆脂瘤,神经系统.txt,"{'疾病名称': '胆脂瘤', '诊断': '外耳道胆脂瘤', '病情现状': '未手术', '体检项目': '听力、物理检查', '项目结果': '正常', '重疾险': '除外', '护理': '标体', '医疗险': '除外', '意外险': '标体', '防癌险': '除外', '备注': '听力异常，慢性中耳炎或有失聪后遗症者，意外医疗拒保。\n\n\n\n除外话术\n重疾除外：按照话术除外失聪、耳部疾病或病变\n防癌险：除外耳部疾病或病变\n意外险除外：除外残疾责任的失聪'}"
胆脂瘤,神经系统.txt,"{'疾病名称': '胆脂瘤', '诊断': '外耳道胆脂瘤', '病情现状': '未手术', '体检项目': '听力、物理检查', '项目结果': '听力异常', '重疾险': '延期', '护理': '标体', '医疗险': '除外', '意外险': '除外', '防癌险': '除外', '备注': '听力异常，慢性中耳炎或有失聪后遗症者，意外医疗拒保。\n\n\n\n除外话术\n重疾除外：按照话术除外失聪、耳部疾病或病变\n防癌险：除外耳部疾病或病变\n意外险除外：除外残疾责任的失聪'}"
胆脂瘤,神经系统.txt,"{'疾病名称': '胆脂瘤', '诊断': '外耳道胆脂瘤', '病情现状': '术后', '体检项目': '听力、物理检查', '项目结果': '正常', '重疾险': '标体', '护理': '标体', '医疗险': '除外', '意外险': '标体', '防癌险': '标体', '备注': '听力异常，慢性中耳炎或有失聪后遗症者，意外医疗拒保。\n\n\n\n除外话术\n重疾除外：按照话术除外失聪、耳部疾病或病变\n防癌险：除外耳部疾病或病变\n意外险除外：除外残疾责任的失聪'}"
胆脂瘤,神经系统.txt,"{'疾病名称': '胆脂瘤', '诊断': '外耳道胆脂瘤', '病情现状': '术后', '体检项目': '听力、物理检查', '项目结果': '听力异常', '重疾险': '除外', '护理': '标体', '医疗险': '除外', '意外险': '除外', '防癌险': '标体', '备注': '听力异常，慢性中耳炎或有失聪后遗症者，意外医疗拒保。\n\n\n\n除外话术\n重疾除外：按照话术除外失聪、耳部疾病或病变\n防癌险：除外耳部疾病或病变\n意外险除外：除外残疾责任的失聪'}"
胆脂瘤,神经系统.txt,"{'疾病名称': '胆脂瘤', '诊断': '胆脂瘤型中耳炎', '病情现状': '未手术', '体检项目': '听力、物理检查', '项目结果': '正常', '重疾险': '除外', '护理': '标体', '医疗险': '除外', '意外险': '标体', '防癌险': '除外', '备注': '听力异常，慢性中耳炎或有失聪后遗症者，意外医疗拒保。\n\n\n\n除外话术\n重疾除外：按照话术除外失聪、耳部疾病或病变\n防癌险：除外耳部疾病或病变\n意外险除外：除外残疾责任的失聪'}"
胆脂瘤,神经系统.txt,"{'疾病名称': '胆脂瘤', '诊断': '胆脂瘤型中耳炎', '病情现状': '未手术', '体检项目': '听力、物理检查', '项目结果': '听力异常，慢性中耳炎或有失聪后遗症', '重疾险': '延期', '护理': '标体', '医疗险': '除外', '意外险': '除外', '防癌险': '除外', '备注': '听力异常，慢性中耳炎或有失聪后遗症者，意外医疗拒保。\n\n\n\n除外话术\n重疾除外：按照话术除外失聪、耳部疾病或病变\n防癌险：除外耳部疾病或病变\n意外险除外：除外残疾责任的失聪'}"
胆脂瘤,神经系统.txt,"{'疾病名称': '胆脂瘤', '诊断': '胆脂瘤型中耳炎', '病情现状': '术后', '体检项目': '听力、物理检查', '项目结果': '听力异常，慢性中耳炎或有失聪后遗症', '重疾险': '除外', '护理': '标体', '医疗险': '除外', '意外险': '除外', '防癌险': '标体', '备注': '听力异常，慢性中耳炎或有失聪后遗症者，意外医疗拒保。\n\n\n\n除外话术\n重疾除外：按照话术除外失聪、耳部疾病或病变\n防癌险：除外耳部疾病或病变\n意外险除外：除外残疾责任的失聪'}"
胆脂瘤,神经系统.txt,"{'疾病名称': '胆脂瘤', '诊断': '胆脂瘤型中耳炎', '病情现状': '术后', '体检项目': '听力、物理检查', '项目结果': '正常', '重疾险': '标体', '护理': '标体', '医疗险': '除外', '意外险': '标体', '防癌险': '标体', '备注': '听力异常，慢性中耳炎或有失聪后遗症者，意外医疗拒保。\n\n\n\n除外话术\n重疾除外：按照话术除外失聪、耳部疾病或病变\n防癌险：除外耳部疾病或病变\n意外险除外：除外残疾责任的失聪'}"
"面神经炎
（面瘫）",神经系统.txt,"{'疾病名称': '面神经炎\n（面瘫）', '诊断': '周围性面神经炎', '病情现状': '现症', '体检项目': '/', '项目结果': '/', '重疾险': '标体', '护理': '标体', '医疗险': '延期半年', '意外险': '标体', '防癌险': '标体', '备注': ''}"
"面神经炎
（面瘫）",神经系统.txt,"{'疾病名称': '面神经炎\n（面瘫）', '诊断': '周围性面神经炎', '病情现状': '既往症，已痊愈', '体检项目': '/', '项目结果': '/', '重疾险': '标体', '护理': '标体', '医疗险': '除外', '意外险': '标体', '防癌险': '标体', '备注': ''}"
"面神经炎
（面瘫）",神经系统.txt,"{'疾病名称': '面神经炎\n（面瘫）', '诊断': '中枢性面神经炎', '病情现状': '现症', '体检项目': '/', '项目结果': '/', '重疾险': '根据病因评点通常延期', '护理': '根据病因评点通常延期', '医疗险': '根据病因评点通常延期', '意外险': '根据病因评点通常延期', '防癌险': '根据病因评点通常延期', '备注': ''}"
"面神经炎
（面瘫）",神经系统.txt,"{'疾病名称': '面神经炎\n（面瘫）', '诊断': '中枢性面神经炎', '病情现状': '既往症，已痊愈', '体检项目': '/', '项目结果': '/', '重疾险': '根据病因评点', '护理': '根据病因评点', '医疗险': '根据病因评点', '意外险': '根据病因评点', '防癌险': '根据病因评点', '备注': ''}"
三叉神经痛,神经系统.txt,"{'疾病名称': '三叉神经痛', '诊断': '无多发性硬化症病史', '病情现状': '既往MRI未见异常，其他临床检查结果正常，仅有疼痛症状，无复发。', '体检项目': '按病历评点，不体检', '项目结果': '直接参考既往住院病历及既往检查结果', '重疾险': '标体', '护理': '标体', '医疗险': '除外', '意外险': '标体', '防癌险': '标体', '备注': '除外话术：\n医疗险：本公司不承担被保险人因三叉神经疾病及其并发的面部疼痛及抽搐、头痛、偏头痛等治疗导致的保险金给付责任。\n重疾险：本公司不承担被保险人因脑囊肿、脑动脉瘤、良性脑肿瘤、微创颅脑手术、颅脑手术等导致的的轻、中症疾病及重大疾病保险金给付责任。\n（请结合具体险种的保险责任书写）'}"
三叉神经痛,神经系统.txt,"{'疾病名称': '三叉神经痛', '诊断': '无多发性硬化症病史', '病情现状': '既往未做MRI，但其他检查均未见异常，仅有疼痛或抽搐症状，痊愈超2年，无复发', '体检项目': '按病历评点，不体检', '项目结果': '直接参考既往住院病历及既往检查结果', '重疾险': '标体', '护理': '标体', '医疗险': '除外', '意外险': '标体', '防癌险': '标体', '备注': '除外话术：\n医疗险：本公司不承担被保险人因三叉神经疾病及其并发的面部疼痛及抽搐、头痛、偏头痛等治疗导致的保险金给付责任。\n重疾险：本公司不承担被保险人因脑囊肿、脑动脉瘤、良性脑肿瘤、微创颅脑手术、颅脑手术等导致的的轻、中症疾病及重大疾病保险金给付责任。\n（请结合具体险种的保险责任书写）'}"
三叉神经痛,神经系统.txt,"{'疾病名称': '三叉神经痛', '诊断': '无多发性硬化症病史', '病情现状': 'MR或CT已除外肿瘤，发作2次及以上，行微血管减压术，术后未再发作。', '体检项目': '头颅CT平扫', '项目结果': 'CT未见异常，面部活动正常', '重疾险': '除外', '护理': '标体', '医疗险': '除外', '意外险': '标体', '防癌险': '标体', '备注': '除外话术：\n医疗险：本公司不承担被保险人因三叉神经疾病及其并发的面部疼痛及抽搐、头痛、偏头痛等治疗导致的保险金给付责任。\n重疾险：本公司不承担被保险人因脑囊肿、脑动脉瘤、良性脑肿瘤、微创颅脑手术、颅脑手术等导致的的轻、中症疾病及重大疾病保险金给付责任。\n（请结合具体险种的保险责任书写）'}"
三叉神经痛,神经系统.txt,"{'疾病名称': '三叉神经痛', '诊断': '无多发性硬化症病史', '病情现状': '已通过MR或CT除外肿瘤，明确既往因神经炎、血管畸形导致或病因不明，发作2次及以上，未手术，上次发作距今不满2年', '体检项目': '索要复查材料', '项目结果': '复查材料未见异常', '重疾险': '除外', '护理': '标体', '医疗险': '除外', '意外险': '标体', '防癌险': '标体', '备注': '除外话术：\n医疗险：本公司不承担被保险人因三叉神经疾病及其并发的面部疼痛及抽搐、头痛、偏头痛等治疗导致的保险金给付责任。\n重疾险：本公司不承担被保险人因脑囊肿、脑动脉瘤、良性脑肿瘤、微创颅脑手术、颅脑手术等导致的的轻、中症疾病及重大疾病保险金给付责任。\n（请结合具体险种的保险责任书写）'}"
三叉神经痛,神经系统.txt,"{'疾病名称': '三叉神经痛', '诊断': '无多发性硬化症病史', '病情现状': '既往MRI或CT提示头颅肿瘤可能等，且病因至今未解除', '体检项目': '——', '项目结果': '——', '重疾险': '延期至病因解除', '护理': '延期至病因解除', '医疗险': '延期至病因解除', '意外险': '延期至病因解除', '防癌险': '延期至病因解除', '备注': '除外话术：\n医疗险：本公司不承担被保险人因三叉神经疾病及其并发的面部疼痛及抽搐、头痛、偏头痛等治疗导致的保险金给付责任。\n重疾险：本公司不承担被保险人因脑囊肿、脑动脉瘤、良性脑肿瘤、微创颅脑手术、颅脑手术等导致的的轻、中症疾病及重大疾病保险金给付责任。\n（请结合具体险种的保险责任书写）'}"
三叉神经痛,神经系统.txt,"{'疾病名称': '三叉神经痛', '诊断': ' 多发性硬化症病史  ', '病情现状': '按多发性硬化评点', '体检项目': '——', '项目结果': '——', '重疾险': '按多发性硬化评点', '护理': '按多发性硬化评点', '医疗险': '按多发性硬化评点', '意外险': '按多发性硬化评点', '防癌险': '按多发性硬化评点', '备注': '除外话术：\n医疗险：本公司不承担被保险人因三叉神经疾病及其并发的面部疼痛及抽搐、头痛、偏头痛等治疗导致的保险金给付责任。\n重疾险：本公司不承担被保险人因脑囊肿、脑动脉瘤、良性脑肿瘤、微创颅脑手术、颅脑手术等导致的的轻、中症疾病及重大疾病保险金给付责任。\n（请结合具体险种的保险责任书写）'}"
美尼尔氏病,神经系统.txt,"{'疾病名称': '美尼尔氏病', '诊断': '美尼尔氏病', '病情现状': '偶发眩晕（小于3次）', '体检项目': '纯音听阀试验', '项目结果': '听力受损', '重疾险': '延期', '护理': '标体', '医疗险': '延期', '意外险': '延期', '防癌险': '标体', '备注': '除外话术：参考耳聋除外话术'}"
美尼尔氏病,神经系统.txt,"{'疾病名称': '美尼尔氏病', '诊断': '美尼尔氏病', '病情现状': '偶发眩晕（小于3次）', '体检项目': '纯音听阀试验', '项目结果': '听力正常', '重疾险': '标体', '护理': '标体', '医疗险': '除外', '意外险': '标体', '防癌险': '标体', '备注': '除外话术：参考耳聋除外话术'}"
美尼尔氏病,神经系统.txt,"{'疾病名称': '美尼尔氏病', '诊断': '美尼尔氏病', '病情现状': '频繁或连续眩晕（大于等于3次，且最近一次发作大于2年）', '体检项目': '纯音听阀试验', '项目结果': '听力受损', '重疾险': '延期', '护理': '标体', '医疗险': '拒保', '意外险': '延期', '防癌险': '标体', '备注': '除外话术：参考耳聋除外话术'}"
美尼尔氏病,神经系统.txt,"{'疾病名称': '美尼尔氏病', '诊断': '美尼尔氏病', '病情现状': '频繁或连续眩晕（大于等于3次，且最近一次发作大于2年）', '体检项目': '纯音听阀试验', '项目结果': '听力正常', '重疾险': '除外', '护理': '标体', '医疗险': '拒保', '意外险': '标体', '防癌险': '标体', '备注': '除外话术：参考耳聋除外话术'}"
美尼尔氏病,神经系统.txt,"{'疾病名称': '美尼尔氏病', '诊断': '美尼尔氏病', '病情现状': '频繁或连续眩晕（大于等于3次，且最近一次发作小于2年）', '体检项目': '无', '项目结果': '无', '重疾险': '延期', '护理': '标体', '医疗险': '拒保', '意外险': '延期', '防癌险': '标体', '备注': '除外话术：参考耳聋除外话术'}"
臂丛神经痛,神经系统.txt,"{'疾病名称': '臂丛神经痛', '诊断': '病因不明（原发性）', '病情现状': '既往症，已治愈', '体检项目': '——', '项目结果': '——', '重疾险': '标体', '护理': '标体', '医疗险': '除外', '意外险': '标体', '防癌险': '标体', '备注': '除外用语：在保险合同有效期内，对被保险人因臂丛神经痛，及其并发的运动障碍、感觉障碍引起的治疗，本公司不承担保险金的给付责任'}"
臂丛神经痛,神经系统.txt,"{'疾病名称': '臂丛神经痛', '诊断': '病因不明（原发性）', '病情现状': '轻度，不常出现症状，职业任务不太可能加重其症状', '体检项目': '——', '项目结果': '——', '重疾险': '标体', '护理': '标体', '医疗险': '除外', '意外险': '标体', '防癌险': '标体', '备注': '除外用语：在保险合同有效期内，对被保险人因臂丛神经痛，及其并发的运动障碍、感觉障碍引起的治疗，本公司不承担保险金的给付责任'}"
臂丛神经痛,神经系统.txt,"{'疾病名称': '臂丛神经痛', '诊断': '病因不明（原发性）', '病情现状': '其他情况', '体检项目': '', '项目结果': '', '重疾险': '标体', '护理': '标体', '医疗险': '延期', '意外险': '标体', '防癌险': '标体', '备注': '除外用语：在保险合同有效期内，对被保险人因臂丛神经痛，及其并发的运动障碍、感觉障碍引起的治疗，本公司不承担保险金的给付责任'}"
臂丛神经痛,神经系统.txt,"{'疾病名称': '臂丛神经痛', '诊断': '病因明确（继发性）', '病情现状': '病因明确（继发性）', '体检项目': '病因明确（继发性）', '项目结果': '病因明确（继发性）', '重疾险': '按病因评点', '护理': '按病因评点', '医疗险': '按病因评点', '意外险': '按病因评点', '防癌险': '按病因评点', '备注': '除外用语：在保险合同有效期内，对被保险人因臂丛神经痛，及其并发的运动障碍、感觉障碍引起的治疗，本公司不承担保险金的给付责任'}"
头痛,神经系统.txt,"{'疾病名称': '头痛', '诊断': '存在不利因素', '病情现状': '存在不利因素', '体检项目': '即最近或突然性头痛、加剧型头痛、伴全身性疾病、视神经乳头水肿或典型视觉或感觉先兆之外的局灶性神经系统体征', '项目结果': '即最近或突然性头痛、加剧型头痛、伴全身性疾病、视神经乳头水肿或典型视觉或感觉先兆之外的局灶性神经系统体征', '重疾险': '延期', '护理': '延期', '医疗险': '拒保', '意外险': '延期', '防癌险': '延期', '备注': '医疗险除外话术应包括：头痛(包括偏头痛、血管神经性头痛、血管性头痛、神经性头痛)及其并发症'}"
头痛,神经系统.txt,"{'疾病名称': '头痛', '诊断': '无明确诊断', '病情现状': '无明确诊断', '体检项目': '/', '项目结果': '/', '重疾险': '延期', '护理': '延期', '医疗险': '延期', '意外险': '延期', '防癌险': '延期', '备注': '医疗险除外话术应包括：头痛(包括偏头痛、血管神经性头痛、血管性头痛、神经性头痛)及其并发症'}"
头痛,神经系统.txt,"{'疾病名称': '头痛', '诊断': '由偏头痛、紧张型或丛集性头痛等引起的原发性头痛', '病情现状': '由偏头痛、紧张型或丛集性头痛等引起的原发性头痛', '体检项目': '结合病历及病史问卷，确认客户目前病情稳定，且不存在上述不利因素', '项目结果': '结合病历及病史问卷，确认客户目前病情稳定，且不存在上述不利因素', '重疾险': '标体', '护理': '标体', '医疗险': '除外', '意外险': '标体', '防癌险': '标体', '备注': '医疗险除外话术应包括：头痛(包括偏头痛、血管神经性头痛、血管性头痛、神经性头痛)及其并发症'}"
头痛,神经系统.txt,"{'疾病名称': '头痛', '诊断': '由潜在病因（即肿瘤、感染、创伤等）引起的继发性头痛', '病情现状': '由潜在病因（即肿瘤、感染、创伤等）引起的继发性头痛', '体检项目': '/', '项目结果': '/', '重疾险': '按病因评点', '护理': '按病因评点', '医疗险': '按病因评点', '意外险': '按病因评点', '防癌险': '按病因评点', '备注': '医疗险除外话术应包括：头痛(包括偏头痛、血管神经性头痛、血管性头痛、神经性头痛)及其并发症'}"
短暂性脑缺血发作,神经系统.txt,"{'疾病名称': '短暂性脑缺血发作', '诊断': '临床诊断为短暂性脑缺血发作，但病因未知或不明确。', '病情现状': '临床诊断为短暂性脑缺血发作，但病因未知或不明确。', '体检项目': '临床诊断为短暂性脑缺血发作，但病因未知或不明确。', '项目结果': '临床诊断为短暂性脑缺血发作，但病因未知或不明确。', '重疾险': '延期/拒保', '护理': '延期/拒保', '医疗险': '延期/拒保', '意外险': '延期/拒保', '防癌险': '延期/拒保', '备注': '审慎确认符合“诊断”列的条件后可以按照此标准处理，否则应按前两条处理'}"
短暂性脑缺血发作,神经系统.txt,"{'疾病名称': '短暂性脑缺血发作', '诊断': '无短暂性脑缺血发作病史，但超声、CT、MR、血管造影或多普勒评估结果为TIA', '病情现状': '无短暂性脑缺血发作病史，但超声、CT、MR、血管造影或多普勒评估结果为TIA', '体检项目': '无短暂性脑缺血发作病史，但超声、CT、MR、血管造影或多普勒评估结果为TIA', '项目结果': '无短暂性脑缺血发作病史，但超声、CT、MR、血管造影或多普勒评估结果为TIA', '重疾险': '拒保', '护理': '拒保', '医疗险': '拒保', '意外险': '拒保', '防癌险': '标体', '备注': '审慎确认符合“诊断”列的条件后可以按照此标准处理，否则应按前两条处理'}"
短暂性脑缺血发作,神经系统.txt,"{'疾病名称': '短暂性脑缺血发作', '诊断': '极少数情况下，个别病例的医学资料可能支持确认其短暂性脑缺血发作的病因仅仅是偏头痛。同时，经全面检查可排除潜在的脑血管疾病或神经系统疾病且血压正常。', '病情现状': '极少数情况下，个别病例的医学资料可能支持确认其短暂性脑缺血发作的病因仅仅是偏头痛。同时，经全面检查可排除潜在的脑血管疾病或神经系统疾病且血压正常。', '体检项目': '极少数情况下，个别病例的医学资料可能支持确认其短暂性脑缺血发作的病因仅仅是偏头痛。同时，经全面检查可排除潜在的脑血管疾病或神经系统疾病且血压正常。', '项目结果': '极少数情况下，个别病例的医学资料可能支持确认其短暂性脑缺血发作的病因仅仅是偏头痛。同时，经全面检查可排除潜在的脑血管疾病或神经系统疾病且血压正常。', '重疾险': '标体', '护理': '标体', '医疗险': '拒保', '意外险': '标体', '防癌险': '标体', '备注': '审慎确认符合“诊断”列的条件后可以按照此标准处理，否则应按前两条处理'}"
缺血性脑血管病,神经系统.txt,"{'疾病名称': '缺血性脑血管病', '诊断': '缺血性脑血管病', '病情现状': '', '体检项目': '——', '项目结果': '——', '重疾险': '拒保', '护理': '拒保', '医疗险': '拒保', '意外险': '拒保', '防癌险': '拒保', '备注': ''}"
流行性乙型脑炎,神经系统.txt,"{'疾病名称': '流行性乙型脑炎', '诊断': '流行性乙型脑炎', '病情现状': '现症，或治疗结束≤1年', '体检项目': '——', '项目结果': '——', '重疾险': '延期', '护理': '延期', '医疗险': '延期', '意外险': '延期', '防癌险': '标体', '备注': ''}"
流行性乙型脑炎,神经系统.txt,"{'疾病名称': '流行性乙型脑炎', '诊断': '流行性乙型脑炎', '病情现状': '治疗结束＞1年', '体检项目': '随访/复查资料+生调', '项目结果': '痊愈、无后遗症', '重疾险': '标体', '护理': '标体', '医疗险': '标体', '意外险': '标体', '防癌险': '标体', '备注': ''}"
流行性乙型脑炎,神经系统.txt,"{'疾病名称': '流行性乙型脑炎', '诊断': '流行性乙型脑炎', '病情现状': '治疗结束＞1年', '体检项目': '随访/复查资料+生调', '项目结果': '有后遗症（意识障碍、痴呆、失语、瘫痪、癫痫等）', '重疾险': '拒保', '护理': '拒保', '医疗险': '拒保', '意外险': '拒保', '防癌险': '标体', '备注': ''}"
脊柱裂,神经系统.txt,"{'疾病名称': '脊柱裂', '诊断': '隐性脊柱裂', '病情现状': '无症状', '体检项目': '/', '项目结果': '/', '重疾险': '标体', '护理': '标体', '医疗险': '标体', '意外险': '标体', '防癌险': '标体', '备注': ''}"
脊柱裂,神经系统.txt,"{'疾病名称': '脊柱裂', '诊断': '隐性脊柱裂', '病情现状': '有症状', '体检项目': '脊柱X线平片+问卷', '项目结果': '脊柱X线平片结果无异常。问卷：日常工作及活动正常，能正常走路', '重疾险': '取决于症状的严重程度以及是否存在遗留的神经损伤 ', '护理': '取决于症状的严重程度以及是否存在遗留的神经损伤 ', '医疗险': '取决于症状的严重程度以及是否存在遗留的神经损伤 ', '意外险': '取决于症状的严重程度以及是否存在遗留的神经损伤 ', '防癌险': '标体', '备注': ''}"
脊柱裂,神经系统.txt,"{'疾病名称': '脊柱裂', '诊断': '囊性脊柱裂', '病情现状': 'L3 （腰三椎体）以下，运动技能良好（生活自理，能够无需辅助地行走）无智力障碍 ', '体检项目': '脊柱X线平片+问卷', '项目结果': '脊柱X线平片结果无异常。问卷：日常工作及活动正常，能正常走路', '重疾险': '标体', '护理': '标体', '医疗险': '标体', '意外险': '标体', '防癌险': '标体', '备注': ''}"
脊柱裂,神经系统.txt,"{'疾病名称': '脊柱裂', '诊断': '囊性脊柱裂', '病情现状': '有轻度/中度智力障碍（即 IQ 通常为 35 至 49，有极轻微的感觉运动障碍，可以独立生活或需要一定的监护）', '体检项目': '有轻度/中度智力障碍（即 IQ 通常为 35 至 49，有极轻微的感觉运动障碍，可以独立生活或需要一定的监护）', '项目结果': '有轻度/中度智力障碍（即 IQ 通常为 35 至 49，有极轻微的感觉运动障碍，可以独立生活或需要一定的监护）', '重疾险': '拒保', '护理': '拒保', '医疗险': '拒保', '意外险': '拒保', '防癌险': '标体', '备注': ''}"
脊柱裂,神经系统.txt,"{'疾病名称': '脊柱裂', '诊断': '囊性脊柱裂', '病情现状': '有重度/极重度智力障碍（即 IQ 通常为 0 至 34，有严重或极重度的感觉运动障碍，不大可能独立生活） ', '体检项目': '有重度/极重度智力障碍（即 IQ 通常为 0 至 34，有严重或极重度的感觉运动障碍，不大可能独立生活） ', '项目结果': '有重度/极重度智力障碍（即 IQ 通常为 0 至 34，有严重或极重度的感觉运动障碍，不大可能独立生活） ', '重疾险': '拒保', '护理': '拒保', '医疗险': '拒保', '意外险': '拒保', '防癌险': '标体', '备注': ''}"
脊柱裂,神经系统.txt,"{'疾病名称': '脊柱裂', '诊断': '囊性脊柱裂', '病情现状': 'L3（腰三椎体） 至 T11（胸十一椎体），运动技能中等（不依赖轮椅，偶尔需要帮助和/或行动辅助以进行日常生活活动 [ADL]/工具性日常生活活动 [IADL]）无智力障碍', '体检项目': 'L3（腰三椎体） 至 T11（胸十一椎体），运动技能中等（不依赖轮椅，偶尔需要帮助和/或行动辅助以进行日常生活活动 [ADL]/工具性日常生活活动 [IADL]）无智力障碍', '项目结果': 'L3（腰三椎体） 至 T11（胸十一椎体），运动技能中等（不依赖轮椅，偶尔需要帮助和/或行动辅助以进行日常生活活动 [ADL]/工具性日常生活活动 [IADL]）无智力障碍', '重疾险': '拒保', '护理': '拒保', '医疗险': '拒保', '意外险': '拒保', '防癌险': '标体', '备注': ''}"
脊柱裂,神经系统.txt,"{'疾病名称': '脊柱裂', '诊断': '囊性脊柱裂', '病情现状': 'L3 至 T11，运动技能中等（不依赖轮椅，偶尔需要帮助和/或行动辅助以进行日常生活活动 [ADL]/工具性日常生活活动 [IADL]）有智力障碍', '体检项目': 'L3 至 T11，运动技能中等（不依赖轮椅，偶尔需要帮助和/或行动辅助以进行日常生活活动 [ADL]/工具性日常生活活动 [IADL]）有智力障碍', '项目结果': 'L3 至 T11，运动技能中等（不依赖轮椅，偶尔需要帮助和/或行动辅助以进行日常生活活动 [ADL]/工具性日常生活活动 [IADL]）有智力障碍', '重疾险': '拒保', '护理': '拒保', '医疗险': '拒保', '意外险': '拒保', '防癌险': '标体', '备注': ''}"
脊柱裂,神经系统.txt,"{'疾病名称': '脊柱裂', '诊断': '囊性脊柱裂', '病情现状': 'T11（胸十一椎体）以上或有严重运动障碍/依赖轮椅', '体检项目': 'T11（胸十一椎体）以上或有严重运动障碍/依赖轮椅', '项目结果': 'T11（胸十一椎体）以上或有严重运动障碍/依赖轮椅', '重疾险': '拒保', '护理': '拒保', '医疗险': '拒保', '意外险': '拒保', '防癌险': '标体', '备注': ''}"
脊柱裂,神经系统.txt,"{'疾病名称': '脊柱裂', '诊断': '囊性脊柱裂', '病情现状': '有并发症，脑积水、肾功能异常病史', '体检项目': '有并发症，脑积水、肾功能异常病史', '项目结果': '有并发症，脑积水、肾功能异常病史', '重疾险': '拒保', '护理': '拒保', '医疗险': '拒保', '意外险': '标体', '防癌险': '标体', '备注': ''}"
脊柱裂,神经系统.txt,"{'疾病名称': '脊柱裂', '诊断': '未成年人接受过脑脊膜手术', '病情现状': '术后 ≤ 2年', '体检项目': '/', '项目结果': '/', '重疾险': '延期', '护理': '延期', '医疗险': '延期', '意外险': '标体', '防癌险': '标体', '备注': ''}"
脊柱裂,神经系统.txt,"{'疾病名称': '脊柱裂', '诊断': '未成年人接受过脑脊膜手术', '病情现状': '术后>  2年无并发症', '体检项目': '脊柱X线平片+问卷', '项目结果': '脊柱X线平片结果无异常。问卷：日常工作及活动正常，能正常走路', '重疾险': '标体', '护理': '标体', '医疗险': '标体', '意外险': '标体', '防癌险': '标体', '备注': ''}"
脊柱裂,神经系统.txt,"{'疾病名称': '脊柱裂', '诊断': '未成年人接受过脑脊膜手术', '病情现状': '术后>  2年有并发症', '体检项目': '/', '项目结果': '/', '重疾险': '拒保', '护理': '拒保', '医疗险': '拒保', '意外险': '标体', '防癌险': '标体', '备注': ''}"
"•急性轴索型神经病
•急性特发性炎症性多发性神经病
•急性炎症性脱髓鞘性多发性神经病 (AIDP)
•急性炎症性多发性神经病 (AIPN)
•急性运动性轴索型神经病 (AMAN)
•急性运动感觉性轴索型神经病 (AMSAN)
•慢性炎症性脱髓鞘性神经病 (CIDP)
•慢性炎症性多发性神经病 (CIP)
•慢性复发性炎症性多发性神经病 (CIRP)
•多发性神经根性神经炎
•吉兰-巴雷综合征
•格林-巴利综合征
•GB综合征（Guillain-Barré）",神经系统.txt,"{'疾病名称': '•急性轴索型神经病\n•急性特发性炎症性多发性神经病\n•急性炎症性脱髓鞘性多发性神经病 (AIDP)\n•急性炎症性多发性神经病 (AIPN)\n•急性运动性轴索型神经病 (AMAN)\n•急性运动感觉性轴索型神经病 (AMSAN)\n•慢性炎症性脱髓鞘性神经病 (CIDP)\n•慢性炎症性多发性神经病 (CIP)\n•慢性复发性炎症性多发性神经病 (CIRP)\n•多发性神经根性神经炎\n•吉兰-巴雷综合征\n•格林-巴利综合征\n•GB综合征（Guillain-Barré）', '诊断': '•急性轴索型神经病\n•急性特发性炎症性多发性神经病\n•急性炎症性脱髓鞘性多发性神经病 (AIDP)\n•急性炎症性多发性神经病 (AIPN)\n•急性运动性轴索型神经病 (AMAN)\n•急性运动感觉性轴索型神经病 (AMSAN)\n•慢性炎症性脱髓鞘性神经病 (CIDP)\n•慢性炎症性多发性神经病 (CIP)\n•慢性复发性炎症性多发性神经病 (CIRP)\n•多发性神经根性神经炎\n•吉兰-巴雷综合征\n•格林-巴利综合征\n•GB综合征（Guillain-Barré）', '病情现状': '未痊愈或康复后1年内', '体检项目': '无', '项目结果': '无', '重疾险': '延期', '护理': '延期', '医疗险': '延期', '意外险': '标体', '防癌险': '延期', '备注': '除外话术：\n\n医疗险：本公司不承担被保险人因“肢体功能障碍”“瘫痪”、“肾功能障碍”和“生活不能自理”，及格林巴利综合征导致的医疗保险金给付责任。\n\n重疾险：本公司不承担被保险人因“肢体功能障碍”“瘫痪”、“肾功能障碍”和“生活不能自理”，及“Guillain-Barré 综合征”或任何周围神经系统疾病或障碍直接或间接引起的轻症疾病、中症疾病或重大疾病保险金给付责任及前述疾病导致的豁免保费责任。 \n（请结合具体险种的保险责任书写）'}"
"•急性轴索型神经病
•急性特发性炎症性多发性神经病
•急性炎症性脱髓鞘性多发性神经病 (AIDP)
•急性炎症性多发性神经病 (AIPN)
•急性运动性轴索型神经病 (AMAN)
•急性运动感觉性轴索型神经病 (AMSAN)
•慢性炎症性脱髓鞘性神经病 (CIDP)
•慢性炎症性多发性神经病 (CIP)
•慢性复发性炎症性多发性神经病 (CIRP)
•多发性神经根性神经炎
•吉兰-巴雷综合征
•格林-巴利综合征
•GB综合征（Guillain-Barré）",神经系统.txt,"{'疾病名称': '•急性轴索型神经病\n•急性特发性炎症性多发性神经病\n•急性炎症性脱髓鞘性多发性神经病 (AIDP)\n•急性炎症性多发性神经病 (AIPN)\n•急性运动性轴索型神经病 (AMAN)\n•急性运动感觉性轴索型神经病 (AMSAN)\n•慢性炎症性脱髓鞘性神经病 (CIDP)\n•慢性炎症性多发性神经病 (CIP)\n•慢性复发性炎症性多发性神经病 (CIRP)\n•多发性神经根性神经炎\n•吉兰-巴雷综合征\n•格林-巴利综合征\n•GB综合征（Guillain-Barré）', '诊断': '•急性轴索型神经病\n•急性特发性炎症性多发性神经病\n•急性炎症性脱髓鞘性多发性神经病 (AIDP)\n•急性炎症性多发性神经病 (AIPN)\n•急性运动性轴索型神经病 (AMAN)\n•急性运动感觉性轴索型神经病 (AMSAN)\n•慢性炎症性脱髓鞘性神经病 (CIDP)\n•慢性炎症性多发性神经病 (CIP)\n•慢性复发性炎症性多发性神经病 (CIRP)\n•多发性神经根性神经炎\n•吉兰-巴雷综合征\n•格林-巴利综合征\n•GB综合征（Guillain-Barré）', '病情现状': '①住院期间未用呼吸机，无肌肉萎缩\n②痊愈1年以上\n③病历描述出院时症状痊愈。', '体检项目': '临床物理检查、腱反射、Kernig 征（体检需由医院神经科就医进行）', '项目结果': '①走、跑、跳功能正常\n②感觉功能正常（冷、热、触觉、痛觉）\n③腱反射正常\n④Kernig 征非阳性', '重疾险': '除外', '护理': '标体', '医疗险': '拒保', '意外险': '标体', '防癌险': '标体', '备注': '除外话术：\n\n医疗险：本公司不承担被保险人因“肢体功能障碍”“瘫痪”、“肾功能障碍”和“生活不能自理”，及格林巴利综合征导致的医疗保险金给付责任。\n\n重疾险：本公司不承担被保险人因“肢体功能障碍”“瘫痪”、“肾功能障碍”和“生活不能自理”，及“Guillain-Barré 综合征”或任何周围神经系统疾病或障碍直接或间接引起的轻症疾病、中症疾病或重大疾病保险金给付责任及前述疾病导致的豁免保费责任。 \n（请结合具体险种的保险责任书写）'}"
"•急性轴索型神经病
•急性特发性炎症性多发性神经病
•急性炎症性脱髓鞘性多发性神经病 (AIDP)
•急性炎症性多发性神经病 (AIPN)
•急性运动性轴索型神经病 (AMAN)
•急性运动感觉性轴索型神经病 (AMSAN)
•慢性炎症性脱髓鞘性神经病 (CIDP)
•慢性炎症性多发性神经病 (CIP)
•慢性复发性炎症性多发性神经病 (CIRP)
•多发性神经根性神经炎
•吉兰-巴雷综合征
•格林-巴利综合征
•GB综合征（Guillain-Barré）",神经系统.txt,"{'疾病名称': '•急性轴索型神经病\n•急性特发性炎症性多发性神经病\n•急性炎症性脱髓鞘性多发性神经病 (AIDP)\n•急性炎症性多发性神经病 (AIPN)\n•急性运动性轴索型神经病 (AMAN)\n•急性运动感觉性轴索型神经病 (AMSAN)\n•慢性炎症性脱髓鞘性神经病 (CIDP)\n•慢性炎症性多发性神经病 (CIP)\n•慢性复发性炎症性多发性神经病 (CIRP)\n•多发性神经根性神经炎\n•吉兰-巴雷综合征\n•格林-巴利综合征\n•GB综合征（Guillain-Barré）', '诊断': '•急性轴索型神经病\n•急性特发性炎症性多发性神经病\n•急性炎症性脱髓鞘性多发性神经病 (AIDP)\n•急性炎症性多发性神经病 (AIPN)\n•急性运动性轴索型神经病 (AMAN)\n•急性运动感觉性轴索型神经病 (AMSAN)\n•慢性炎症性脱髓鞘性神经病 (CIDP)\n•慢性炎症性多发性神经病 (CIP)\n•慢性复发性炎症性多发性神经病 (CIRP)\n•多发性神经根性神经炎\n•吉兰-巴雷综合征\n•格林-巴利综合征\n•GB综合征（Guillain-Barré）', '病情现状': '①住院期间未用呼吸机，无肌肉萎缩\n②痊愈1年以上\n③病历描述出院时症状痊愈。', '体检项目': '临床物理检查、腱反射、Kernig 征（体检需由医院神经科就医进行）', '项目结果': '①轻度残留症状，需借助工具行走或活动；\n②腱反射正常；\n③Kernig 征非阳性；', '重疾险': '拒保', '护理': '标体', '医疗险': '拒保', '意外险': '标体', '防癌险': '标体', '备注': '除外话术：\n\n医疗险：本公司不承担被保险人因“肢体功能障碍”“瘫痪”、“肾功能障碍”和“生活不能自理”，及格林巴利综合征导致的医疗保险金给付责任。\n\n重疾险：本公司不承担被保险人因“肢体功能障碍”“瘫痪”、“肾功能障碍”和“生活不能自理”，及“Guillain-Barré 综合征”或任何周围神经系统疾病或障碍直接或间接引起的轻症疾病、中症疾病或重大疾病保险金给付责任及前述疾病导致的豁免保费责任。 \n（请结合具体险种的保险责任书写）'}"
"•急性轴索型神经病
•急性特发性炎症性多发性神经病
•急性炎症性脱髓鞘性多发性神经病 (AIDP)
•急性炎症性多发性神经病 (AIPN)
•急性运动性轴索型神经病 (AMAN)
•急性运动感觉性轴索型神经病 (AMSAN)
•慢性炎症性脱髓鞘性神经病 (CIDP)
•慢性炎症性多发性神经病 (CIP)
•慢性复发性炎症性多发性神经病 (CIRP)
•多发性神经根性神经炎
•吉兰-巴雷综合征
•格林-巴利综合征
•GB综合征（Guillain-Barré）",神经系统.txt,"{'疾病名称': '•急性轴索型神经病\n•急性特发性炎症性多发性神经病\n•急性炎症性脱髓鞘性多发性神经病 (AIDP)\n•急性炎症性多发性神经病 (AIPN)\n•急性运动性轴索型神经病 (AMAN)\n•急性运动感觉性轴索型神经病 (AMSAN)\n•慢性炎症性脱髓鞘性神经病 (CIDP)\n•慢性炎症性多发性神经病 (CIP)\n•慢性复发性炎症性多发性神经病 (CIRP)\n•多发性神经根性神经炎\n•吉兰-巴雷综合征\n•格林-巴利综合征\n•GB综合征（Guillain-Barré）', '诊断': '•急性轴索型神经病\n•急性特发性炎症性多发性神经病\n•急性炎症性脱髓鞘性多发性神经病 (AIDP)\n•急性炎症性多发性神经病 (AIPN)\n•急性运动性轴索型神经病 (AMAN)\n•急性运动感觉性轴索型神经病 (AMSAN)\n•慢性炎症性脱髓鞘性神经病 (CIDP)\n•慢性炎症性多发性神经病 (CIP)\n•慢性复发性炎症性多发性神经病 (CIRP)\n•多发性神经根性神经炎\n•吉兰-巴雷综合征\n•格林-巴利综合征\n•GB综合征（Guillain-Barré）', '病情现状': '①住院期间未用呼吸机，无肌肉萎缩\n②痊愈1年以上\n③病历描述出院时症状痊愈。', '体检项目': '临床物理检查、腱反射、Kernig 征（体检需由医院神经科就医进行）', '项目结果': '不能自行行走', '重疾险': '拒保', '护理': '拒保', '医疗险': '拒保', '意外险': '拒保', '防癌险': '标体', '备注': '除外话术：\n\n医疗险：本公司不承担被保险人因“肢体功能障碍”“瘫痪”、“肾功能障碍”和“生活不能自理”，及格林巴利综合征导致的医疗保险金给付责任。\n\n重疾险：本公司不承担被保险人因“肢体功能障碍”“瘫痪”、“肾功能障碍”和“生活不能自理”，及“Guillain-Barré 综合征”或任何周围神经系统疾病或障碍直接或间接引起的轻症疾病、中症疾病或重大疾病保险金给付责任及前述疾病导致的豁免保费责任。 \n（请结合具体险种的保险责任书写）'}"
"•急性轴索型神经病
•急性特发性炎症性多发性神经病
•急性炎症性脱髓鞘性多发性神经病 (AIDP)
•急性炎症性多发性神经病 (AIPN)
•急性运动性轴索型神经病 (AMAN)
•急性运动感觉性轴索型神经病 (AMSAN)
•慢性炎症性脱髓鞘性神经病 (CIDP)
•慢性炎症性多发性神经病 (CIP)
•慢性复发性炎症性多发性神经病 (CIRP)
•多发性神经根性神经炎
•吉兰-巴雷综合征
•格林-巴利综合征
•GB综合征（Guillain-Barré）",神经系统.txt,"{'疾病名称': '•急性轴索型神经病\n•急性特发性炎症性多发性神经病\n•急性炎症性脱髓鞘性多发性神经病 (AIDP)\n•急性炎症性多发性神经病 (AIPN)\n•急性运动性轴索型神经病 (AMAN)\n•急性运动感觉性轴索型神经病 (AMSAN)\n•慢性炎症性脱髓鞘性神经病 (CIDP)\n•慢性炎症性多发性神经病 (CIP)\n•慢性复发性炎症性多发性神经病 (CIRP)\n•多发性神经根性神经炎\n•吉兰-巴雷综合征\n•格林-巴利综合征\n•GB综合征（Guillain-Barré）', '诊断': '•急性轴索型神经病\n•急性特发性炎症性多发性神经病\n•急性炎症性脱髓鞘性多发性神经病 (AIDP)\n•急性炎症性多发性神经病 (AIPN)\n•急性运动性轴索型神经病 (AMAN)\n•急性运动感觉性轴索型神经病 (AMSAN)\n•慢性炎症性脱髓鞘性神经病 (CIDP)\n•慢性炎症性多发性神经病 (CIP)\n•慢性复发性炎症性多发性神经病 (CIRP)\n•多发性神经根性神经炎\n•吉兰-巴雷综合征\n•格林-巴利综合征\n•GB综合征（Guillain-Barré）', '病情现状': '住院期间使用呼吸机', '体检项目': '无', '项目结果': '无', '重疾险': '拒保', '护理': '拒保', '医疗险': '拒保', '意外险': '拒保', '防癌险': '拒保', '备注': '除外话术：\n\n医疗险：本公司不承担被保险人因“肢体功能障碍”“瘫痪”、“肾功能障碍”和“生活不能自理”，及格林巴利综合征导致的医疗保险金给付责任。\n\n重疾险：本公司不承担被保险人因“肢体功能障碍”“瘫痪”、“肾功能障碍”和“生活不能自理”，及“Guillain-Barré 综合征”或任何周围神经系统疾病或障碍直接或间接引起的轻症疾病、中症疾病或重大疾病保险金给付责任及前述疾病导致的豁免保费责任。 \n（请结合具体险种的保险责任书写）'}"
肌营养不良症,神经系统.txt,"{'疾病名称': '肌营养不良症', '诊断': '肌营养不良症', '病情现状': '——', '体检项目': '——', '项目结果': '——', '重疾险': '拒保', '护理': '拒保', '医疗险': '拒保', '意外险': '拒保', '防癌险': '拒保', '备注': ''}"
肌营养不良症家族史,神经系统.txt,"{'疾病名称': '肌营养不良症家族史', '诊断': '肌营养不良症家族史', '病情现状': '——', '体检项目': '——', '项目结果': '——', '重疾险': '拒保', '护理': '拒保', '医疗险': '拒保', '意外险': '拒保', '防癌险': '拒保', '备注': ''}"
颅内神经纤维瘤,神经系统.txt,"{'疾病名称': '颅内神经纤维瘤', '诊断': '颅内神经纤维瘤（神经鞘瘤）', '病情现状': '——', '体检项目': '——', '项目结果': '——', '重疾险': '拒保', '护理': '拒保', '医疗险': '拒保', '意外险': '拒保', '防癌险': '拒保', '备注': ''}"
癫痫,神经系统.txt,"{'疾病名称': '癫痫', '诊断': '', '病情现状': '——', '体检项目': '病历资料、脑电图、头颅磁共振等', '项目结果': '病历资料、脑电图、头颅磁共振等', '重疾险': '拒保', '护理': '拒保', '医疗险': '拒保', '意外险': '拒保', '防癌险': '标体/除外', '备注': '防癌险：占位性病变引起的癫痫除外（如有相关责任的话）'}"
多发性硬化,神经系统.txt,"{'疾病名称': '多发性硬化', '诊断': '感觉异常(迟钝)、肌肉无力、肌肉痉挛或移动困难；协调或平衡困难（共济失调）；言语困难（构音障碍）或吞咽困难；视力减退（眼球震颤、视神经炎或复视）；乏力以及急性或慢性疼痛综合征；排泄困难；认知障碍；情感障碍（多数为抑郁）。', '病情现状': '感觉异常(迟钝)、肌肉无力、肌肉痉挛或移动困难；协调或平衡困难（共济失调）；言语困难（构音障碍）或吞咽困难；视力减退（眼球震颤、视神经炎或复视）；乏力以及急性或慢性疼痛综合征；排泄困难；认知障碍；情感障碍（多数为抑郁）。', '体检项目': '神经系统查体、MRI、诱发电位、脑脊液检查（自行提供）', '项目结果': 'MRI多发病灶、诱发电位多处神经功能缺损的客观病症、脑脊液异常', '重疾险': '拒保', '护理': '拒保', '医疗险': '拒保', '意外险': '拒保', '防癌险': '标体', '备注': '除外话术：\n医疗险：多发性硬化症或中枢神经系统疾病及其并发症导致的医疗保险金给付责任。\n重疾险：多发性硬化症或中枢神经系统疾病及其并发症导致的轻症疾病、中症疾病、重大疾病、疾病终末期的保险金给付责任，重大疾病、中症疾病、轻症疾病豁免保险费的责任。                                                                                                                  \n（请结合具体险种的保险责任书写）'}"
多发性硬化,神经系统.txt,"{'疾病名称': '多发性硬化', '诊断': '家族史', '病情现状': '—', '体检项目': '—', '项目结果': '—', '重疾险': '除外', '护理': '标体', '医疗险': '除外', '意外险': '标体', '防癌险': '标体', '备注': '除外话术：\n医疗险：多发性硬化症或中枢神经系统疾病及其并发症导致的医疗保险金给付责任。\n重疾险：多发性硬化症或中枢神经系统疾病及其并发症导致的轻症疾病、中症疾病、重大疾病、疾病终末期的保险金给付责任，重大疾病、中症疾病、轻症疾病豁免保险费的责任。                                                                                                                  \n（请结合具体险种的保险责任书写）'}"
重症肌无力,神经系统.txt,"{'疾病名称': '重症肌无力', '诊断': '诊断时间距今≤1年', '病情现状': '诊断时间距今≤1年', '体检项目': '——', '项目结果': '——', '重疾险': '延期', '护理': '延期', '医疗险': '拒保', '意外险': '延期', '防癌险': '标体', '备注': ''}"
重症肌无力,神经系统.txt,"{'疾病名称': '重症肌无力', '诊断': '诊断时间距今>1年', '病情现状': '仅为眼肌型', '体检项目': '——', '项目结果': '——', '重疾险': '除外', '护理': '标体', '医疗险': '拒保', '意外险': '标体', '防癌险': '标体', '备注': ''}"
重症肌无力,神经系统.txt,"{'疾病名称': '重症肌无力', '诊断': '诊断时间距今>1年', '病情现状': '全身型，病情稳定，1-3年', '体检项目': '——', '项目结果': '——', '重疾险': '延期', '护理': '标体', '医疗险': '拒保', '意外险': '延期', '防癌险': '标体', '备注': ''}"
重症肌无力,神经系统.txt,"{'疾病名称': '重症肌无力', '诊断': '诊断时间距今>1年', '病情现状': '全身型，病情稳定，3年以上', '体检项目': '——', '项目结果': '——', '重疾险': '除外', '护理': '标体', '医疗险': '拒保', '意外险': '标体', '防癌险': '标体', '备注': ''}"
重症肌无力,神经系统.txt,"{'疾病名称': '重症肌无力', '诊断': '采用长期糖皮质激素或免疫抑制剂进行治疗', '病情现状': '采用长期糖皮质激素或免疫抑制剂进行治疗', '体检项目': '——', '项目结果': '——', '重疾险': '拒保', '护理': '标体', '医疗险': '拒保', '意外险': '延期', '防癌险': '标体', '备注': ''}"
重症肌无力,神经系统.txt,"{'疾病名称': '重症肌无力', '诊断': '存在胸腺瘤', '病情现状': '存在胸腺瘤', '体检项目': '病理报告', '项目结果': '良性', '重疾险': '无需加重评点', '护理': '无需加重评点', '医疗险': '拒保', '意外险': '无需加重评点', '防癌险': '无需加重评点', '备注': ''}"
重症肌无力,神经系统.txt,"{'疾病名称': '重症肌无力', '诊断': '存在胸腺瘤', '病情现状': '存在胸腺瘤', '体检项目': '病理报告', '项目结果': '恶性', '重疾险': '拒保', '护理': '拒保', '医疗险': '拒保', '意外险': '拒保', '防癌险': '拒保', '备注': ''}"
颅咽管瘤,神经系统.txt,"{'疾病名称': '颅咽管瘤', '诊断': '颅咽管瘤', '病情现状': '——', '体检项目': '——', '项目结果': '——', '重疾险': '拒保', '护理': '拒保', '医疗险': '拒保', '意外险': '拒保', '防癌险': '拒保', '备注': ''}"
雷诺综合征,神经系统.txt,"{'疾病名称': '雷诺综合征', '诊断': '原发性/特发性雷诺综合征（雷诺氏病）', '病情现状': '明确诊断无潜在致病损伤，无进展或失能，无并发症（手指或脚趾有无发生溃疡、和营养性改变、萎缩、坏疽）', '体检项目': '常规物理检查（重点检查手指或脚趾有无发生溃疡、和营养性改变、萎缩、坏疽）', '项目结果': '常规检查无并发症（手指或脚趾有无发生溃疡、和营养性改变、萎缩、坏疽）', '重疾险': '标体', '护理': '标体', '医疗险': '拒保', '意外险': '标体', '防癌险': '标体', '备注': ''}"
雷诺综合征,神经系统.txt,"{'疾病名称': '雷诺综合征', '诊断': '原发性/特发性雷诺综合征（雷诺氏病）', '病情现状': '明确诊断无潜在致病损伤，无进展或失能，存在并发症，最近一次发病2年以上', '体检项目': '常规物理检查（重点检查手指或脚趾有无发生溃疡、和营养性改变、萎缩、坏疽）', '项目结果': '常规检查无并发症（手指或脚趾有无发生溃疡、和营养性改变、萎缩、坏疽）', '重疾险': '拒保', '护理': '标体', '医疗险': '拒保', '意外险': '标体', '防癌险': '标体', '备注': ''}"
雷诺综合征,神经系统.txt,"{'疾病名称': '雷诺综合征', '诊断': '原发性/特发性雷诺综合征（雷诺氏病）', '病情现状': '明确诊断无潜在致病损伤，无进展或失能，存在并发症，最近一次发病2年以上', '体检项目': '常规物理检查（重点检查手指或脚趾有无发生溃疡、和营养性改变、萎缩、坏疽）', '项目结果': '常规检查存在并发症（手指或脚趾有无发生溃疡、和营养性改变、萎缩、坏疽）', '重疾险': '拒保', '护理': '标体', '医疗险': '拒保', '意外险': '延期', '防癌险': '标体', '备注': ''}"
雷诺综合征,神经系统.txt,"{'疾病名称': '雷诺综合征', '诊断': '原发性/特发性雷诺综合征（雷诺氏病）', '病情现状': '明确诊断无潜在致病损伤，无进展或失能，存在并发症，最近一次发病不满2年', '体检项目': '常规物理检查（重点检查手指或脚趾有无发生溃疡、和营养性改变、萎缩、坏疽）', '项目结果': '——', '重疾险': '拒保', '护理': '标体', '医疗险': '拒保', '意外险': '延期', '防癌险': '标体', '备注': ''}"
雷诺综合征,神经系统.txt,"{'疾病名称': '雷诺综合征', '诊断': '继发性雷诺综合征（雷诺氏现象）', '病情现状': '——', '体检项目': '——', '项目结果': '——', '重疾险': '按照病因评点', '护理': '按照病因评点', '医疗险': '按照病因评点', '意外险': '按照病因评点', '防癌险': '按照病因评点', '备注': ''}"
肝性脑病,神经系统.txt,"{'疾病名称': '肝性脑病', '诊断': '肝性脑病', '病情现状': '——', '体检项目': '——', '项目结果': '——', '重疾险': '拒保', '护理': '拒保', '医疗险': '拒保', '意外险': '拒保', '防癌险': '拒保', '备注': ''}"
脑损伤,神经系统.txt,"{'疾病名称': '脑损伤', '诊断': '颅脑损伤，无后续癫痫发作，无神经系统或心理并发症', '病情现状': '轻度', '体检项目': '损伤时间≤3个月', '项目结果': '——', '重疾险': '延期', '护理': '延期', '医疗险': '延期', '意外险': '延期', '防癌险': '延期', '备注': '1、轻：格拉斯评分13-15分，昏迷时间小于30分钟\n2、中：格拉斯评分9-12分，昏迷时间一般在6小时以内。\n3、重：格拉斯评分3-8分，昏迷时间一般大于6小时，'}"
脑损伤,神经系统.txt,"{'疾病名称': '脑损伤', '诊断': '颅脑损伤，无后续癫痫发作，无神经系统或心理并发症', '病情现状': '轻度', '体检项目': '损伤时间>3个月', '项目结果': '——', '重疾险': '标体', '护理': '标体', '医疗险': '标体', '意外险': '标体', '防癌险': '标体', '备注': '1、轻：格拉斯评分13-15分，昏迷时间小于30分钟\n2、中：格拉斯评分9-12分，昏迷时间一般在6小时以内。\n3、重：格拉斯评分3-8分，昏迷时间一般大于6小时，'}"
脑损伤,神经系统.txt,"{'疾病名称': '脑损伤', '诊断': '颅脑损伤，无后续癫痫发作，无神经系统或心理并发症', '病情现状': '中度', '体检项目': '损伤时间≤6个月', '项目结果': '——', '重疾险': '延期', '护理': '延期', '医疗险': '延期', '意外险': '延期', '防癌险': '延期', '备注': '1、轻：格拉斯评分13-15分，昏迷时间小于30分钟\n2、中：格拉斯评分9-12分，昏迷时间一般在6小时以内。\n3、重：格拉斯评分3-8分，昏迷时间一般大于6小时，'}"
脑损伤,神经系统.txt,"{'疾病名称': '脑损伤', '诊断': '颅脑损伤，无后续癫痫发作，无神经系统或心理并发症', '病情现状': '中度', '体检项目': '损伤时间>6个月', '项目结果': '——', '重疾险': '标体', '护理': '标体', '医疗险': '标体', '意外险': '标体', '防癌险': '标体', '备注': '1、轻：格拉斯评分13-15分，昏迷时间小于30分钟\n2、中：格拉斯评分9-12分，昏迷时间一般在6小时以内。\n3、重：格拉斯评分3-8分，昏迷时间一般大于6小时，'}"
脑损伤,神经系统.txt,"{'疾病名称': '脑损伤', '诊断': '颅脑损伤，无后续癫痫发作，无神经系统或心理并发症', '病情现状': '重度', '体检项目': '损伤时间≤12个月', '项目结果': '——', '重疾险': '延期', '护理': '延期', '医疗险': '延期', '意外险': '延期', '防癌险': '延期', '备注': '1、轻：格拉斯评分13-15分，昏迷时间小于30分钟\n2、中：格拉斯评分9-12分，昏迷时间一般在6小时以内。\n3、重：格拉斯评分3-8分，昏迷时间一般大于6小时，'}"
脑损伤,神经系统.txt,"{'疾病名称': '脑损伤', '诊断': '颅脑损伤，无后续癫痫发作，无神经系统或心理并发症', '病情现状': '重度', '体检项目': '损伤时间>12个月', '项目结果': '——', '重疾险': '标体', '护理': '标体', '医疗险': '标体', '意外险': '标体', '防癌险': '标体', '备注': '1、轻：格拉斯评分13-15分，昏迷时间小于30分钟\n2、中：格拉斯评分9-12分，昏迷时间一般在6小时以内。\n3、重：格拉斯评分3-8分，昏迷时间一般大于6小时，'}"
脑损伤,神经系统.txt,"{'疾病名称': '脑损伤', '诊断': '其他因素', '病情现状': '有脑震荡后综合征', '体检项目': '症状极少，无限制', '项目结果': '症状极少，无限制', '重疾险': '标体', '护理': '标体', '医疗险': '延期', '意外险': '标体', '防癌险': '标体', '备注': '1、轻：格拉斯评分13-15分，昏迷时间小于30分钟\n2、中：格拉斯评分9-12分，昏迷时间一般在6小时以内。\n3、重：格拉斯评分3-8分，昏迷时间一般大于6小时，'}"
脑损伤,神经系统.txt,"{'疾病名称': '脑损伤', '诊断': '其他因素', '病情现状': '有脑震荡后综合征', '体检项目': '轻度至中度限制，完全可活动及生活自理', '项目结果': '轻度至中度限制，完全可活动及生活自理', '重疾险': '延期', '护理': '标体', '医疗险': '延期', '意外险': '拒保', '防癌险': '标体', '备注': '1、轻：格拉斯评分13-15分，昏迷时间小于30分钟\n2、中：格拉斯评分9-12分，昏迷时间一般在6小时以内。\n3、重：格拉斯评分3-8分，昏迷时间一般大于6小时，'}"
脑损伤,神经系统.txt,"{'疾病名称': '脑损伤', '诊断': '其他因素', '病情现状': '有脑震荡后综合征', '体检项目': ' 严重受限，活动受限，需依赖他人', '项目结果': ' 严重受限，活动受限，需依赖他人', '重疾险': '拒保', '护理': '拒保', '医疗险': '拒保', '意外险': '拒保', '防癌险': '拒保', '备注': '1、轻：格拉斯评分13-15分，昏迷时间小于30分钟\n2、中：格拉斯评分9-12分，昏迷时间一般在6小时以内。\n3、重：格拉斯评分3-8分，昏迷时间一般大于6小时，'}"
脑损伤,神经系统.txt,"{'疾病名称': '脑损伤', '诊断': '其他因素', '病情现状': '如存在损伤后癫痫发作、伴有任何其他神经系统或心理并发症，包括认知障碍', '体检项目': '如存在损伤后癫痫发作、伴有任何其他神经系统或心理并发症，包括认知障碍', '项目结果': '如存在损伤后癫痫发作、伴有任何其他神经系统或心理并发症，包括认知障碍', '重疾险': '拒保', '护理': '拒保', '医疗险': '拒保', '意外险': '拒保', '防癌险': '拒保', '备注': '1、轻：格拉斯评分13-15分，昏迷时间小于30分钟\n2、中：格拉斯评分9-12分，昏迷时间一般在6小时以内。\n3、重：格拉斯评分3-8分，昏迷时间一般大于6小时，'}"
脑梗塞,神经系统.txt,"{'疾病名称': '脑梗塞', '诊断': '脑梗塞', '病情现状': '-', '体检项目': '-', '项目结果': '-', '重疾险': '拒保', '护理': '拒保', '医疗险': '拒保', '意外险': '拒保', '防癌险': '拒保', '备注': ''}"
脑梗塞,神经系统.txt,"{'疾病名称': '脑梗塞', '诊断': '脑梗塞', '病情现状': '-', '体检项目': '-', '项目结果': '-', '重疾险': '拒保', '护理': '拒保', '医疗险': '拒保', '意外险': '拒保', '防癌险': '拒保', '备注': ''}"
失眠症,神经系统.txt,"{'疾病名称': '失眠症', '诊断': '原发性失眠', '病情现状': '病历/诊断书显示已排除心理及躯体异常且各量表结果均在参考值范围内且无药物滥用且无需医学干预', '体检项目': '病历/诊断书显示已排除心理及躯体异常且各量表结果均在参考值范围内且无药物滥用且无需医学干预', '项目结果': '病历/诊断书显示已排除心理及躯体异常且各量表结果均在参考值范围内且无药物滥用且无需医学干预', '重疾险': '标体', '护理': '标体', '医疗险': '标体', '意外险': '标体', '防癌险': '标体', '备注': '“药物滥用”评点，详见瑞再相应章节'}"
失眠症,神经系统.txt,"{'疾病名称': '失眠症', '诊断': '原发性失眠', '病情现状': '否则', '体检项目': '否则', '项目结果': '——', '重疾险': '延期', '护理': '延期', '医疗险': '延期', '意外险': '延期', '防癌险': '延期', '备注': '“药物滥用”评点，详见瑞再相应章节'}"
失眠症,神经系统.txt,"{'疾病名称': '失眠症', '诊断': '继发性失眠', '病情现状': '', '体检项目': '', '项目结果': '', '重疾险': '按照“原发病”评点', '护理': '按照“原发病”评点', '医疗险': '按照“原发病”评点', '意外险': '按照“原发病”评点', '防癌险': '按照“原发病”评点', '备注': '“药物滥用”评点，详见瑞再相应章节'}"
抑郁症,神经系统.txt,"{'疾病名称': '抑郁症', '诊断': '抑郁症', '病情现状': '病情得到解决或控制良好，无抑郁症状，对工作或日常活动没有持续的损害', '体检项目': '要求客户提供专科就诊病历、量表测查以及其他相关检查报告', '项目结果': '量表显示无抑郁状态，其他检查无异常', '重疾险': '标体', '护理': '标体', '医疗险': '拒保', '意外险': '标体', '防癌险': '标体', '备注': ''}"
抑郁症,神经系统.txt,"{'疾病名称': '抑郁症', '诊断': '抑郁症', '病情现状': '现症', '体检项目': '要求客户提供专科就诊病历、量表测查以及其他相关检查报告', '项目结果': '控制良好，量表显示正常或轻度抑郁状态，其他检查无异常', '重疾险': '延期', '护理': '标体', '医疗险': '拒保', '意外险': '标体', '防癌险': '标体', '备注': ''}"
抑郁症,神经系统.txt,"{'疾病名称': '抑郁症', '诊断': '抑郁症', '病情现状': '现症', '体检项目': '要求客户提供专科就诊病历、量表测查以及其他相关检查报告', '项目结果': '否则', '重疾险': '延期', '护理': '延期', '医疗险': '延期', '意外险': '延期', '防癌险': '标体', '备注': ''}"
抑郁症,神经系统.txt,"{'疾病名称': '抑郁症', '诊断': '附加评点', '病情现状': ' 过去5年住院治疗', '体检项目': '要求客户提供专科就诊病历、量表测查以及其他相关检查报告', '项目结果': '/', '重疾险': '延期', '护理': '参照上述评点', '医疗险': '参照上述评点', '意外险': '参照上述评点', '防癌险': '参照上述评点', '备注': ''}"
抑郁症,神经系统.txt,"{'疾病名称': '抑郁症', '诊断': '附加评点', '病情现状': '自杀史、有自杀意念、当前使用或曾使用成瘾性物质', '体检项目': '要求客户提供专科就诊病历、量表测查以及其他相关检查报告', '项目结果': '/', '重疾险': '拒保', '护理': '拒保', '医疗险': '拒保', '意外险': '拒保', '防癌险': '标体', '备注': ''}"
抑郁症,神经系统.txt,"{'疾病名称': '抑郁症', '诊断': '附加评点', '病情现状': '体重不足（BMI≤16）', '体检项目': '要求客户提供专科就诊病历、量表测查以及其他相关检查报告', '项目结果': '/', '重疾险': '添加心血管风险和糖尿病计算器结果至上述评点，并考虑是否饮食失调', '护理': '添加心血管风险和糖尿病计算器结果至上述评点，并考虑是否饮食失调', '医疗险': '添加心血管风险和糖尿病计算器结果至上述评点，并考虑是否饮食失调', '意外险': '添加心血管风险和糖尿病计算器结果至上述评点，并考虑是否饮食失调', '防癌险': '添加心血管风险和糖尿病计算器结果至上述评点，并考虑是否饮食失调', '备注': ''}"
抑郁症,神经系统.txt,"{'疾病名称': '抑郁症', '诊断': '附加评点', '病情现状': '其他并存的精神健康疾病或躯体症状', '体检项目': '要求客户提供专科就诊病历、量表测查以及其他相关检查报告', '项目结果': '/', '重疾险': '增加相应评点', '护理': '增加相应评点', '医疗险': '增加相应评点', '意外险': '增加相应评点', '防癌险': '增加相应评点', '备注': ''}"
焦虑症,神经系统.txt,"{'疾病名称': '焦虑症', '诊断': '焦虑症', '病情现状': '病情得到解决或控制良好，无焦虑状态，对工作或日常活动没有持续的损害', '体检项目': '要求客户提供专科就诊病历、量表测查以及其他相关检查报告', '项目结果': '量表显示无焦虑状态，其他检查无异常', '重疾险': '标体', '护理': '标体', '医疗险': '拒保', '意外险': '标体', '防癌险': '标体', '备注': ''}"
焦虑症,神经系统.txt,"{'疾病名称': '焦虑症', '诊断': '焦虑症', '病情现状': '现症', '体检项目': '要求客户提供专科就诊病历、量表测查以及其他相关检查报告', '项目结果': '量表显示轻度焦虑状态', '重疾险': '标体', '护理': '标体', '医疗险': '拒保', '意外险': '标体', '防癌险': '标体', '备注': ''}"
焦虑症,神经系统.txt,"{'疾病名称': '焦虑症', '诊断': '焦虑症', '病情现状': '现症', '体检项目': '要求客户提供专科就诊病历、量表测查以及其他相关检查报告', '项目结果': '量表显示中重度焦虑状态', '重疾险': '延期', '护理': '延期', '医疗险': '拒保', '意外险': '延期', '防癌险': '标体', '备注': ''}"
焦虑症,神经系统.txt,"{'疾病名称': '焦虑症', '诊断': '附加评点', '病情现状': '过去5年住院治疗', '体检项目': '要求客户提供专科就诊病历、量表测查以及其他相关检查报告', '项目结果': '/', '重疾险': '拒保', '护理': '参照上述评点', '医疗险': '参照上述评点', '意外险': '参照上述评点', '防癌险': '参照上述评点', '备注': ''}"
焦虑症,神经系统.txt,"{'疾病名称': '焦虑症', '诊断': '附加评点', '病情现状': '自杀史、有自杀意念、当前使用或曾使用成瘾性物质', '体检项目': '要求客户提供专科就诊病历、量表测查以及其他相关检查报告', '项目结果': '/', '重疾险': '拒保', '护理': '拒保', '医疗险': '拒保', '意外险': '拒保', '防癌险': '标体', '备注': ''}"
焦虑症,神经系统.txt,"{'疾病名称': '焦虑症', '诊断': '附加评点', '病情现状': '体重不足（BMI≤16）', '体检项目': '要求客户提供专科就诊病历、量表测查以及其他相关检查报告', '项目结果': '/', '重疾险': '添加心血管风险和糖尿病计算器结果至上述评点，并考虑是否饮食失调', '护理': '添加心血管风险和糖尿病计算器结果至上述评点，并考虑是否饮食失调', '医疗险': '添加心血管风险和糖尿病计算器结果至上述评点，并考虑是否饮食失调', '意外险': '添加心血管风险和糖尿病计算器结果至上述评点，并考虑是否饮食失调', '防癌险': '添加心血管风险和糖尿病计算器结果至上述评点，并考虑是否饮食失调', '备注': ''}"
焦虑症,神经系统.txt,"{'疾病名称': '焦虑症', '诊断': '附加评点', '病情现状': '其他并存的精神健康疾病或躯体症状', '体检项目': '要求客户提供专科就诊病历、量表测查以及其他相关检查报告', '项目结果': '/', '重疾险': '增加相应评点', '护理': '增加相应评点', '医疗险': '增加相应评点', '意外险': '增加相应评点', '防癌险': '增加相应评点', '备注': ''}"
精神分裂症,神经系统.txt,"{'疾病名称': '精神分裂症', '诊断': '精神分裂症', '病情现状': '明确诊断', '体检项目': '——', '项目结果': '——', '重疾险': '拒保', '护理': '拒保', '医疗险': '拒保', '意外险': '拒保', '防癌险': '拒保', '备注': ''}"
植物神经功能紊乱,神经系统.txt,"{'疾病名称': '植物神经功能紊乱', '诊断': '原发性植物神经功能紊乱', '病情现状': '/', '体检项目': '/', '项目结果': '/', '重疾险': '标体', '护理': '标体', '医疗险': '拒保', '意外险': '标体', '防癌险': '标体', '备注': ''}"
植物神经功能紊乱,神经系统.txt,"{'疾病名称': '植物神经功能紊乱', '诊断': '继发性植物神经功能紊乱', '病情现状': '由帕金森病、更年期综合征、内分泌疾病、脑部感染、脑肿瘤、脑外伤等引起', '体检项目': '/', '项目结果': '/', '重疾险': '针对原发病评点', '护理': '针对原发病评点', '医疗险': '针对原发病评点', '意外险': '针对原发病评点', '防癌险': '针对原发病评点', '备注': ''}"
更年期综合征,神经系统.txt,"{'疾病名称': '更年期综合征', '诊断': '', '病情现状': '现症', '体检项目': '客户自行递交相关病历及检查资料', '项目结果': '有精神症状', '重疾险': '延期', '护理': '延期', '医疗险': '延期', '意外险': '延期', '防癌险': '标体', '备注': '无民事行为能力或限制民事行为能力者，不能承保'}"
更年期综合征,神经系统.txt,"{'疾病名称': '更年期综合征', '诊断': '', '病情现状': '现症', '体检项目': '客户自行递交相关病历及检查资料', '项目结果': '无精神症状', '重疾险': '标体', '护理': '标体', '医疗险': '延期', '意外险': '标体', '防癌险': '标体', '备注': '无民事行为能力或限制民事行为能力者，不能承保'}"
更年期综合征,神经系统.txt,"{'疾病名称': '更年期综合征', '诊断': '', '病情现状': '现症', '体检项目': '客户自行递交相关病历及检查资料', '项目结果': '无精神症状', '重疾险': '若其他项目有异常按具体异常评估；若无异常，建议按以上评点', '护理': '若其他项目有异常按具体异常评估；若无异常，建议按以上评点', '医疗险': '若其他项目有异常按具体异常评估；若无异常，建议按以上评点', '意外险': '若其他项目有异常按具体异常评估；若无异常，建议按以上评点', '防癌险': '若其他项目有异常按具体异常评估；若无异常，建议按以上评点', '备注': '无民事行为能力或限制民事行为能力者，不能承保'}"
更年期综合征,神经系统.txt,"{'疾病名称': '更年期综合征', '诊断': '', '病情现状': '已痊愈', '体检项目': '客户自行递交相关病历及检查资料', '项目结果': '完全康复，无后遗症', '重疾险': '标体', '护理': '标体', '医疗险': '标体', '意外险': '标体', '防癌险': '标体', '备注': '无民事行为能力或限制民事行为能力者，不能承保'}"
更年期综合征,神经系统.txt,"{'疾病名称': '更年期综合征', '诊断': '', '病情现状': '已痊愈', '体检项目': '客户自行递交相关病历及检查资料', '项目结果': '有后遗症（抑郁、血糖异常、阿尔莫兹海默病等）', '重疾险': '按后遗症评估', '护理': '按后遗症评估', '医疗险': '按后遗症评估', '意外险': '按后遗症评估', '防癌险': '按后遗症评估', '备注': '无民事行为能力或限制民事行为能力者，不能承保'}"
神经衰弱,神经系统.txt,"{'疾病名称': '神经衰弱', '诊断': '已确诊', '病情现状': '无其它精神类疾病', '体检项目': '请客户提供心理评估表', '项目结果': '无其余精神类疾病', '重疾险': '标体', '护理': '标体', '医疗险': '拒保', '意外险': '延期', '防癌险': '标体', '备注': '无民事行为能力或限制民事行为能力者，不能承保'}"
神经衰弱,神经系统.txt,"{'疾病名称': '神经衰弱', '诊断': '已确诊', '病情现状': '有其它精神类疾病', '体检项目': '请客户提供心理评估表', '项目结果': '有其余精神类疾病', '重疾险': '按相关精神类疾病评点', '护理': '按相关精神类疾病评点', '医疗险': '拒保', '意外险': '延期', '防癌险': '标体', '备注': '无民事行为能力或限制民事行为能力者，不能承保'}"
神经衰弱,神经系统.txt,"{'疾病名称': '神经衰弱', '诊断': '未确诊', '病情现状': '所有案例', '体检项目': '无', '项目结果': '无', '重疾险': '延期', '护理': '延期', '医疗险': '拒保', '意外险': '延期', '防癌险': '标体', '备注': '无民事行为能力或限制民事行为能力者，不能承保'}"
泌尿系感染,泌尿.txt,"{'疾病名称': '泌尿系感染', '诊断': '尿道炎', '': '尿道炎', '病情现状': '现症', '体检项目': '——', '项目结果': '——', '重疾险': '标体', '防癌': '标体', '护理': '标体', '医疗险': '除外', '意外险': '标体', '备注': ''}"
泌尿系感染,泌尿.txt,"{'疾病名称': '泌尿系感染', '诊断': '尿道炎', '': '尿道炎', '病情现状': '既往症', '体检项目': '——', '项目结果': '——', '重疾险': '标体', '防癌': '标体', '护理': '标体', '医疗险': '标体', '意外险': '标体', '备注': ''}"
泌尿系感染,泌尿.txt,"{'疾病名称': '泌尿系感染', '诊断': '膀胱炎', '': '膀胱炎', '病情现状': '现症', '体检项目': '——', '项目结果': '——', '重疾险': '延期', '防癌': '延期', '护理': '标体', '医疗险': '延期', '意外险': '延期', '备注': ''}"
泌尿系感染,泌尿.txt,"{'疾病名称': '泌尿系感染', '诊断': '膀胱炎', '': '膀胱炎', '病情现状': '既往症（单次发作）', '体检项目': '——', '项目结果': '——', '重疾险': '标体', '防癌': '标体', '护理': '标体', '医疗险': '标体', '意外险': '标体', '备注': ''}"
泌尿系感染,泌尿.txt,"{'疾病名称': '泌尿系感染', '诊断': '膀胱炎', '': '膀胱炎', '病情现状': '既往症（多次发作）', '体检项目': '——', '项目结果': '——', '重疾险': '标体', '防癌': '标体', '护理': '标体', '医疗险': '除外', '意外险': '标体', '备注': ''}"
泌尿系感染,泌尿.txt,"{'疾病名称': '泌尿系感染', '诊断': '膀胱炎', '': '间质性膀胱炎', '病情现状': '现症', '体检项目': '——', '项目结果': '——', '重疾险': '延期', '防癌': '延期', '护理': '延期', '医疗险': '拒保', '意外险': '延期', '备注': ''}"
泌尿系感染,泌尿.txt,"{'疾病名称': '泌尿系感染', '诊断': '膀胱炎', '': '间质性膀胱炎', '病情现状': '既往症', '体检项目': '泌尿系彩超、尿常规、肾功', '项目结果': '结果正常', '重疾险': '标体', '防癌': '标体', '护理': '标体', '医疗险': '拒保', '意外险': '标体', '备注': ''}"
泌尿系感染,泌尿.txt,"{'疾病名称': '泌尿系感染', '诊断': '膀胱炎', '': '间质性膀胱炎', '病情现状': '既往症', '体检项目': '泌尿系彩超、尿常规、肾功', '项目结果': '结果异常', '重疾险': '延期', '防癌': '延期', '护理': '延期', '医疗险': '拒保', '意外险': '延期', '备注': ''}"
泌尿系感染,泌尿.txt,"{'疾病名称': '泌尿系感染', '诊断': '膀胱炎', '': '腺性膀胱炎', '病情现状': '病史≤2年', '体检项目': '——', '项目结果': '——', '重疾险': '延期', '防癌': '延期', '护理': '延期', '医疗险': '拒保', '意外险': '延期', '备注': ''}"
泌尿系感染,泌尿.txt,"{'疾病名称': '泌尿系感染', '诊断': '膀胱炎', '': '腺性膀胱炎', '病情现状': '病史＞2年', '体检项目': '泌尿系彩超、尿常规、肾功', '项目结果': '结果异常', '重疾险': '延期', '防癌': '延期', '护理': '延期', '医疗险': '拒保', '意外险': '延期', '备注': ''}"
泌尿系感染,泌尿.txt,"{'疾病名称': '泌尿系感染', '诊断': '膀胱炎', '': '腺性膀胱炎', '病情现状': '病史＞2年', '体检项目': '泌尿系彩超、尿常规、肾功', '项目结果': '结果正常', '重疾险': '除外膀胱恶性肿瘤', '防癌': '除外膀胱恶性肿瘤', '护理': '标体', '医疗险': '拒保', '意外险': '标体', '备注': ''}"
泌尿系感染,泌尿.txt,"{'疾病名称': '泌尿系感染', '诊断': '肾盂肾炎', '': '肾盂肾炎', '病情现状': '肾盂肾炎', '体检项目': '——', '项目结果': '——', '重疾险': '参照肾盂肾炎评点标准', '防癌': '参照肾盂肾炎评点标准', '护理': '参照肾盂肾炎评点标准', '医疗险': '参照肾盂肾炎评点标准', '意外险': '参照肾盂肾炎评点标准', '备注': ''}"
泌尿系结石（无高血压和肾功能损害）,泌尿.txt,"{'疾病名称': '泌尿系结石（无高血压和肾功能损害）', '诊断': '肾结石', '': '肾结石', '病情现状': '初次发现、无症状', '体检项目': '泌尿系超声、肾功能、尿常规', '项目结果': '单侧结石，尿常规正常。', '重疾险': '标体', '防癌': '标体', '护理': '标体', '医疗险': '除外', '意外险': '标体', '备注': '1、合并高血压者，综合评估；\n2、合并肾功能异常者，拒保。'}"
泌尿系结石（无高血压和肾功能损害）,泌尿.txt,"{'疾病名称': '泌尿系结石（无高血压和肾功能损害）', '诊断': '肾结石', '': '肾结石', '病情现状': '初次发现、无症状', '体检项目': '泌尿系超声、肾功能、尿常规', '项目结果': '双侧结石，尿常规正常。', '重疾险': '标体', '防癌': '标体', '护理': '标体', '医疗险': '除外', '意外险': '标体', '备注': '1、合并高血压者，综合评估；\n2、合并肾功能异常者，拒保。'}"
泌尿系结石（无高血压和肾功能损害）,泌尿.txt,"{'疾病名称': '泌尿系结石（无高血压和肾功能损害）', '诊断': '肾结石', '': '肾结石', '病情现状': '初次发现、无症状', '体检项目': '泌尿系超声、肾功能、尿常规', '项目结果': '尿常规提示尿路感染或血尿', '重疾险': '延期', '防癌': '标体', '护理': '标体', '医疗险': '延期', '意外险': '标体', '备注': '1、合并高血压者，综合评估；\n2、合并肾功能异常者，拒保。'}"
泌尿系结石（无高血压和肾功能损害）,泌尿.txt,"{'疾病名称': '泌尿系结石（无高血压和肾功能损害）', '诊断': '肾结石', '': '肾结石', '病情现状': '既往症，已治愈', '体检项目': '泌尿系超声、肾功能、尿常规', '项目结果': '无异常', '重疾险': '标体', '防癌': '标体', '护理': '标体', '医疗险': '除外', '意外险': '标体', '备注': '1、合并高血压者，综合评估；\n2、合并肾功能异常者，拒保。'}"
泌尿系结石（无高血压和肾功能损害）,泌尿.txt,"{'疾病名称': '泌尿系结石（无高血压和肾功能损害）', '诊断': '输尿管结石', '': '输尿管结石', '病情现状': '现症治疗中', '体检项目': '泌尿系超声、肾功能、尿常规', '项目结果': '/', '重疾险': '延期', '防癌': '延期', '护理': '标体', '医疗险': '延期', '意外险': '标体', '备注': '1、合并高血压者，综合评估；\n2、合并肾功能异常者，拒保。'}"
泌尿系结石（无高血压和肾功能损害）,泌尿.txt,"{'疾病名称': '泌尿系结石（无高血压和肾功能损害）', '诊断': '输尿管结石', '': '输尿管结石', '病情现状': '既往症，已治愈', '体检项目': '泌尿系超声、肾功能、尿常规', '项目结果': '无异常', '重疾险': '标体', '防癌': '', '护理': '标体', '医疗险': '除外', '意外险': '标体', '备注': '1、合并高血压者，综合评估；\n2、合并肾功能异常者，拒保。'}"
泌尿系结石（无高血压和肾功能损害）,泌尿.txt,"{'疾病名称': '泌尿系结石（无高血压和肾功能损害）', '诊断': '膀胱结石', '': '膀胱结石', '病情现状': '参照“输尿管结石”评点。', '体检项目': '参照“输尿管结石”评点。', '项目结果': '参照“输尿管结石”评点。', '重疾险': '参照“输尿管结石”评点。', '防癌': '参照“输尿管结石”评点。', '护理': '参照“输尿管结石”评点。', '医疗险': '参照“输尿管结石”评点。', '意外险': '参照“输尿管结石”评点。', '备注': '参照“输尿管结石”评点。'}"
肾积水,泌尿.txt,"{'疾病名称': '肾积水', '诊断': '既往症', '': '既往症', '病情现状': '已痊愈', '体检项目': '泌尿系超声、肾功能、尿常规', '项目结果': '无异常', '重疾险': '针对病因评点', '防癌': '针对病因评点', '护理': '针对病因评点', '医疗险': '针对病因评点', '意外险': '针对病因评点', '备注': ''}"
肾积水,泌尿.txt,"{'疾病名称': '肾积水', '诊断': '既往症', '': '既往症', '病情现状': '已痊愈', '体检项目': '泌尿系超声、肾功能、尿常规', '项目结果': '有异常', '重疾险': '针对相应的异常部分，结合病因，对体检结果异常问题具体分析、评点。', '防癌': '针对相应的异常部分，结合病因，对体检结果异常问题具体分析、评点。', '护理': '针对相应的异常部分，结合病因，对体检结果异常问题具体分析、评点。', '医疗险': '针对相应的异常部分，结合病因，对体检结果异常问题具体分析、评点。', '意外险': '针对相应的异常部分，结合病因，对体检结果异常问题具体分析、评点。', '备注': ''}"
肾积水,泌尿.txt,"{'疾病名称': '肾积水', '诊断': '现症', '': '现症', '病情现状': '肾积水现症', '体检项目': '泌尿系超声、肾功能、尿常规', '项目结果': '/', '重疾险': '延期', '防癌': '延期', '护理': '肾功能正常标体', '医疗险': '延期', '意外险': '肾功能正常标体', '备注': ''}"
肾积水,泌尿.txt,"{'疾病名称': '肾积水', '诊断': '现症', '': '现症', '病情现状': '肾积水现症', '体检项目': '泌尿系超声、肾功能、尿常规', '项目结果': '/', '重疾险': '延期', '防癌': '延期', '护理': '肾功能异常延期', '医疗险': '延期', '意外险': '肾功能异常延期', '备注': ''}"
肾囊肿（排除了肾功能损害的）,泌尿.txt,"{'疾病名称': '肾囊肿（排除了肾功能损害的）', '诊断': '单纯性肾囊肿', '': '单纯性肾囊肿', '病情现状': '现症', '体检项目': '泌尿系超声、尿常规', '项目结果': '肾囊肿直径<5cm', '重疾险': '标体', '防癌': '标体', '护理': '标体', '医疗险': '除外', '意外险': '标体', '备注': '尿常规有异常的，增加相应评点。'}"
肾囊肿（排除了肾功能损害的）,泌尿.txt,"{'疾病名称': '肾囊肿（排除了肾功能损害的）', '诊断': '单纯性肾囊肿', '': '单纯性肾囊肿', '病情现状': '现症', '体检项目': '泌尿系超声、尿常规', '项目结果': '肾囊肿直径≧5cm', '重疾险': '延期至治愈', '防癌': '延期至治愈', '护理': '标体', '医疗险': '延期至治愈', '意外险': '标体', '备注': '尿常规有异常的，增加相应评点。'}"
肾囊肿（排除了肾功能损害的）,泌尿.txt,"{'疾病名称': '肾囊肿（排除了肾功能损害的）', '诊断': '单纯性肾囊肿', '': '单纯性肾囊肿', '病情现状': '既往症', '体检项目': '泌尿系超声、尿常规', '项目结果': '无复发的囊肿', '重疾险': '标体', '防癌': '标体', '护理': '标体', '医疗险': '除外', '意外险': '标体', '备注': '尿常规有异常的，增加相应评点。'}"
肾囊肿（排除了肾功能损害的）,泌尿.txt,"{'疾病名称': '肾囊肿（排除了肾功能损害的）', '诊断': '单纯性肾囊肿', '': '单纯性肾囊肿', '病情现状': '既往症', '体检项目': '泌尿系超声、尿常规', '项目结果': '囊肿复发', '重疾险': '参照“现症”处理', '防癌': '参照“现症”处理', '护理': '参照“现症”处理', '医疗险': '参照“现症”处理', '意外险': '参照“现症”处理', '备注': '尿常规有异常的，增加相应评点。'}"
肾囊肿（排除了肾功能损害的）,泌尿.txt,"{'疾病名称': '肾囊肿（排除了肾功能损害的）', '诊断': '性质不确定的多发肾囊肿', '': '性质不确定的多发肾囊肿', '病情现状': '超声报告：双侧肾脏的多发囊肿', '体检项目': '泌尿系超声、尿常规', '项目结果': '多发肾囊肿；不能确定排除“多囊肾”。', '重疾险': '延期', '防癌': '延期', '护理': '延期', '医疗险': '延期', '意外险': '标体', '备注': '尿常规有异常的，增加相应评点。'}"
肾囊肿（排除了肾功能损害的）,泌尿.txt,"{'疾病名称': '肾囊肿（排除了肾功能损害的）', '诊断': '多囊肾', '': '多囊肾', '病情现状': '多囊肾', '体检项目': '/', '项目结果': '/', '重疾险': '拒保', '防癌': '拒保', '护理': '拒保', '医疗险': '拒保', '意外险': '拒保', '备注': '尿常规有异常的，增加相应评点。'}"
先天性肾畸形/单肾,泌尿.txt,"{'疾病名称': '先天性肾畸形/单肾', '诊断': '大多因腰酸、慢性尿路感染、反复血尿等症状就医时，能扪及病肾而得出诊断。', '': '大多因腰酸、慢性尿路感染、反复血尿等症状就医时，能扪及病肾而得出诊断。', '病情现状': '无持续性尿路异常（未告知既往相关就诊史）', '体检项目': '血压、泌尿系统B超（双肾、输尿管、膀胱）、肾功能、尿常规', '项目结果': '检查正常', '重疾险': '标体', '防癌': '标体', '护理': '标体', '医疗险': '除外', '意外险': '标体', '备注': ''}"
先天性肾畸形/单肾,泌尿.txt,"{'疾病名称': '先天性肾畸形/单肾', '诊断': '大多因腰酸、慢性尿路感染、反复血尿等症状就医时，能扪及病肾而得出诊断。', '': '大多因腰酸、慢性尿路感染、反复血尿等症状就医时，能扪及病肾而得出诊断。', '病情现状': '无持续性尿路异常（未告知既往相关就诊史）', '体检项目': '血压、泌尿系统B超（双肾、输尿管、膀胱）、肾功能、尿常规', '项目结果': '检查异常', '重疾险': '延期', '防癌': '延期', '护理': '延期', '医疗险': '延期', '意外险': '标体', '备注': ''}"
先天性肾畸形/单肾,泌尿.txt,"{'疾病名称': '先天性肾畸形/单肾', '诊断': '大多因腰酸、慢性尿路感染、反复血尿等症状就医时，能扪及病肾而得出诊断。', '': '大多因腰酸、慢性尿路感染、反复血尿等症状就医时，能扪及病肾而得出诊断。', '病情现状': '持续性尿路异常', '体检项目': '血压、泌尿系统B超（双肾、输尿管、膀胱）、肾功能、尿常规', '项目结果': '无并发症、肾功能正常', '重疾险': '标体', '防癌': '标体', '护理': '标体', '医疗险': '除外', '意外险': '标体', '备注': ''}"
先天性肾畸形/单肾,泌尿.txt,"{'疾病名称': '先天性肾畸形/单肾', '诊断': '大多因腰酸、慢性尿路感染、反复血尿等症状就医时，能扪及病肾而得出诊断。', '': '大多因腰酸、慢性尿路感染、反复血尿等症状就医时，能扪及病肾而得出诊断。', '病情现状': '持续性尿路异常', '体检项目': '血压、泌尿系统B超（双肾、输尿管、膀胱）、肾功能、尿常规', '项目结果': '无并发症、肾功能异常', '重疾险': '延期', '防癌': '延期', '护理': '延期', '医疗险': '延期', '意外险': '标体', '备注': ''}"
先天性肾畸形/单肾,泌尿.txt,"{'疾病名称': '先天性肾畸形/单肾', '诊断': '大多因腰酸、慢性尿路感染、反复血尿等症状就医时，能扪及病肾而得出诊断。', '': '大多因腰酸、慢性尿路感染、反复血尿等症状就医时，能扪及病肾而得出诊断。', '病情现状': '持续性尿路异常', '体检项目': '血压、泌尿系统B超（双肾、输尿管、膀胱）、肾功能、尿常规', '项目结果': '存在并发症', '重疾险': '按照并发症评估', '防癌': '按照并发症评估', '护理': '按照并发症评估', '医疗险': '拒保', '意外险': '按照并发症评估', '备注': ''}"
先天性肾畸形/单肾,泌尿.txt,"{'疾病名称': '先天性肾畸形/单肾', '诊断': '大多因腰酸、慢性尿路感染、反复血尿等症状就医时，能扪及病肾而得出诊断。', '': '大多因腰酸、慢性尿路感染、反复血尿等症状就医时，能扪及病肾而得出诊断。', '病情现状': '高血压病史', '体检项目': '血压、泌尿系统B超（双肾、输尿管、膀胱）、肾功能、尿常规', '项目结果': '参考高血压评估，并做适当加重', '重疾险': '参考高血压评估，并做适当加重', '防癌': '参考高血压评估，并做适当加重', '护理': '参考高血压评估，并做适当加重', '医疗险': '参考高血压评估，并做适当加重', '意外险': '参考高血压评估，并做适当加重', '备注': ''}"
肾下垂,泌尿.txt,"{'疾病名称': '肾下垂', '诊断': '大多因腰酸、慢性尿路感染、反复血尿等症状就医时，能扪及病肾而得出诊断。', '': '大多因腰酸、慢性尿路感染、反复血尿等症状就医时，能扪及病肾而得出诊断。', '病情现状': '无持续性尿路异常（未告知既往相关就诊史）', '体检项目': '血压、泌尿系统B超（双肾、输尿管、膀胱）、肾功能、尿常规', '项目结果': '检查正常', '重疾险': '标体', '防癌': '标体', '护理': '标体', '医疗险': '除外', '意外险': '标体', '备注': ''}"
肾下垂,泌尿.txt,"{'疾病名称': '肾下垂', '诊断': '大多因腰酸、慢性尿路感染、反复血尿等症状就医时，能扪及病肾而得出诊断。', '': '大多因腰酸、慢性尿路感染、反复血尿等症状就医时，能扪及病肾而得出诊断。', '病情现状': '无持续性尿路异常（未告知既往相关就诊史）', '体检项目': '血压、泌尿系统B超（双肾、输尿管、膀胱）、肾功能、尿常规', '项目结果': '检查异常', '重疾险': '延期', '防癌': '延期', '护理': '延期', '医疗险': '延期', '意外险': '标体', '备注': ''}"
肾下垂,泌尿.txt,"{'疾病名称': '肾下垂', '诊断': '大多因腰酸、慢性尿路感染、反复血尿等症状就医时，能扪及病肾而得出诊断。', '': '大多因腰酸、慢性尿路感染、反复血尿等症状就医时，能扪及病肾而得出诊断。', '病情现状': '持续性尿路异常', '体检项目': '血压、泌尿系统B超（双肾、输尿管、膀胱）、肾功能、尿常规', '项目结果': '无并发症、肾功能正常', '重疾险': '标体', '防癌': '标体', '护理': '标体', '医疗险': '除外', '意外险': '标体', '备注': ''}"
肾下垂,泌尿.txt,"{'疾病名称': '肾下垂', '诊断': '大多因腰酸、慢性尿路感染、反复血尿等症状就医时，能扪及病肾而得出诊断。', '': '大多因腰酸、慢性尿路感染、反复血尿等症状就医时，能扪及病肾而得出诊断。', '病情现状': '持续性尿路异常', '体检项目': '血压、泌尿系统B超（双肾、输尿管、膀胱）、肾功能、尿常规', '项目结果': '无并发症、肾功能异常', '重疾险': '延期', '防癌': '延期', '护理': '延期', '医疗险': '延期', '意外险': '标体', '备注': ''}"
肾下垂,泌尿.txt,"{'疾病名称': '肾下垂', '诊断': '大多因腰酸、慢性尿路感染、反复血尿等症状就医时，能扪及病肾而得出诊断。', '': '大多因腰酸、慢性尿路感染、反复血尿等症状就医时，能扪及病肾而得出诊断。', '病情现状': '持续性尿路异常', '体检项目': '血压、泌尿系统B超（双肾、输尿管、膀胱）、肾功能、尿常规', '项目结果': '存在并发症', '重疾险': '按照并发症评估', '防癌': '按照并发症评估', '护理': '按照并发症评估', '医疗险': '拒保', '意外险': '按照并发症评估', '备注': ''}"
肾下垂,泌尿.txt,"{'疾病名称': '肾下垂', '诊断': '大多因腰酸、慢性尿路感染、反复血尿等症状就医时，能扪及病肾而得出诊断。', '': '大多因腰酸、慢性尿路感染、反复血尿等症状就医时，能扪及病肾而得出诊断。', '病情现状': '高血压病史', '体检项目': '血压、泌尿系统B超（双肾、输尿管、膀胱）、肾功能、尿常规', '项目结果': '参考高血压评估，并做适当加重', '重疾险': '参考高血压评估，并做适当加重', '防癌': '参考高血压评估，并做适当加重', '护理': '参考高血压评估，并做适当加重', '医疗险': '参考高血压评估，并做适当加重', '意外险': '参考高血压评估，并做适当加重', '备注': ''}"
肾错构瘤,泌尿.txt,"{'疾病名称': '肾错构瘤', '诊断': '术后病理/影像学检查（CT/B超）', '': '术后病理/影像学检查（CT/B超）', '病情现状': '已手术（1年以上）', '体检项目': '腹部B超、肾功能、尿常规', '项目结果': '检查正常', '重疾险': '标体', '防癌': '标体', '护理': '标体', '医疗险': '除外', '意外险': '标体', '备注': ''}"
肾错构瘤,泌尿.txt,"{'疾病名称': '肾错构瘤', '诊断': '术后病理/影像学检查（CT/B超）', '': '术后病理/影像学检查（CT/B超）', '病情现状': '已手术（1年以上）', '体检项目': '腹部B超、肾功能、尿常规', '项目结果': '检查异常', '重疾险': '延期', '防癌': '延期', '护理': '延期', '医疗险': '延期', '意外险': '标体', '备注': ''}"
肾错构瘤,泌尿.txt,"{'疾病名称': '肾错构瘤', '诊断': '术后病理/影像学检查（CT/B超）', '': '术后病理/影像学检查（CT/B超）', '病情现状': '未手术', '体检项目': '腹部B超、肾功能、尿常规', '项目结果': '单发肾错构瘤（≤4cm），肾功尿检正常', '重疾险': '标体', '防癌': '标体', '护理': '标体', '医疗险': '除外', '意外险': '标体', '备注': ''}"
肾错构瘤,泌尿.txt,"{'疾病名称': '肾错构瘤', '诊断': '术后病理/影像学检查（CT/B超）', '': '术后病理/影像学检查（CT/B超）', '病情现状': '未手术', '体检项目': '腹部B超、肾功能、尿常规', '项目结果': '单发肾错构瘤（＞4cm），肾功尿检正常', '重疾险': '延期', '防癌': '延期', '护理': '标体', '医疗险': '延期', '意外险': '标体', '备注': ''}"
肾错构瘤,泌尿.txt,"{'疾病名称': '肾错构瘤', '诊断': '术后病理/影像学检查（CT/B超）', '': '术后病理/影像学检查（CT/B超）', '病情现状': '未手术', '体检项目': '腹部B超、肾功能、尿常规', '项目结果': '多发肾错构瘤/双侧肾错构瘤，肾功尿检正常', '重疾险': '延期', '防癌': '延期', '护理': '标体', '医疗险': '拒保', '意外险': '标体', '备注': ''}"
肾错构瘤,泌尿.txt,"{'疾病名称': '肾错构瘤', '诊断': '术后病理/影像学检查（CT/B超）', '': '术后病理/影像学检查（CT/B超）', '病情现状': '未手术', '体检项目': '腹部B超、肾功能、尿常规', '项目结果': '肾功能异常/尿潜血', '重疾险': '延期', '防癌': '延期', '护理': '延期', '医疗险': '延期', '意外险': '标体', '备注': ''}"
肾动脉狭窄,泌尿.txt,"{'疾病名称': '肾动脉狭窄', '诊断': '潜在病因为动脉粥样化性疾病', '': '潜在病因为动脉粥样化性疾病', '病情现状': '潜在病因为动脉粥样化性疾病', '体检项目': '肾动脉造影、肾功能、尿常规', '项目结果': '单侧肾动脉狭窄（体检结果正常/无并发症）', '重疾险': '拒保', '防癌': '标体', '护理': '标体', '医疗险': '拒保', '意外险': '标体', '备注': ''}"
肾动脉狭窄,泌尿.txt,"{'疾病名称': '肾动脉狭窄', '诊断': '潜在病因为动脉粥样化性疾病', '': '潜在病因为动脉粥样化性疾病', '病情现状': '潜在病因为动脉粥样化性疾病', '体检项目': '肾动脉造影、肾功能、尿常规', '项目结果': '双侧肾动脉狭窄（体检结果正常/无并发症）', '重疾险': '拒保', '防癌': '标体', '护理': '标体', '医疗险': '拒保', '意外险': '标体', '备注': ''}"
肾动脉狭窄,泌尿.txt,"{'疾病名称': '肾动脉狭窄', '诊断': '潜在病因为动脉粥样化性疾病', '': '潜在病因为动脉粥样化性疾病', '病情现状': '潜在病因为动脉粥样化性疾病', '体检项目': '肾动脉造影、肾功能、尿常规', '项目结果': '肾动脉造影、肾功能、尿常规异常或存在并发症', '重疾险': '拒保', '防癌': '拒保', '护理': '延期', '医疗险': '拒保', '意外险': '标体', '备注': ''}"
肾动脉狭窄,泌尿.txt,"{'疾病名称': '肾动脉狭窄', '诊断': '潜在病因为纤维肌发育不良', '': '潜在病因为纤维肌发育不良', '病情现状': '潜在病因为纤维肌发育不良', '体检项目': '肾动脉造影、肾功能、尿常规', '项目结果': '肾血管成形术后（≤6个月，体检结果正常/无并发症）', '重疾险': '延期', '防癌': '延期', '护理': '标体', '医疗险': '拒保', '意外险': '标体', '备注': ''}"
肾动脉狭窄,泌尿.txt,"{'疾病名称': '肾动脉狭窄', '诊断': '潜在病因为纤维肌发育不良', '': '潜在病因为纤维肌发育不良', '病情现状': '潜在病因为纤维肌发育不良', '体检项目': '肾动脉造影、肾功能、尿常规', '项目结果': '单侧肾动脉狭窄肾血管成形术后（＞6个月，体检结果正常/无并发症）', '重疾险': '标体', '防癌': '标体', '护理': '标体', '医疗险': '拒保', '意外险': '标体', '备注': ''}"
肾动脉狭窄,泌尿.txt,"{'疾病名称': '肾动脉狭窄', '诊断': '潜在病因为纤维肌发育不良', '': '潜在病因为纤维肌发育不良', '病情现状': '潜在病因为纤维肌发育不良', '体检项目': '肾动脉造影、肾功能、尿常规', '项目结果': '双侧肾动脉狭窄肾血管成形术后（＞6个月，体检结果正常/无并发症）', '重疾险': '拒保', '防癌': '标体', '护理': '标体', '医疗险': '拒保', '意外险': '标体', '备注': ''}"
肾动脉狭窄,泌尿.txt,"{'疾病名称': '肾动脉狭窄', '诊断': '潜在病因为纤维肌发育不良', '': '潜在病因为纤维肌发育不良', '病情现状': '潜在病因为纤维肌发育不良', '体检项目': '肾动脉造影、肾功能、尿常规', '项目结果': '未手术、肾动脉造影、肾功能、尿常规异常或存在并发症', '重疾险': '拒保', '防癌': '拒保', '护理': '拒保', '医疗险': '拒保', '意外险': '标体', '备注': ''}"
肾动脉狭窄,泌尿.txt,"{'疾病名称': '肾动脉狭窄', '诊断': '存在并发症/其他病因', '': '存在并发症/其他病因', '病情现状': '存在并发症/其他病因', '体检项目': '肾动脉造影、肾功能、尿常规', '项目结果': '存在并发症或者由于其他原因导致的肾动脉狭窄', '重疾险': '拒保/依据病因审核', '防癌': '拒保/依据病因审核', '护理': '拒保/依据病因审核', '医疗险': '拒保/依据病因审核', '意外险': '拒保/依据病因审核', '备注': ''}"
急性细菌性肾盂肾炎、急性肾盂肾炎,泌尿.txt,"{'疾病名称': '急性细菌性肾盂肾炎、急性肾盂肾炎', '诊断': '急性细菌性肾盂肾炎、急性肾盂肾炎', '': '单次发作', '病情现状': '自发作起≤6个月', '体检项目': '血压、泌尿系统B超（双肾、输尿管、膀胱）、肾功能、尿常规', '项目结果': '既往病史，已经痊愈，血压、肾功能和尿常规均正常，', '重疾险': '标体', '防癌': '标体', '护理': '标体', '医疗险': '延期', '意外险': '标体', '备注': ''}"
急性细菌性肾盂肾炎、急性肾盂肾炎,泌尿.txt,"{'疾病名称': '急性细菌性肾盂肾炎、急性肾盂肾炎', '诊断': '急性细菌性肾盂肾炎、急性肾盂肾炎', '': '单次发作', '病情现状': '自发作起>6个月', '体检项目': '血压、泌尿系统B超（双肾、输尿管、膀胱）、肾功能、尿常规', '项目结果': '既往病史，已经痊愈，血压、肾功能和尿常规均正常，', '重疾险': '标体', '防癌': '标体', '护理': '标体', '医疗险': '标体', '意外险': '标体', '备注': ''}"
急性细菌性肾盂肾炎、急性肾盂肾炎,泌尿.txt,"{'疾病名称': '急性细菌性肾盂肾炎、急性肾盂肾炎', '诊断': '急性细菌性肾盂肾炎、急性肾盂肾炎', '': '发作2-3次', '病情现状': '自最后一次发作起≤1年', '体检项目': '血压、泌尿系统B超（双肾、输尿管、膀胱）、肾功能、尿常规', '项目结果': '既往病史，已经痊愈，血压、肾功能和尿液检查均正常，', '重疾险': '延期', '防癌': '标体', '护理': '标体', '医疗险': '延期', '意外险': '标体', '备注': ''}"
急性细菌性肾盂肾炎、急性肾盂肾炎,泌尿.txt,"{'疾病名称': '急性细菌性肾盂肾炎、急性肾盂肾炎', '诊断': '急性细菌性肾盂肾炎、急性肾盂肾炎', '': '发作2-3次', '病情现状': '自最后一次发作起1—2年', '体检项目': '血压、泌尿系统B超（双肾、输尿管、膀胱）、肾功能、尿常规', '项目结果': '既往病史，已经痊愈，血压、肾功能和尿液检查均正常，', '重疾险': '标体', '防癌': '标体', '护理': '标体', '医疗险': '延期', '意外险': '标体', '备注': ''}"
急性细菌性肾盂肾炎、急性肾盂肾炎,泌尿.txt,"{'疾病名称': '急性细菌性肾盂肾炎、急性肾盂肾炎', '诊断': '急性细菌性肾盂肾炎、急性肾盂肾炎', '': '发作2-3次', '病情现状': '自最后一次发作起>2年', '体检项目': '血压、泌尿系统B超（双肾、输尿管、膀胱）、肾功能、尿常规', '项目结果': '既往病史，已经痊愈，血压、肾功能和尿液检查均正常，', '重疾险': '标体', '防癌': '标体', '护理': '标体', '医疗险': '标体', '意外险': '标体', '备注': ''}"
急性细菌性肾盂肾炎、急性肾盂肾炎,泌尿.txt,"{'疾病名称': '急性细菌性肾盂肾炎、急性肾盂肾炎', '诊断': '急性细菌性肾盂肾炎、急性肾盂肾炎', '': ' 否则（发作次数 > 3 次或存在肾功能检测、尿液检查异常和/或高血压）', '病情现状': ' 否则（发作次数 > 3 次或存在肾功能检测、尿液检查异常和/或高血压）', '体检项目': '参考“慢性间质性肾炎”评点', '项目结果': '参考“慢性间质性肾炎”评点', '重疾险': '参考“慢性间质性肾炎”评点', '防癌': '参考“慢性间质性肾炎”评点', '护理': '参考“慢性间质性肾炎”评点', '医疗险': '参考“慢性间质性肾炎”评点', '意外险': '参考“慢性间质性肾炎”评点', '备注': '参考“慢性间质性肾炎”评点'}"
急性间质性肾炎（急性感染性肾小管间质性肾炎）,泌尿.txt,"{'疾病名称': '急性间质性肾炎（急性感染性肾小管间质性肾炎）', '诊断': '急性间质性肾炎（急性感染性肾小管间质性肾炎）', '': '参考“急性肾盂肾炎”评点', '病情现状': '参考“急性肾盂肾炎”评点', '体检项目': '参考“急性肾盂肾炎”评点', '项目结果': '参考“急性肾盂肾炎”评点', '重疾险': '参考“急性肾盂肾炎”评点', '防癌': '参考“急性肾盂肾炎”评点', '护理': '参考“急性肾盂肾炎”评点', '医疗险': '参考“急性肾盂肾炎”评点', '意外险': '参考“急性肾盂肾炎”评点', '备注': '参考“急性肾盂肾炎”评点'}"
慢性肾盂肾炎,泌尿.txt,"{'疾病名称': '慢性肾盂肾炎', '诊断': '慢性肾盂肾炎', '': 'GFR（肾小球滤过率）≥ 60 ml/min/1.73m2', '病情现状': '自最后一次发作起>2年', '体检项目': '不建议下发体检，需提供完整连续复查资料包括但不限于尿常规、肾功能、血压等', '项目结果': '正常', '重疾险': '标体', '防癌': '标体', '护理': '标体', '医疗险': '拒保', '意外险': '标体', '备注': ''}"
慢性肾盂肾炎,泌尿.txt,"{'疾病名称': '慢性肾盂肾炎', '诊断': '慢性肾盂肾炎', '': 'GFR（肾小球滤过率）＜ 60ml/min/1.73m2', '病情现状': '——', '体检项目': '——', '项目结果': '——', '重疾险': '延期', '防癌': '延期', '护理': '延期', '医疗险': '拒保', '意外险': '标体', '备注': ''}"
慢性间质性肾炎（慢性肾小管间质性肾炎）,泌尿.txt,"{'疾病名称': '慢性间质性肾炎（慢性肾小管间质性肾炎）', '诊断': '慢性间质性肾炎（慢性肾小管间质性肾炎）', '': '参考“慢性肾小球肾炎”评点', '病情现状': '参考“慢性肾小球肾炎”评点', '体检项目': '参考“慢性肾小球肾炎”评点', '项目结果': '参考“慢性肾小球肾炎”评点', '重疾险': '参考“慢性肾小球肾炎”评点', '防癌': '参考“慢性肾小球肾炎”评点', '护理': '参考“慢性肾小球肾炎”评点', '医疗险': '参考“慢性肾小球肾炎”评点', '意外险': '参考“慢性肾小球肾炎”评点', '备注': '参考“慢性肾小球肾炎”评点'}"
急性肾病综合征（急性肾小球肾炎、感染后肾小球肾炎）,泌尿.txt,"{'疾病名称': '急性肾病综合征（急性肾小球肾炎、感染后肾小球肾炎）', '诊断': '急性肾病综合征（急性肾小球肾炎、感染后肾小球肾炎）', '': '单次发作', '病情现状': '自发作起≤3年', '体检项目': '不建议下发体检，需提供完整连续复查资料（不少于6次随访资料）包括但不限于尿常规、肾功能、血压等', '项目结果': '——', '重疾险': '延期', '防癌': '2年可标体', '护理': '2年可标体', '医疗险': '延期', '意外险': '标体', '备注': ''}"
急性肾病综合征（急性肾小球肾炎、感染后肾小球肾炎）,泌尿.txt,"{'疾病名称': '急性肾病综合征（急性肾小球肾炎、感染后肾小球肾炎）', '诊断': '急性肾病综合征（急性肾小球肾炎、感染后肾小球肾炎）', '': '单次发作', '病情现状': '自发作起>3年', '体检项目': '不建议下发体检，需提供完整连续复查资料（不少于6次随访资料）包括但不限于尿常规、肾功能、血压等', '项目结果': '正常', '重疾险': '标体', '防癌': '标体', '护理': '标体', '医疗险': '标体', '意外险': '标体', '备注': ''}"
急性肾病综合征（急性肾小球肾炎、感染后肾小球肾炎）,泌尿.txt,"{'疾病名称': '急性肾病综合征（急性肾小球肾炎、感染后肾小球肾炎）', '诊断': '急性肾病综合征（急性肾小球肾炎、感染后肾小球肾炎）', '': '单次发作', '病情现状': '自发作起>3年', '体检项目': '不建议下发体检，需提供完整连续复查资料（不少于6次随访资料）包括但不限于尿常规、肾功能、血压等', '项目结果': '异常或复发', '重疾险': '延期', '防癌': '延期', '护理': '延期', '医疗险': '延期', '意外险': '标体', '备注': ''}"
急性肾病综合征（急性肾小球肾炎、感染后肾小球肾炎）,泌尿.txt,"{'疾病名称': '急性肾病综合征（急性肾小球肾炎、感染后肾小球肾炎）', '诊断': '急性肾病综合征（急性肾小球肾炎、感染后肾小球肾炎）', '': '发作大于1次', '病情现状': '自最后一次发作起≤2年', '体检项目': '不建议下发体检，需提供完整连续复查资料（不少于6次随访资料）包括但不限于尿常规、肾功能、血压等', '项目结果': '正常', '重疾险': '拒保', '防癌': '标体', '护理': '标体', '医疗险': '拒保', '意外险': '标体', '备注': ''}"
急性肾病综合征（急性肾小球肾炎、感染后肾小球肾炎）,泌尿.txt,"{'疾病名称': '急性肾病综合征（急性肾小球肾炎、感染后肾小球肾炎）', '诊断': '急性肾病综合征（急性肾小球肾炎、感染后肾小球肾炎）', '': '发作大于1次', '病情现状': '自最后一次发作起>2年', '体检项目': '不建议下发体检，需提供完整连续复查资料（不少于6次随访资料）包括但不限于尿常规、肾功能、血压等', '项目结果': '正常', '重疾险': '拒保', '防癌': '标体', '护理': '标体', '医疗险': '拒保', '意外险': '标体', '备注': ''}"
各类肾炎，包含其他因素,泌尿.txt,"{'疾病名称': '各类肾炎，包含其他因素', '诊断': '各类肾炎，包含其他因素', '': '如涉及肾透析治疗（包括血液透析及腹膜透析）', '病情现状': '如涉及肾透析治疗（包括血液透析及腹膜透析）', '体检项目': '如涉及肾透析治疗（包括血液透析及腹膜透析）', '项目结果': '如涉及肾透析治疗（包括血液透析及腹膜透析）', '重疾险': '拒保', '防癌': '拒保', '护理': '拒保', '医疗险': '拒保', '意外险': '拒保', '备注': ''}"
慢性肾小球肾炎,泌尿.txt,"{'疾病名称': '慢性肾小球肾炎', '诊断': '轻度（如微小病变性肾小球病或膜性肾小球病，或者 IgA 肾病）、血压正常', '': '轻度（如微小病变性肾小球病或膜性肾小球病，或者 IgA 肾病）、血压正常', '病情现状': 'GFR（肾小球滤过率）≥ 60 ml/min/1.73m2（成人标准体表面积）', '体检项目': 'GFR（肾小球滤过率）≥ 60 ml/min/1.73m2（成人标准体表面积）', '项目结果': '蛋白尿≤1+，且痊愈>3年', '重疾险': '拒保', '防癌': '标体', '护理': '标体', '医疗险': '拒保', '意外险': '标体', '备注': ''}"
慢性肾小球肾炎,泌尿.txt,"{'疾病名称': '慢性肾小球肾炎', '诊断': '其余情况', '': '其余情况', '病情现状': '其余情况', '体检项目': '其余情况', '项目结果': '其余情况', '重疾险': '拒保', '防癌': '拒保', '护理': '拒保', '医疗险': '拒保', '意外险': '标体', '备注': ''}"
慢性肾小球肾炎,泌尿.txt,"{'疾病名称': '慢性肾小球肾炎', '诊断': '其他因素', '': '如存在高血压', '病情现状': '如存在高血压', '体检项目': '——', '项目结果': '——', '重疾险': '拒保', '防癌': '拒保', '护理': '拒保', '医疗险': '拒保', '意外险': '拒保', '备注': ''}"
慢性肾小球肾炎,泌尿.txt,"{'疾病名称': '慢性肾小球肾炎', '诊断': '其他因素', '': '如涉及肾透析治疗（包括血液透析及腹膜透析）', '病情现状': '如涉及肾透析治疗（包括血液透析及腹膜透析）', '体检项目': '——', '项目结果': '——', '重疾险': '拒保', '防癌': '拒保', '护理': '拒保', '医疗险': '拒保', '意外险': '拒保', '备注': ''}"
肾病综合征（慢性）,泌尿.txt,"{'疾病名称': '肾病综合征（慢性）', '诊断': '肾病综合征（慢性）', '': '肾病综合征（慢性）', '病情现状': '现症+既往史', '体检项目': '——', '项目结果': '——', '重疾险': '拒保', '防癌': '拒保', '护理': '拒保', '医疗险': '拒保', '意外险': '拒保', '备注': ''}"
多囊肾/家族史,泌尿.txt,"{'疾病名称': '多囊肾/家族史', '诊断': '临床诊断多囊肾（不区分遗传类型）', '': '临床诊断多囊肾（不区分遗传类型）', '病情现状': '现症（目前无治愈特效药）', '体检项目': '/', '项目结果': '/', '重疾险': '拒保', '防癌': '拒保', '护理': '拒保', '医疗险': '拒保', '意外险': '拒保', '备注': ''}"
多囊肾/家族史,泌尿.txt,"{'疾病名称': '多囊肾/家族史', '诊断': '有家族史而被保险人未确诊', '': '有家族史而被保险人未确诊', '病情现状': '无病史，年龄< 20岁', '体检项目': '肝、肾超声；肾功能；尿常规。', '项目结果': '无异常', '重疾险': '拒保', '防癌': '标体', '护理': '标体', '医疗险': '延期', '意外险': '标体', '备注': ''}"
多囊肾/家族史,泌尿.txt,"{'疾病名称': '多囊肾/家族史', '诊断': '有家族史而被保险人未确诊', '': '有家族史而被保险人未确诊', '病情现状': '无病史，年龄在20（含）-30（含）岁之间', '体检项目': '肝、肾超声；肾功能；尿常规。', '项目结果': '无异常', '重疾险': '标体', '防癌': '标体', '护理': '标体', '医疗险': '延期', '意外险': '标体', '备注': ''}"
多囊肾/家族史,泌尿.txt,"{'疾病名称': '多囊肾/家族史', '诊断': '有家族史而被保险人未确诊', '': '有家族史而被保险人未确诊', '病情现状': '无病史，年龄> 30 岁', '体检项目': '肝、肾超声；肾功能；尿常规。', '项目结果': '无异常', '重疾险': '标体', '防癌': '标体', '护理': '标体', '医疗险': '标体', '意外险': '标体', '备注': ''}"
前列腺炎,泌尿.txt,"{'疾病名称': '前列腺炎', '诊断': '急、慢前列腺炎', '': '急、慢前列腺炎', '病情现状': '现症/既往症', '体检项目': '彩超、尿常规', '项目结果': '正常', '重疾险': '标体', '防癌': '标体', '护理': '标体', '医疗险': '除外', '意外险': '标体', '备注': ''}"
甲型肝炎,肝脏.txt,"{'疾病': '甲型肝炎', '资料': '肝功能、腹部超声', '检查结果': '痊愈6个月以上，检查正常\n如多年前病史，可无需提供资料', '': '痊愈6个月以上，检查正常\n如多年前病史，可无需提供资料', '重疾': '标体', '防癌': '标体', '意外险': '标体', '护理险': '标体', '医疗险': '标体'}"
戊型肝炎,肝脏.txt,"{'疾病': '戊型肝炎', '资料': '肝功能、腹部超声', '检查结果': '痊愈6个月以上，检查正常\n如多年前病史，可无需提供资料', '': '痊愈6个月以上，检查正常\n如多年前病史，可无需提供资料', '重疾': '标体', '防癌': '标体', '意外险': '标体', '护理险': '标体', '医疗险': '标体'}"
丙型肝炎,肝脏.txt,"{'疾病': '丙型肝炎', '资料': '完整病历、连续的肝功能、腹部超声、丙肝病毒抗体、丙肝病毒RNA定量、AFP、肝脏瞬时弹性波扫描、肝脏活检（如有）', '检查结果': '急性丙型病毒性肝炎治疗后痊愈、丙肝病毒抗体阳性，其余全部正常', '': '急性丙型病毒性肝炎治疗后痊愈、丙肝病毒抗体阳性，其余全部正常', '重疾': '拒保', '防癌': '拒保', '意外险': '标体', '护理险': '参考病历、治疗史', '医疗险': '拒保'}"
乙型肝炎,肝脏.txt,"{'疾病': '乙型肝炎', '资料': '完整病历、连续的肝功能、腹部超声、乙肝病毒5项、乙肝病毒DNA定量、AFP、肝脏瞬时弹性波扫描（如有）、肝脏活检（如有）、饮酒史', '检查结果': '慢性迁延性肝炎病史\n慢性活动性肝炎病史\n肝硬化、肝弹检查异常或肝脏活检异常\n乙肝大三阳或乙肝病毒DNA≥E+7', '': '慢性迁延性肝炎病史\n慢性活动性肝炎病史\n肝硬化、肝弹检查异常或肝脏活检异常\n乙肝大三阳或乙肝病毒DNA≥E+7', '重疾': '拒保', '防癌': '拒保', '意外险': '拒保', '护理险': '拒保', '医疗险': '拒保'}"
乙型肝炎,肝脏.txt,"{'疾病': '乙型肝炎', '资料': '完整病历、连续的肝功能、腹部超声、乙肝病毒5项、乙肝病毒DNA定量、AFP、肝脏瞬时弹性波扫描（如有）、肝脏活检（如有）、饮酒史', '检查结果': '抗病毒治疗中或终止时间不足一年', '': '抗病毒治疗中或终止时间不足一年', '重疾': '延期', '防癌': '延期', '意外险': '结合检查结果及病史', '护理险': '结合检查结果及病史', '医疗险': '延期'}"
乙型肝炎,肝脏.txt,"{'疾病': '乙型肝炎', '资料': '完整病历、连续的肝功能、腹部超声、乙肝病毒5项、乙肝病毒DNA定量、AFP、肝脏瞬时弹性波扫描（如有）、肝脏活检（如有）、饮酒史', '检查结果': '乙肝小三阳或乙肝病毒携带', '': '其余各项正常', '重疾': '拒保', '防癌': '拒保', '意外险': '标体', '护理险': '标体', '医疗险': '拒保'}"
乙型肝炎,肝脏.txt,"{'疾病': '乙型肝炎', '资料': '完整病历、连续的肝功能、腹部超声、乙肝病毒5项、乙肝病毒DNA定量、AFP、肝脏瞬时弹性波扫描（如有）、肝脏活检（如有）、饮酒史', '检查结果': '乙肝小三阳或乙肝病毒携带', '': '肝功能升高不超过正常值高限1.3倍，其余均正常', '重疾': '拒保', '防癌': '拒保', '意外险': '标体', '护理险': '拒保', '医疗险': '拒保'}"
乙型肝炎,肝脏.txt,"{'疾病': '乙型肝炎', '资料': '完整病历、连续的肝功能、腹部超声、乙肝病毒5项、乙肝病毒DNA定量、AFP、肝脏瞬时弹性波扫描（如有）、肝脏活检（如有）、饮酒史', '检查结果': '乙肝小三阳或乙肝病毒携带', '': 'AFP或肝脏超声或肝脏活检异常，或肝功能升高超过正常值高限1.3倍', '重疾': '拒保', '防癌': '拒保', '意外险': '拒保', '护理险': '拒保', '医疗险': '拒保'}"
乙型肝炎,肝脏.txt,"{'疾病': '乙型肝炎', '资料': '完整病历、连续的肝功能、腹部超声、乙肝病毒5项、乙肝病毒DNA定量、AFP、肝脏瞬时弹性波扫描（如有）、肝脏活检（如有）、饮酒史', '检查结果': '乙肝小三阳或乙肝病毒携带', '': '其余各项正常', '重疾': '标体', '防癌': '标体', '意外险': '标体', '护理险': '标体', '医疗险': '除外肝脏疾病'}"
乙型肝炎,肝脏.txt,"{'疾病': '乙型肝炎', '资料': '完整病历、连续的肝功能、腹部超声、乙肝病毒5项、乙肝病毒DNA定量、AFP、肝脏瞬时弹性波扫描（如有）、肝脏活检（如有）、饮酒史', '检查结果': '乙肝小三阳或乙肝病毒携带', '': 'AFP、肝超及肝功能有异常项', '重疾': '拒保', '防癌': '拒保', '意外险': '结合病历', '护理险': '结合病历', '医疗险': '拒保'}"
乙型肝炎,肝脏.txt,"{'疾病': '乙型肝炎', '资料': '完整病历、连续的肝功能、腹部超声、乙肝病毒5项、乙肝病毒DNA定量、AFP、肝脏瞬时弹性波扫描（如有）、肝脏活检（如有）、饮酒史', '检查结果': '乙肝痊愈一年以上', '': '乙肝痊愈一年以上', '重疾': '标体', '防癌': '标体', '意外险': '标体', '护理险': '标体', '医疗险': '标体'}"
乙型肝炎,肝脏.txt,"{'疾病': '乙型肝炎', '资料': '完整病历、连续的肝功能、腹部超声、乙肝病毒5项、乙肝病毒DNA定量、AFP、肝脏瞬时弹性波扫描（如有）、肝脏活检（如有）、饮酒史', '检查结果': '合并饮酒', '': '合并饮酒', '重疾': '拒保', '防癌': '拒保', '意外险': '结合病历', '护理险': '拒保', '医疗险': '拒保'}"
肝硬化,肝脏.txt,"{'疾病': '肝硬化', '资料': '病史，肝功能、腹部超声、肝脏瞬时弹性波扫描、肝脏活检（如有）', '检查结果': '临床诊断、或影像学诊断、或穿刺病理诊断', '': '临床诊断、或影像学诊断、或穿刺病理诊断', '重疾': '拒保', '防癌': '拒保', '意外险': '拒保', '护理险': '拒保', '医疗险': '拒保'}"
酒精性肝病,肝脏.txt,"{'疾病': '酒精性肝病', '资料': '病史，肝功能、腹部超声、肝脏瞬时弹性波扫描、肝脏活检（如有）', '检查结果': '临床诊断、或影像学诊断、或穿刺病理诊断', '': '临床诊断、或影像学诊断、或穿刺病理诊断', '重疾': '拒保', '防癌': '拒保', '意外险': '拒保', '护理险': '拒保', '医疗险': '拒保'}"
脂肪肝*,肝脏.txt,"{'疾病': '脂肪肝*', '资料': '病史，肝功能、腹部超声、肝脏瞬时弹性波扫描、肝脏活检（如有）', '检查结果': '肝功能正常', '': '肝功能正常', '重疾': '标体', '防癌': '标体', '意外险': '标体', '护理险': '标体', '医疗险': '标体'}"
脂肪肝*,肝脏.txt,"{'疾病': '脂肪肝*', '资料': '病史，肝功能、腹部超声、肝脏瞬时弹性波扫描、肝脏活检（如有）', '检查结果': '肝功能不超过正常值高限2倍，排除其他肝脏疾病', '': '肝功能不超过正常值高限2倍，排除其他肝脏疾病', '重疾': '标体', '防癌': '标体', '意外险': '标体', '护理险': '标体', '医疗险': '除外肝脏疾病'}"
脂肪肝*,肝脏.txt,"{'疾病': '脂肪肝*', '资料': '病史，肝功能、腹部超声、肝脏瞬时弹性波扫描、肝脏活检（如有）', '检查结果': '肝功能为正常值高限2~4倍，排除其他肝脏疾病', '': '肝功能为正常值高限2~4倍，排除其他肝脏疾病', '重疾': '延期', '防癌': '延期', '意外险': '标体', '护理险': '标体', '医疗险': '延期'}"
脂肪肝*,肝脏.txt,"{'疾病': '脂肪肝*', '资料': '病史，肝功能、腹部超声、肝脏瞬时弹性波扫描、肝脏活检（如有）', '检查结果': '肝功能超过正常值高限4倍', '': '肝功能超过正常值高限4倍', '重疾': '延期', '防癌': '延期', '意外险': '延期', '护理险': '延期', '医疗险': '延期'}"
脂肪肝*,肝脏.txt,"{'疾病': '脂肪肝*', '资料': '如有重度脂肪肝、酒精性脂肪肝，需综合体格（BMI）、血脂血糖等情况严格核保', '检查结果': '如有重度脂肪肝、酒精性脂肪肝，需综合体格（BMI）、血脂血糖等情况严格核保', '': '如有重度脂肪肝、酒精性脂肪肝，需综合体格（BMI）、血脂血糖等情况严格核保', '重疾': '如有重度脂肪肝、酒精性脂肪肝，需综合体格（BMI）、血脂血糖等情况严格核保', '防癌': '如有重度脂肪肝、酒精性脂肪肝，需综合体格（BMI）、血脂血糖等情况严格核保', '意外险': '如有重度脂肪肝、酒精性脂肪肝，需综合体格（BMI）、血脂血糖等情况严格核保', '护理险': '如有重度脂肪肝、酒精性脂肪肝，需综合体格（BMI）、血脂血糖等情况严格核保', '医疗险': '如有重度脂肪肝、酒精性脂肪肝，需综合体格（BMI）、血脂血糖等情况严格核保'}"
肝囊肿,肝脏.txt,"{'疾病': '肝囊肿', '资料': '病史，肝功能、腹部超声', '检查结果': '多囊肝', '': '多囊肝', '重疾': '拒保', '防癌': '拒保', '意外险': '拒保', '护理险': '拒保', '医疗险': '拒保'}"
肝囊肿,肝脏.txt,"{'疾病': '肝囊肿', '资料': '病史，肝功能、腹部超声', '检查结果': '单纯肝囊肿', '': '无不适症状，肝功正常，囊肿最大径＜5cm', '重疾': '标体', '防癌': '标体', '意外险': '标体', '护理险': '标体', '医疗险': '除外肝脏疾病'}"
肝囊肿,肝脏.txt,"{'疾病': '肝囊肿', '资料': '病史，肝功能、腹部超声', '检查结果': '单纯肝囊肿', '': '有不适症状或肝功异常或囊肿≥5cm', '重疾': '延期', '防癌': '延期', '意外险': '结合病历', '护理险': '结合病历', '医疗险': '延期'}"
肝血管瘤,肝脏.txt,"{'疾病': '肝血管瘤', '资料': '病史，肝功能、腹部超声', '检查结果': '多发肝血管瘤，肝脏形态失常', '': '多发肝血管瘤，肝脏形态失常', '重疾': '拒保', '防癌': '拒保', '意外险': '拒保', '护理险': '拒保', '医疗险': '拒保'}"
肝血管瘤,肝脏.txt,"{'疾病': '肝血管瘤', '资料': '病史，肝功能、腹部超声', '检查结果': '无不适症状，肝功正常，肝血管瘤不超过3个', '': '最大径＜5cm', '重疾': '标体', '防癌': '标体', '意外险': '标体', '护理险': '标体', '医疗险': '除外肝脏疾病'}"
肝血管瘤,肝脏.txt,"{'疾病': '肝血管瘤', '资料': '病史，肝功能、腹部超声', '检查结果': '无不适症状，肝功正常，肝血管瘤不超过3个', '': '最大径≥5cm', '重疾': '标体', '防癌': '标体', '意外险': '标体', '护理险': '标体', '医疗险': '拒保'}"
肝内胆管结石,肝脏.txt,"{'疾病': '肝内胆管结石', '资料': '病史，肝功能、腹部超声', '检查结果': '有症状（疼痛、恶心、呕吐）/有黄疸、胰腺炎/胆管狭窄', '': '有症状（疼痛、恶心、呕吐）/有黄疸、胰腺炎/胆管狭窄', '重疾': '拒保', '防癌': '拒保', '意外险': '拒保', '护理险': '拒保', '医疗险': '拒保'}"
肝内胆管结石,肝脏.txt,"{'疾病': '肝内胆管结石', '资料': '病史，肝功能、腹部超声', '检查结果': '仅体检发现，无症状，无黄疸胰腺炎胆管狭窄等', '': '仅体检发现，无症状，无黄疸胰腺炎胆管狭窄等', '重疾': '标体', '防癌': '标体', '意外险': '标体', '护理险': '标体', '医疗险': '除外肝脏、胆囊及胰腺'}"
乳腺结节、囊肿、占位、异常回声,乳腺.txt,"{'疾病': '乳腺结节、囊肿、占位、异常回声', '资料': '病历、乳腺影像检查*1、病理结果', '检查结果': '现症', '': '', '重疾': '标体', '防癌': '标体', '意外险': '标体', '护理险': '标体', '医疗险': '除外\n（如无占位等异常描述，可标体）'}"
乳腺结节、囊肿、占位、异常回声,乳腺.txt,"{'疾病': '乳腺结节、囊肿、占位、异常回声', '资料': '病历、乳腺影像检查*1、病理结果', '检查结果': '现症', '': '', '重疾': '标体', '防癌': '标体', '意外险': '标体', '护理险': '标体', '医疗险': '除外'}"
乳腺结节、囊肿、占位、异常回声,乳腺.txt,"{'疾病': '乳腺结节、囊肿、占位、异常回声', '资料': '病历、乳腺影像检查*1、病理结果', '检查结果': '现症', '': '', '重疾': '除外', '防癌': '除外', '意外险': '标体', '护理险': '标体', '医疗险': '除外'}"
乳腺结节、囊肿、占位、异常回声,乳腺.txt,"{'疾病': '乳腺结节、囊肿、占位、异常回声', '资料': '病历、乳腺影像检查*1、病理结果', '检查结果': '现症', '': '', '重疾': '除外', '防癌': '除外', '意外险': '标体', '护理险': '标体', '医疗险': '除外'}"
乳腺结节、囊肿、占位、异常回声,乳腺.txt,"{'疾病': '乳腺结节、囊肿、占位、异常回声', '资料': '病历、乳腺影像检查*1、病理结果', '检查结果': '现症', '': '', '重疾': '拒保', '防癌': '拒保', '意外险': '拒保', '护理险': '拒保', '医疗险': '拒保'}"
乳腺结节、囊肿、占位、异常回声,乳腺.txt,"{'疾病': '乳腺结节、囊肿、占位、异常回声', '资料': '病历、乳腺影像检查*1、病理结果', '检查结果': '手术切除', '': '', '重疾': '除外', '防癌': '除外', '意外险': '标体', '护理险': '标体', '医疗险': '除外'}"
乳腺结节、囊肿、占位、异常回声,乳腺.txt,"{'疾病': '乳腺结节、囊肿、占位、异常回声', '资料': '病历、乳腺影像检查*1、病理结果', '检查结果': '手术切除', '': '', '重疾': '标体', '防癌': '标体', '意外险': '标体', '护理险': '标体', '医疗险': '标体'}"
乳腺结节、囊肿、占位、异常回声,乳腺.txt,"{'疾病': '乳腺结节、囊肿、占位、异常回声', '资料': '病历、乳腺影像检查*1、病理结果', '检查结果': '手术切除', '': '', '重疾': '拒保', '防癌': '拒保', '意外险': '拒保', '护理险': '拒保', '医疗险': '拒保'}"
乳腺结节、囊肿、占位、异常回声,乳腺.txt,"{'疾病': '乳腺结节、囊肿、占位、异常回声', '资料': '病历、乳腺影像检查*1、病理结果', '检查结果': '手术切除', '': '', '重疾': '依据病理、再发的具体情况审核', '防癌': '依据病理、再发的具体情况审核', '意外险': '依据病理、再发的具体情况审核', '护理险': '依据病理、再发的具体情况审核', '医疗险': '依据病理、再发的具体情况审核'}"
乳腺炎、脓肿,乳腺.txt,"{'疾病': '乳腺炎、脓肿', '资料': '病历、乳腺影像检查', '检查结果': '痊愈、既往症', '': '', '重疾': '标体', '防癌': '标体', '意外险': '标体', '护理险': '标体', '医疗险': '标体'}"
乳腺炎、脓肿,乳腺.txt,"{'疾病': '乳腺炎、脓肿', '资料': '病历、乳腺影像检查', '检查结果': '现症', '': '', '重疾': '延期至痊愈后', '防癌': '延期至痊愈后', '意外险': '标体', '护理险': '标体', '医疗险': '延期至痊愈后'}"
乳腺增生,乳腺.txt,"{'疾病': '乳腺增生', '资料': '病历、乳腺影像检查', '检查结果': '/', '': '', '重疾': '标体', '防癌': '标体', '意外险': '标体', '护理险': '标体', '医疗险': '除外'}"
乳腺假体植入,乳腺.txt,"{'疾病': '乳腺假体植入', '资料': '存在原发疾病，如乳腺癌手术导致', '检查结果': '存在原发疾病，如乳腺癌手术导致', '': '', '重疾': '依据原发疾病评估', '防癌': '依据原发疾病评估', '意外险': '依据原发疾病评估', '护理险': '依据原发疾病评估', '医疗险': '依据原发疾病评估'}"
乳腺假体植入,乳腺.txt,"{'疾病': '乳腺假体植入', '资料': '正规渠道医美', '检查结果': '手术6个月以内', '': '', '重疾': '延期', '防癌': '延期', '意外险': '标体', '护理险': '标体', '医疗险': '延期'}"
乳腺假体植入,乳腺.txt,"{'疾病': '乳腺假体植入', '资料': '正规渠道医美', '检查结果': '手术6个月以上', '': '', '重疾': '标体', '防癌': '标体', '意外险': '标体', '护理险': '标体', '医疗险': '除外'}"
乳腺假体植入,乳腺.txt,"{'疾病': '乳腺假体植入', '资料': '正规渠道医美', '检查结果': '手术6个月以上', '': '', '重疾': '参考乳腺：乳腺结节、囊肿、占位、异常回声、乳腺炎、脓肿、乳腺增生', '防癌': '参考乳腺：乳腺结节、囊肿、占位、异常回声、乳腺炎、脓肿、乳腺增生', '意外险': '参考乳腺：乳腺结节、囊肿、占位、异常回声、乳腺炎、脓肿、乳腺增生', '护理险': '参考乳腺：乳腺结节、囊肿、占位、异常回声、乳腺炎、脓肿、乳腺增生', '医疗险': '参考乳腺：乳腺结节、囊肿、占位、异常回声、乳腺炎、脓肿、乳腺增生'}"
男性乳腺,乳腺.txt,"{'疾病': '男性乳腺', '资料': '病历、乳腺影像检查', '检查结果': '乳腺结节', '': '', '重疾': '延期至痊愈后或术后', '防癌': '延期至痊愈后或术后', '意外险': '标体', '护理险': '标体', '医疗险': '延期至痊愈后或术后'}"
男性乳腺,乳腺.txt,"{'疾病': '男性乳腺', '资料': '病历、乳腺影像检查', '检查结果': '乳腺结节', '': '', '重疾': '参考乳腺结节手术切除的审核', '防癌': '参考乳腺结节手术切除的审核', '意外险': '参考乳腺结节手术切除的审核', '护理险': '参考乳腺结节手术切除的审核', '医疗险': '参考乳腺结节手术切除的审核'}"
男性乳腺,乳腺.txt,"{'疾病': '男性乳腺', '资料': '病历、乳腺影像检查', '检查结果': '乳腺发育', '': '', '重疾': '标体', '防癌': '标体', '意外险': '标体', '护理险': '标体', '医疗险': '除外'}"
儿童乳腺,乳腺.txt,"{'疾病': '儿童乳腺', '资料': '病历、乳腺影像检查、妇科超声、甲状腺功能、性激素水平、糖耐量检查', '检查结果': '乳腺发育\n（性早熟）', '': '', '重疾': '标体', '防癌': '标体', '意外险': '标体', '护理险': '标体', '医疗险': '除外'}"
甲状腺炎,甲状腺疾病.txt,"{'疾病': '甲状腺炎', '': '急性甲状腺炎', '资料': '病历、甲状腺超声、甲状腺功能', '检查结果': '病情控制稳定6个月，甲状腺功能及超声正常', '重疾': '标体', '防癌': '标体', '意外险': '标体', '护理险': '标体', '医疗险': '除外'}"
甲状腺炎,甲状腺疾病.txt,"{'疾病': '甲状腺炎', '': '亚急性甲状腺炎', '资料': '病历、甲状腺超声、甲状腺功能', '检查结果': '病情控制稳定6个月，甲状腺功能及超声正常', '重疾': '标体', '防癌': '标体', '意外险': '标体', '护理险': '标体', '医疗险': '除外'}"
甲状腺炎,甲状腺疾病.txt,"{'疾病': '甲状腺炎', '': '桥本氏病', '资料': '病历、甲状腺超声、甲状腺功能', '检查结果': '病情控制稳定6个月，甲状腺功能及超声正常', '重疾': '标体', '防癌': '标体', '意外险': '标体', '护理险': '标体', '医疗险': '除外'}"
甲减,甲状腺疾病.txt,"{'疾病': '甲减', '': '成年人', '资料': '病历、甲状腺超声、甲状腺功能、BMI、血压、心电图、血脂、血糖', '检查结果': '病情控制稳定6个月，甲状腺功能及超声正常；\n无并发症（心慌胸闷、超重、代谢综合征、粘液水肿）', '重疾': '标体', '防癌': '标体', '意外险': '标体', '护理险': '标体', '医疗险': '除外'}"
甲亢,甲状腺疾病.txt,"{'疾病': '甲亢', '': '有甲亢性心脏病、肢体麻痹、高血压、糖尿病、精神病甲亢危象等严重并发症', '资料': '/', '检查结果': '/', '重疾': '拒保', '防癌': '延期', '意外险': '拒保', '护理险': '延期', '医疗险': '拒保'}"
甲亢,甲状腺疾病.txt,"{'疾病': '甲亢', '': '无严重并发症，经过充分治疗后，甲状腺功能持续正常时间不足3个月。', '资料': '病历、甲状腺B 超及甲状腺功能检查报告', '检查结果': '检查正常', '重疾': '延期', '防癌': '标体', '意外险': '标体', '护理险': '标体', '医疗险': '延期'}"
甲亢,甲状腺疾病.txt,"{'疾病': '甲亢', '': '无严重并发症，经过充分治疗后，甲状腺功能持续3个月以上', '资料': '', '检查结果': '检查正常', '重疾': '标体', '防癌': '标体', '意外险': '标体', '护理险': '标体', '医疗险': '除外'}"
甲亢,甲状腺疾病.txt,"{'疾病': '甲亢', '': '备注：', '资料': '如有突眼症状或病史，重疾险应除外失明', '检查结果': '如有突眼症状或病史，重疾险应除外失明', '重疾': '如有突眼症状或病史，重疾险应除外失明', '防癌': '如有突眼症状或病史，重疾险应除外失明', '意外险': '如有突眼症状或病史，重疾险应除外失明', '护理险': '如有突眼症状或病史，重疾险应除外失明', '医疗险': '如有突眼症状或病史，重疾险应除外失明'}"
甲状腺结节,甲状腺疾病.txt,"{'疾病': '甲状腺结节', '': '现症，甲功正常\n（甲状腺功能不正常的参考甲亢或甲减）', '资料': '甲状腺超声', '检查结果': '甲状腺结节为TI-RADS 1级', '重疾': '标体', '防癌': '标体', '意外险': '标体', '护理险': '标体', '医疗险': '除外'}"
甲状腺结节,甲状腺疾病.txt,"{'疾病': '甲状腺结节', '': '现症，甲功正常\n（甲状腺功能不正常的参考甲亢或甲减）', '资料': '甲状腺超声', '检查结果': '甲状腺结节未分级，或为TI-RADS 2级：回声性质、直径、血流、钙化、纵横比、淋巴结（向坏项包含其一即可除外）', '重疾': '标体/除外', '防癌': '标体/除外', '意外险': '标体', '护理险': '标体', '医疗险': '除外'}"
甲状腺结节,甲状腺疾病.txt,"{'疾病': '甲状腺结节', '': '现症，甲功正常\n（甲状腺功能不正常的参考甲亢或甲减）', '资料': '甲状腺超声', '检查结果': '甲状腺结节TI-RADS 3级', '重疾': '除外', '防癌': '除外', '意外险': '标体', '护理险': '标体', '医疗险': '除外'}"
甲状腺结节,甲状腺疾病.txt,"{'疾病': '甲状腺结节', '': '现症，甲功正常\n（甲状腺功能不正常的参考甲亢或甲减）', '资料': '甲状腺超声', '检查结果': '甲状腺结节为TI-RADS0级、TI-RADS4级或以上', '重疾': '延期', '防癌': '延期', '意外险': '延期', '护理险': '延期', '医疗险': '延期'}"
甲状腺手术,甲状腺疾病.txt,"{'疾病': '甲状腺手术', '': '病理结果为良性，且不存在意义不明确细胞或交界性或不典型增生或非典型增生或细胞异型性', '资料': '病理结果、甲状腺超声、甲状腺功能', '检查结果': '复查正常', '重疾': '标体', '防癌': '标体', '意外险': '标体', '护理险': '标体', '医疗险': '除外（甲状腺疾病及其并发症）'}"
甲状腺手术,甲状腺疾病.txt,"{'疾病': '甲状腺手术', '': '病理结果为良性，且不存在意义不明确细胞或交界性或不典型增生或非典型增生或细胞异型性', '资料': '病理结果、甲状腺超声、甲状腺功能', '检查结果': '超声复查TIRADS分级为II级、III级，甲状腺功能正常', '重疾': '除外责任', '防癌': '除外责任', '意外险': '标体', '护理险': '标体', '医疗险': '除外（甲状腺疾病及其并发症）'}"
甲状腺手术,甲状腺疾病.txt,"{'疾病': '甲状腺手术', '': '病理结果为良性，且不存在意义不明确细胞或交界性或不典型增生或非典型增生或细胞异型性', '资料': '病理结果、甲状腺超声、甲状腺功能', '检查结果': '超声TIRADS分级为IV级及以上者。', '重疾': '延期', '防癌': '延期', '意外险': '延期', '护理险': '标体', '医疗险': '延期'}"
甲状腺手术,甲状腺疾病.txt,"{'疾病': '甲状腺手术', '': '病理结果为良性，且不存在意义不明确细胞或交界性或不典型增生或非典型增生或细胞异型性', '资料': '病理结果、甲状腺超声、甲状腺功能', '检查结果': '超声报告为单纯囊性结节。', '重疾': '标体', '防癌': '标体', '意外险': '标体', '护理险': '标体', '医疗险': '除外责任'}"
甲状腺手术,甲状腺疾病.txt,"{'疾病': '甲状腺手术', '': '病理结果不详', '资料': '', '检查结果': '', '重疾': '延期', '防癌': '延期', '意外险': '延期', '护理险': '延期', '医疗险': '延期'}"
甲状腺手术,甲状腺疾病.txt,"{'疾病': '甲状腺手术', '': '病理结果为恶性', '资料': '参考甲状腺癌', '检查结果': '参考甲状腺癌', '重疾': '参考甲状腺癌', '防癌': '参考甲状腺癌', '意外险': '参考甲状腺癌', '护理险': '参考甲状腺癌', '医疗险': '参考甲状腺癌'}"
食管,上消.txt,"{'疾病': '食管', '': '轻度/中度症状', '资料': '一般体检、内窥镜', '检查结果': '轻度/中度症状', '重疾': '标体', '防癌': '标体', '意外险': '标体', '护理险': '标体', '医疗险': '除外'}"
食管,上消.txt,"{'疾病': '食管', '': '重度症状（吞咽困难、呕血或体重减轻）', '资料': '一般体检、内窥镜', '检查结果': '重度症状（吞咽困难、呕血或体重减轻）', '重疾': '延期', '防癌': '延期', '意外险': '延期', '护理险': '延期', '医疗险': '拒保'}"
食管,上消.txt,"{'疾病': '食管', '': '伴有食管狭窄', '资料': '一般体检、内窥镜', '检查结果': '伴有食管狭窄', '重疾': '延期', '防癌': '延期', '意外险': '延期', '护理险': '延期', '医疗险': '延期'}"
食管,上消.txt,"{'疾病': '食管', '': '嗜酸性食管炎', '资料': '一般体检、内窥镜', '检查结果': '嗜酸性食管炎', '重疾': '标体', '防癌': '标体', '意外险': '标体', '护理险': '标体', '医疗险': '除外'}"
食管,上消.txt,"{'疾病': '食管', '': '腐蚀性或感染性食管炎', '资料': '一般体检、内窥镜', '检查结果': '腐蚀性或感染性食管炎', '重疾': '按病因评点', '防癌': '按病因评点', '意外险': '按病因评点', '护理险': '按病因评点', '医疗险': '按病因评点'}"
食管,上消.txt,"{'疾病': '食管', '': '现症，病理良性', '资料': '一般体检、内窥镜', '检查结果': '现症，病理良性', '重疾': '除外', '防癌': '除外', '意外险': '标体', '护理险': '标体', '医疗险': '除外'}"
食管,上消.txt,"{'疾病': '食管', '': '痊愈，从未有病理检查异常', '资料': '一般体检、内窥镜', '检查结果': '痊愈，从未有病理检查异常', '重疾': '标体', '防癌': '标体', '意外险': '标体', '护理险': '标体', '医疗险': '（单次发作，痊愈一年以上）标体'}"
胃炎,上消.txt,"{'疾病': '胃炎', '': '已治愈', '资料': '胃镜及病理、C14呼气试验、胃蛋白酶原', '检查结果': '已治愈', '重疾': '标体', '防癌': '标体', '意外险': '标体', '护理险': '标体', '医疗险': '标体'}"
胃炎,上消.txt,"{'疾病': '胃炎', '': '未治愈', '资料': '胃镜及病理、C14呼气试验、胃蛋白酶原', '检查结果': '未治愈', '重疾': '标体', '防癌': '标体', '意外险': '标体', '护理险': '标体', '医疗险': '除外'}"
胃炎,上消.txt,"{'疾病': '胃炎', '': '无不典型增生史，胃蛋白酶原正常', '资料': '胃镜及病理、C14呼气试验、胃蛋白酶原', '检查结果': '已治愈一年以上', '重疾': '除外', '防癌': '除外', '意外险': '标体', '护理险': '标体', '医疗险': '除外'}"
胃炎,上消.txt,"{'疾病': '胃炎', '': '无不典型增生史，胃蛋白酶原异常', '资料': '胃镜及病理、C14呼气试验、胃蛋白酶原', '检查结果': '已治愈一年以上', '重疾': '延期', '防癌': '延期', '意外险': '标体', '护理险': '标体', '医疗险': '延期'}"
胃炎,上消.txt,"{'疾病': '胃炎', '': '不典型增生史', '资料': '胃镜及病理、C14呼气试验、胃蛋白酶原', '检查结果': '已治愈一年以上', '重疾': '拒保', '防癌': '拒保', '意外险': '标体', '护理险': '拒保', '医疗险': '拒保'}"
胃炎,上消.txt,"{'疾病': '胃炎', '': '未治愈', '资料': '胃镜及病理、C14呼气试验、胃蛋白酶原', '检查结果': '未治愈', '重疾': '拒保', '防癌': '拒保', '意外险': '延期', '护理险': '延期', '医疗险': '拒保'}"
胃炎,上消.txt,"{'疾病': '胃炎', '': '已治愈', '资料': '病历', '检查结果': '已治愈', '重疾': '标体', '防癌': '标体', '意外险': '标体', '护理险': '标体', '医疗险': '标体'}"
胃息肉,上消.txt,"{'疾病': '胃息肉', '': '', '资料': '病历、胃镜', '检查结果': '胃息肉未切除，或未完全切除', '重疾': '延期', '防癌': '延期', '意外险': '标体', '护理险': '延期', '医疗险': '延期'}"
胃息肉,上消.txt,"{'疾病': '胃息肉', '': '病理诊断为炎性息肉或增生性息肉或腺性息肉，未见不典型增生或异型增生或细胞异型性或肠化生，且近1年内复查胃镜未见复发', '资料': '病历、胃镜、病理报告', '检查结果': '病理诊断为炎性息肉或增生性息肉或腺性息肉，未见不典型增生或异型增生或细胞异型性或肠化生，且近1年内复查胃镜未见复发', '重疾': '标体', '防癌': '标体', '意外险': '标体', '护理险': '标体', '医疗险': '除外'}"
胃息肉,上消.txt,"{'疾病': '胃息肉', '': '病理异常', '资料': '病历、胃镜、病理报告', '检查结果': '病理异常', '重疾': '拒保', '防癌': '拒保', '意外险': '参考病历', '护理险': '参考病历', '医疗险': '拒保'}"
胃息肉,上消.txt,"{'疾病': '胃息肉', '': '如胃息肉反复发作或多发胃息肉（超过3个），需谨慎核保', '资料': '如胃息肉反复发作或多发胃息肉（超过3个），需谨慎核保', '检查结果': '如胃息肉反复发作或多发胃息肉（超过3个），需谨慎核保', '重疾': '如胃息肉反复发作或多发胃息肉（超过3个），需谨慎核保', '防癌': '如胃息肉反复发作或多发胃息肉（超过3个），需谨慎核保', '意外险': '如胃息肉反复发作或多发胃息肉（超过3个），需谨慎核保', '护理险': '如胃息肉反复发作或多发胃息肉（超过3个），需谨慎核保', '医疗险': '如胃息肉反复发作或多发胃息肉（超过3个），需谨慎核保'}"
消化性溃疡,上消.txt,"{'疾病': '消化性溃疡', '': '无消化道穿孔或出血史', '资料': '病历、HP检测/胃镜', '检查结果': '无消化道穿孔或出血史', '重疾': '标体', '防癌': '标体', '意外险': '标体', '护理险': '标体', '医疗险': '除外'}"
消化性溃疡,上消.txt,"{'疾病': '消化性溃疡', '': '1次消化道穿孔或出血史（一年以上），HP及胃镜检查无异常', '资料': '病历、HP检测/胃镜', '检查结果': '1次消化道穿孔或出血史（一年以上），HP及胃镜检查无异常', '重疾': '标体', '防癌': '标体', '意外险': '标体', '护理险': '标体', '医疗险': '除外'}"
消化性溃疡,上消.txt,"{'疾病': '消化性溃疡', '': 'HP及胃镜检查无异常', '资料': '病历、HP检测/胃镜', '检查结果': '2次及以上消化道穿孔或出血史', '重疾': '标体', '防癌': '标体', '意外险': '标体', '护理险': '标体', '医疗险': '拒保'}"
消化性溃疡,上消.txt,"{'疾病': '消化性溃疡', '': 'HP及胃镜检查异常', '资料': '病历、HP检测/胃镜', '检查结果': '2次及以上消化道穿孔或出血史', '重疾': '延期', '防癌': '延期', '意外险': '标体', '护理险': '参考具体胃镜结果', '医疗险': '拒保'}"
消化性溃疡,上消.txt,"{'疾病': '消化性溃疡', '': '饮酒（每日3次及以上）', '资料': '病历、HP检测/胃镜', '检查结果': '饮酒（每日3次及以上）', '重疾': '拒保', '防癌': '拒保', '意外险': '拒保', '护理险': '拒保', '医疗险': '拒保'}"
消化性溃疡,上消.txt,"{'疾病': '消化性溃疡', '': '药物使用（类固醇消炎药或皮质类固醇）', '资料': '病历、HP检测/胃镜', '检查结果': '药物使用（类固醇消炎药或皮质类固醇）', '重疾': '参考用药原因及病历', '防癌': '参考用药原因及病历', '意外险': '标体', '护理险': '标体', '医疗险': '拒保'}"
消化性溃疡,上消.txt,"{'疾病': '消化性溃疡', '': '吻合性溃疡', '资料': '病历、HP检测/胃镜', '检查结果': '吻合性溃疡', '重疾': '参考原始疾病及病历', '防癌': '参考原始疾病及病历', '意外险': '标体', '护理险': '标体', '医疗险': '拒保'}"
消化性溃疡,上消.txt,"{'疾病': '消化性溃疡', '': 'HP及胃镜检查正常', '资料': '病历、HP检测/胃镜', '检查结果': 'HP及胃镜检查正常', '重疾': '标体', '防癌': '标体', '意外险': '标体', '护理险': '标体', '医疗险': '拒保'}"
HP阳性、幽门螺杆菌感染,上消.txt,"{'疾病': 'HP阳性、幽门螺杆菌感染', '': '仅为体检发现，无胃部病史、无不适及治疗', '资料': '病历、HP检测', '检查结果': '仅为体检发现，无胃部病史、无不适及治疗', '重疾': '标体', '防癌': '标体', '意外险': '标体', '护理险': '标体', '医疗险': '除外'}"
HP阳性、幽门螺杆菌感染,上消.txt,"{'疾病': 'HP阳性、幽门螺杆菌感染', '': '有胃部病史', '资料': '病历、HP检测', '检查结果': '有胃部病史', '重疾': '依据胃部病史进行审核', '防癌': '依据胃部病史进行审核', '意外险': '依据胃部病史进行审核', '护理险': '依据胃部病史进行审核', '医疗险': '依据胃部病史进行审核'}"
子宫出血,子宫.txt,"{'疾病': '子宫出血', '': '功能失调性子宫出血', '资料': '病历、妇科超声、血常规', '检查结果': '妇科超声正常，无贫血', '重疾': '标体', '防癌': '标体', '意外险': '标体', '护理险': '标体', '医疗险': '除外*1'}"
子宫出血,子宫.txt,"{'疾病': '子宫出血', '': '功能失调性子宫出血', '资料': '病历、妇科超声、血常规', '检查结果': '妇科超声正常，有贫血', '重疾': '依据贫血程度考量', '防癌': '依据贫血程度考量', '意外险': '依据贫血程度考量', '护理险': '依据贫血程度考量', '医疗险': '依据贫血程度考量'}"
子宫出血,子宫.txt,"{'疾病': '子宫出血', '': '功能失调性子宫出血', '资料': '病历、妇科超声、血常规', '检查结果': '妇科超声异常', '重疾': '延期至痊愈后', '防癌': '延期至痊愈后', '意外险': '延期至痊愈后', '护理险': '延期至痊愈后', '医疗险': '延期至痊愈后'}"
子宫出血,子宫.txt,"{'疾病': '子宫出血', '': '非功能失调性子宫出血', '资料': '病历、妇科超声、血常规', '检查结果': '—', '重疾': '按照病因评点', '防癌': '按照病因评点', '意外险': '按照病因评点', '护理险': '按照病因评点', '医疗险': '按照病因评点'}"
子宫出血,子宫.txt,"{'疾病': '子宫出血', '': '绝经后子宫出血', '资料': '病历、妇科超声、血常规', '检查结果': '—', '重疾': '拒保', '防癌': '拒保', '意外险': '拒保', '护理险': '拒保', '医疗险': '拒保'}"
子宫出血,子宫.txt,"{'疾病': '子宫出血', '': '待进行子宫切除', '资料': '病历、妇科超声、血常规', '检查结果': '—', '重疾': '延期至术后6个月', '防癌': '延期至术后6个月', '意外险': '延期至术后6个月', '护理险': '延期至术后6个月', '医疗险': '延期至术后6个月'}"
子宫肌瘤,子宫.txt,"{'疾病': '子宫肌瘤', '': '子宫肌瘤、子宫腺肌瘤、子宫纤维瘤', '资料': '病历、妇科超声、血常规', '检查结果': '已手术，病理良性', '重疾': '标体', '防癌': '标体', '意外险': '标体', '护理险': '标体', '医疗险': '标体'}"
子宫肌瘤,子宫.txt,"{'疾病': '子宫肌瘤', '': '子宫肌瘤、子宫腺肌瘤、子宫纤维瘤', '资料': '病历、妇科超声、血常规', '检查结果': '已手术，病理非良性', '重疾': '拒保', '防癌': '拒保', '意外险': '拒保', '护理险': '拒保', '医疗险': '拒保'}"
子宫肌瘤,子宫.txt,"{'疾病': '子宫肌瘤', '': '子宫肌瘤、子宫腺肌瘤、子宫纤维瘤', '资料': '病历、妇科超声、血常规', '检查结果': '未手术，无手术指征*2', '重疾': '标体', '防癌': '标体', '意外险': '标体', '护理险': '标体', '医疗险': '除外*1'}"
子宫肌瘤,子宫.txt,"{'疾病': '子宫肌瘤', '': '子宫肌瘤、子宫腺肌瘤、子宫纤维瘤', '资料': '病历、妇科超声、血常规', '检查结果': '未手术，有手术指征', '重疾': '延期', '防癌': '标体', '意外险': '标体', '护理险': '标体', '医疗险': '延期'}"
子宫内膜增厚（内膜厚度超过10mm）,子宫.txt,"{'疾病': '子宫内膜增厚（内膜厚度超过10mm）', '': '子宫内膜增厚（内膜厚度超过10mm）', '资料': '病历、妇科超声', '检查结果': '仅出现1次，复查正常', '重疾': '标体', '防癌': '标体', '意外险': '标体', '护理险': '标体', '医疗险': '标体'}"
子宫内膜增厚（内膜厚度超过10mm）,子宫.txt,"{'疾病': '子宫内膜增厚（内膜厚度超过10mm）', '': '子宫内膜增厚（内膜厚度超过10mm）', '资料': '病历、妇科超声', '检查结果': '现症，无复查', '重疾': '延期至痊愈后', '防癌': '延期至痊愈后', '意外险': '延期至痊愈后', '护理险': '延期至痊愈后', '医疗险': '延期至痊愈后'}"
子宫内膜增厚（内膜厚度超过10mm）,子宫.txt,"{'疾病': '子宫内膜增厚（内膜厚度超过10mm）', '': '子宫内膜增厚（内膜厚度超过10mm）', '资料': '病历、妇科超声', '检查结果': '做诊刮术，术后病理良性', '重疾': '标体', '防癌': '标体', '意外险': '标体', '护理险': '标体', '医疗险': '标体'}"
子宫内膜增厚（内膜厚度超过10mm）,子宫.txt,"{'疾病': '子宫内膜增厚（内膜厚度超过10mm）', '': '子宫内膜增厚（内膜厚度超过10mm）', '资料': '病历、妇科超声', '检查结果': '诊刮术术后病理非良性', '重疾': '拒保', '防癌': '拒保', '意外险': '拒保', '护理险': '拒保', '医疗险': '拒保'}"
子宫内膜息肉,子宫.txt,"{'疾病': '子宫内膜息肉', '': '子宫内膜息肉', '资料': '病历、妇科超声', '检查结果': '仅出现1次，复查正常', '重疾': '标体', '防癌': '标体', '意外险': '标体', '护理险': '标体', '医疗险': '标体'}"
子宫内膜息肉,子宫.txt,"{'疾病': '子宫内膜息肉', '': '子宫内膜息肉', '资料': '病历、妇科超声', '检查结果': '现症，无复查', '重疾': '延期至术后或痊愈后', '防癌': '延期至术后或痊愈后', '意外险': '延期至术后或痊愈后', '护理险': '延期至术后或痊愈后', '医疗险': '延期至术后或痊愈后'}"
子宫内膜息肉,子宫.txt,"{'疾病': '子宫内膜息肉', '': '子宫内膜息肉', '资料': '病历、妇科超声', '检查结果': '做诊刮术，术后病理良性', '重疾': '标体', '防癌': '标体', '意外险': '标体', '护理险': '标体', '医疗险': '标体'}"
子宫内膜息肉,子宫.txt,"{'疾病': '子宫内膜息肉', '': '子宫内膜息肉', '资料': '病历、妇科超声', '检查结果': '诊刮术术后病理非良性', '重疾': '拒保', '防癌': '拒保', '意外险': '拒保', '护理险': '拒保', '医疗险': '拒保'}"
子宫内膜异位症,子宫.txt,"{'疾病': '子宫内膜异位症', '': '子宫内膜异位症', '资料': '病历、妇科超声', '检查结果': '明确的疾病诊断', '重疾': '标体', '防癌': '标体', '意外险': '标体', '护理险': '标体', '医疗险': '除外*3'}"
子宫脱垂,子宫.txt,"{'疾病': '子宫脱垂', '': '子宫脱垂', '资料': '病历、妇科超声', '检查结果': '无并发症', '重疾': '标体', '防癌': '标体', '意外险': '标体', '护理险': '标体', '医疗险': '除外*4'}"
子宫脱垂,子宫.txt,"{'疾病': '子宫脱垂', '': '子宫脱垂', '资料': '病历、妇科超声', '检查结果': '有并发症', '重疾': '依据并发症进行评估', '防癌': '依据并发症进行评估', '意外险': '依据并发症进行评估', '护理险': '依据并发症进行评估', '医疗险': '依据并发症进行评估'}"
异位妊娠,子宫.txt,"{'疾病': '异位妊娠', '': '异位妊娠', '资料': '病历、妇科超声', '检查结果': '未确诊及观察、治疗中的', '重疾': '延期至痊愈后', '防癌': '延期至痊愈后', '意外险': '延期至痊愈后', '护理险': '延期至痊愈后', '医疗险': '延期至痊愈后'}"
异位妊娠,子宫.txt,"{'疾病': '异位妊娠', '': '异位妊娠', '资料': '病历、妇科超声', '检查结果': '治疗结束3个月以上，复查正常', '重疾': '标体', '防癌': '标体', '意外险': '标体', '护理险': '标体', '医疗险': '标体'}"
盆腔积液,子宫.txt,"{'疾病': '盆腔积液', '': '盆腔积液', '资料': '病历、妇科超声', '检查结果': '无病史，体检发现，积液≤30mm', '重疾': '标体', '防癌': '标体', '意外险': '标体', '护理险': '标体', '医疗险': '除外*5'}"
盆腔积液,子宫.txt,"{'疾病': '盆腔积液', '': '盆腔积液', '资料': '病历、妇科超声', '检查结果': '有病史', '重疾': '依据病史审核', '防癌': '依据病史审核', '意外险': '依据病史审核', '护理险': '依据病史审核', '医疗险': '依据病史审核'}"
子宫,妇科肿物.txt,"{'疾病': '子宫', '': '现症', '资料': '病历、妇科超声、病理结果', '检查结果': '现症', '重疾': '延期至术后或痊愈后', '防癌': '延期至术后或痊愈后', '意外险': '延期至术后或痊愈后', '护理险': '延期至术后或痊愈后', '医疗险': '延期至术后或痊愈后'}"
子宫,妇科肿物.txt,"{'疾病': '子宫', '': '术后（诊刮后1个月、内镜切除后3个月、子宫切除后3年），病理良性且复查正常', '资料': '病历、妇科超声、病理结果', '检查结果': '术后（诊刮后1个月、内镜切除后3个月、子宫切除后3年），病理良性且复查正常', '重疾': '标体', '防癌': '标体', '意外险': '标体', '护理险': '标体', '医疗险': '除外'}"
子宫,妇科肿物.txt,"{'疾病': '子宫', '': '', '资料': '病历、妇科超声、病理结果', '检查结果': '', '重疾': '拒保', '防癌': '拒保', '意外险': '拒保', '护理险': '拒保', '医疗险': '拒保'}"
子宫,妇科肿物.txt,"{'疾病': '子宫', '': '化疗结束3年后，连续复诊未见异常', '资料': '病历、妇科超声、HCG', '检查结果': '化疗结束3年后，连续复诊未见异常', '重疾': '拒保', '防癌': '拒保', '意外险': '标体', '护理险': '标体', '医疗险': '拒保'}"
附件,妇科肿物.txt,"{'疾病': '附件', '': '不存在心血管疾病风险因素', '资料': '妇科超声、血脂、OGTT or 血糖+糖化、BMI、BP、ECG', '检查结果': '不存在心血管疾病风险因素', '重疾': '标体', '防癌': '标体', '意外险': '标体', '护理险': '标体', '医疗险': '除外'}"
附件,妇科肿物.txt,"{'疾病': '附件', '': '存在心血管疾病风险因素', '资料': '妇科超声、血脂、OGTT or 血糖+糖化、BMI、BP、ECG', '检查结果': '存在心血管疾病风险因素', '重疾': '依据风险因素审核', '防癌': '依据风险因素审核', '意外险': '依据风险因素审核', '护理险': '依据风险因素审核', '医疗险': '拒保'}"
附件,妇科肿物.txt,"{'疾病': '附件', '': '肿瘤标记物正常或未查，明确诊断为生理性囊肿、黄体囊肿或卵泡，最大直径＜40mm', '资料': '病历、妇科超声、病理结果、肿瘤标记物', '检查结果': '现症', '重疾': '标体', '防癌': '标体', '意外险': '标体', '护理险': '标体', '医疗险': '除外'}"
附件,妇科肿物.txt,"{'疾病': '附件', '': '肿瘤标记物正常或未查，最大直径≥过40mm或描述较差*1', '资料': '病历、妇科超声、病理结果、肿瘤标记物', '检查结果': '现症', '重疾': '延期至术后或痊愈后', '防癌': '延期至术后或痊愈后', '意外险': '标体', '护理险': '标体', '医疗险': '拒保'}"
附件,妇科肿物.txt,"{'疾病': '附件', '': '肿瘤标记物异常', '资料': '病历、妇科超声、病理结果、肿瘤标记物', '检查结果': '现症', '重疾': '拒保', '防癌': '拒保', '意外险': '拒保', '护理险': '拒保', '医疗险': '拒保'}"
附件,妇科肿物.txt,"{'疾病': '附件', '': '畸胎瘤、囊腺瘤', '资料': '病历、妇科超声、病理结果、肿瘤标记物', '检查结果': '现症', '重疾': '延期至术后6个月', '防癌': '延期至术后6个月', '意外险': '延期至术后6个月', '护理险': '延期至术后6个月', '医疗险': '延期至术后6个月'}"
附件,妇科肿物.txt,"{'疾病': '附件', '': '未做治疗，自行吸收痊愈', '资料': '病历、妇科超声、病理结果、肿瘤标记物', '检查结果': '未做治疗，自行吸收痊愈', '重疾': '标体', '防癌': '标体', '意外险': '标体', '护理险': '标体', '医疗险': '标体'}"
附件,妇科肿物.txt,"{'疾病': '附件', '': '病理良性，无复发', '资料': '病历、妇科超声、病理结果、肿瘤标记物', '检查结果': '手术切除', '重疾': '标体', '防癌': '标体', '意外险': '标体', '护理险': '标体', '医疗险': '除外'}"
附件,妇科肿物.txt,"{'疾病': '附件', '': '病理良性，有复发', '资料': '病历、妇科超声、病理结果、肿瘤标记物', '检查结果': '手术切除', '重疾': '依据再发的具体情况审核', '防癌': '依据再发的具体情况审核', '意外险': '依据再发的具体情况审核', '护理险': '依据再发的具体情况审核', '医疗险': '依据再发的具体情况审核'}"
附件,妇科肿物.txt,"{'疾病': '附件', '': '病理非良性', '资料': '病历、妇科超声、病理结果、肿瘤标记物', '检查结果': '手术切除', '重疾': '拒保', '防癌': '拒保', '意外险': '拒保', '护理险': '拒保', '医疗险': '拒保'}"
附件,妇科肿物.txt,"{'疾病': '附件', '': '肿瘤标记物正常或未查，明确诊断为生理性囊肿、黄体囊肿或卵泡，最大直径＜40mm', '资料': '病历、妇科超声、病理结果、肿瘤标记物', '检查结果': '现症', '重疾': '标体', '防癌': '标体', '意外险': '标体', '护理险': '标体', '医疗险': '除外'}"
附件,妇科肿物.txt,"{'疾病': '附件', '': '肿瘤标记物正常或未查，最大直径≥过40mm或描述较差*1', '资料': '病历、妇科超声、病理结果、肿瘤标记物', '检查结果': '现症', '重疾': '延期至术后或痊愈后', '防癌': '延期至术后或痊愈后', '意外险': '标体', '护理险': '标体', '医疗险': '拒保'}"
附件,妇科肿物.txt,"{'疾病': '附件', '': '肿瘤标记物异常', '资料': '病历、妇科超声、病理结果、肿瘤标记物', '检查结果': '现症', '重疾': '拒保', '防癌': '拒保', '意外险': '拒保', '护理险': '拒保', '医疗险': '拒保'}"
附件,妇科肿物.txt,"{'疾病': '附件', '': '畸胎瘤、囊腺瘤', '资料': '病历、妇科超声、病理结果、肿瘤标记物', '检查结果': '现症', '重疾': '延期至术后6个月', '防癌': '延期至术后6个月', '意外险': '延期至术后6个月', '护理险': '延期至术后6个月', '医疗险': '延期至术后6个月'}"
附件,妇科肿物.txt,"{'疾病': '附件', '': '未做治疗，自行吸收痊愈', '资料': '病历、妇科超声、病理结果、肿瘤标记物', '检查结果': '未做治疗，自行吸收痊愈', '重疾': '标体', '防癌': '标体', '意外险': '标体', '护理险': '标体', '医疗险': '标体'}"
附件,妇科肿物.txt,"{'疾病': '附件', '': '病理良性，无复发', '资料': '病历、妇科超声、病理结果、肿瘤标记物', '检查结果': '手术切除', '重疾': '标体', '防癌': '标体', '意外险': '标体', '护理险': '标体', '医疗险': '除外'}"
附件,妇科肿物.txt,"{'疾病': '附件', '': '病理良性，有复发', '资料': '病历、妇科超声、病理结果、肿瘤标记物', '检查结果': '手术切除', '重疾': '依据再发的具体情况审核', '防癌': '依据再发的具体情况审核', '意外险': '依据再发的具体情况审核', '护理险': '依据再发的具体情况审核', '医疗险': '依据再发的具体情况审核'}"
附件,妇科肿物.txt,"{'疾病': '附件', '': '病理非良性', '资料': '病历、妇科超声、病理结果、肿瘤标记物', '检查结果': '手术切除', '重疾': '拒保', '防癌': '拒保', '意外险': '拒保', '护理险': '拒保', '医疗险': '拒保'}"
附件,妇科肿物.txt,"{'疾病': '附件', '': '/', '资料': '参考卵巢及输卵管肿瘤', '检查结果': '/', '重疾': '参考卵巢及输卵管肿瘤', '防癌': '参考卵巢及输卵管肿瘤', '意外险': '参考卵巢及输卵管肿瘤', '护理险': '参考卵巢及输卵管肿瘤', '医疗险': '参考卵巢及输卵管肿瘤'}"
手术,妇科肿物.txt,"{'疾病': '手术', '': '病理良性，复查正常', '资料': '病历、病理结果、复查超声', '检查结果': '因子宫疾病切除子宫', '重疾': '标体', '防癌': '标体', '意外险': '标体', '护理险': '标体', '医疗险': '除外'}"
手术,妇科肿物.txt,"{'疾病': '手术', '': '病理非良性', '资料': '病历、病理结果、复查超声', '检查结果': '因子宫疾病切除子宫', '重疾': '拒保', '防癌': '拒保', '意外险': '拒保', '护理险': '拒保', '医疗险': '拒保'}"
手术,妇科肿物.txt,"{'疾病': '手术', '': '不能提供病理结果，且卵巢同时切除的', '资料': '病历、病理结果、复查超声', '检查结果': '因子宫疾病切除子宫', '重疾': '拒保', '防癌': '拒保', '意外险': '拒保', '护理险': '拒保', '医疗险': '拒保'}"
手术,妇科肿物.txt,"{'疾病': '手术', '': '不能提供病理结果，但卵巢保留，且术后5年以上，近期复诊正常', '资料': '病历、病理结果、复查超声', '检查结果': '因子宫疾病切除子宫', '重疾': '标体', '防癌': '标体', '意外险': '标体', '护理险': '标体', '医疗险': '除外'}"
手术,妇科肿物.txt,"{'疾病': '手术', '': '参考宫颈病理结果', '资料': '病历、病理结果、复查超声', '检查结果': '因子宫颈疾病切除子宫', '重疾': '参考宫颈病理结果', '防癌': '参考宫颈病理结果', '意外险': '参考宫颈病理结果', '护理险': '参考宫颈病理结果', '医疗险': '参考宫颈病理结果'}"
手术,妇科肿物.txt,"{'疾病': '手术', '': '病理良性，复查正常', '资料': '病历、病理结果、复查超声', '检查结果': '病理良性，复查正常', '重疾': '标体', '防癌': '标体', '意外险': '标体', '护理险': '标体', '医疗险': '除外'}"
手术,妇科肿物.txt,"{'疾病': '手术', '': '病理非良性', '资料': '病历、病理结果、复查超声', '检查结果': '病理非良性', '重疾': '拒保', '防癌': '拒保', '意外险': '拒保', '护理险': '拒保', '医疗险': '拒保'}"
诊断,肺结节.txt,"{'诊断': '诊断', '病情现状': '结节大小', '': '发现时间（距离第一次影像时间）', '检查项目': '检查项目', '项目结果': '项目结果', '重疾险': '重疾险', '防癌险': '防癌险', '护理险': '护理险', '医疗险': '医疗险', '意外险': '意外险'}"
已接受手术，有明确诊断,肺结节.txt,"{'诊断': '已接受手术，有明确诊断', '病情现状': '——', '': '——', '检查项目': '——', '项目结果': '——', '重疾险': '按诊断评点', '防癌险': '按诊断评点', '护理险': '按诊断评点', '医疗险': '按诊断评点', '意外险': '按诊断评点'}"
已接受活检，有明确诊断,肺结节.txt,"{'诊断': '已接受活检，有明确诊断', '病情现状': '——', '': '——', '检查项目': '——', '项目结果': '——', '重疾险': '按病理诊断评点', '防癌险': '按病理诊断评点', '护理险': '按病理诊断评点', '医疗险': '按病理诊断评点', '意外险': '按病理诊断评点'}"
无明确诊断，只见于当前影像，无既往影像可比较,肺结节.txt,"{'诊断': '无明确诊断，只见于当前影像，无既往影像可比较', '病情现状': '——', '': '——', '检查项目': '——', '项目结果': '——', '重疾险': '延期', '防癌险': '延期', '护理险': '延期', '医疗险': '延期', '意外险': '结合影像结果'}"
无明确诊断，只见于当前影像，无既往影像可比较,肺结节.txt,"{'诊断': '无明确诊断，只见于当前影像，无既往影像可比较', '病情现状': '——', '': '——', '检查项目': '——', '项目结果': '——', '重疾险': '延期', '防癌险': '延期', '护理险': '延期', '医疗险': '延期', '意外险': '无恶性倾向：标体'}"
无明确诊断，只见于当前影像，无既往影像可比较,肺结节.txt,"{'诊断': '无明确诊断，只见于当前影像，无既往影像可比较', '病情现状': '——', '': '——', '检查项目': '——', '项目结果': '——', '重疾险': '延期', '防癌险': '延期', '护理险': '延期', '医疗险': '延期', '意外险': '有恶性倾向：延期'}"
无明确诊断，见于当前影像，与既往2-3次影像对比无改变或变小，无钱币状、磨玻璃状、分叶状及其他恶性倾向,肺结节.txt,"{'诊断': '无明确诊断，见于当前影像，与既往2-3次影像对比无改变或变小，无钱币状、磨玻璃状、分叶状及其他恶性倾向', '病情现状': '大于10mm', '': '——', '检查项目': '——', '项目结果': '——', '重疾险': '延期', '防癌险': '延期', '护理险': '延期', '医疗险': '延期', '意外险': '标体'}"
无明确诊断，见于当前影像，与既往2-3次影像对比无改变或变小，无钱币状、磨玻璃状、分叶状及其他恶性倾向,肺结节.txt,"{'诊断': '无明确诊断，见于当前影像，与既往2-3次影像对比无改变或变小，无钱币状、磨玻璃状、分叶状及其他恶性倾向', '病情现状': '5-10mm（小结节）', '': '小于等于24个月', '检查项目': '——', '项目结果': '——', '重疾险': '延期', '防癌险': '延期', '护理险': '对照12个月无变化可承保', '医疗险': '延期', '意外险': '标体'}"
无明确诊断，见于当前影像，与既往2-3次影像对比无改变或变小，无钱币状、磨玻璃状、分叶状及其他恶性倾向,肺结节.txt,"{'诊断': '无明确诊断，见于当前影像，与既往2-3次影像对比无改变或变小，无钱币状、磨玻璃状、分叶状及其他恶性倾向', '病情现状': '5-10mm（小结节）', '': '大于24个月', '检查项目': '——', '项目结果': '——', '重疾险': '延期', '防癌险': '延期', '护理险': '标体', '医疗险': '除外', '意外险': '标体'}"
无明确诊断，见于当前影像，与既往2-3次影像对比无改变或变小，无钱币状、磨玻璃状、分叶状及其他恶性倾向,肺结节.txt,"{'诊断': '无明确诊断，见于当前影像，与既往2-3次影像对比无改变或变小，无钱币状、磨玻璃状、分叶状及其他恶性倾向', '病情现状': '小于等于5mm（微小结节）', '': '小于等于12个月', '检查项目': '——', '项目结果': '——', '重疾险': '延期', '防癌险': '延期', '护理险': '对照6个月无变化可承保', '医疗险': '延期', '意外险': '标体'}"
无明确诊断，见于当前影像，与既往2-3次影像对比无改变或变小，无钱币状、磨玻璃状、分叶状及其他恶性倾向,肺结节.txt,"{'诊断': '无明确诊断，见于当前影像，与既往2-3次影像对比无改变或变小，无钱币状、磨玻璃状、分叶状及其他恶性倾向', '病情现状': '小于等于5mm（微小结节）', '': '大于12个月', '检查项目': '——', '项目结果': '——', '重疾险': '除外\n适用于核保政策支持期间；\n其余时间不能承保', '防癌险': '除外\n适用于核保政策支持期间；\n其余时间不能承保', '护理险': '标体', '医疗险': '除外', '意外险': '标体'}"
无明确诊断，见于当前影像，与既往2-3次影像对比无改变或变小，无钱币状、磨玻璃状、分叶状及其他恶性倾向,肺结节.txt,"{'诊断': '无明确诊断，见于当前影像，与既往2-3次影像对比无改变或变小，无钱币状、磨玻璃状、分叶状及其他恶性倾向', '病情现状': '如合并有吸烟史，吸烟指数大于等于300支年，按以上标准延长12个月观察期', '': '如合并有吸烟史，吸烟指数大于等于300支年，按以上标准延长12个月观察期', '检查项目': '如合并有吸烟史，吸烟指数大于等于300支年，按以上标准延长12个月观察期', '项目结果': '如合并有吸烟史，吸烟指数大于等于300支年，按以上标准延长12个月观察期', '重疾险': '如合并有吸烟史，吸烟指数大于等于300支年，按以上标准延长12个月观察期', '防癌险': '如合并有吸烟史，吸烟指数大于等于300支年，按以上标准延长12个月观察期', '护理险': '如合并有吸烟史，吸烟指数大于等于300支年，按以上标准延长12个月观察期', '医疗险': '如合并有吸烟史，吸烟指数大于等于300支年，按以上标准延长12个月观察期', '意外险': '如合并有吸烟史，吸烟指数大于等于300支年，按以上标准延长12个月观察期'}"
无明确诊断，与既往影像对比增大或有恶性倾向,肺结节.txt,"{'诊断': '无明确诊断，与既往影像对比增大或有恶性倾向', '病情现状': '——', '': '——', '检查项目': '——', '项目结果': '——', '重疾险': '延期', '防癌险': '延期', '护理险': '延期', '医疗险': '延期', '意外险': '延期'}"
肺部多发性结节,肺结节.txt,"{'诊断': '肺部多发性结节', '病情现状': '——', '': '——', '检查项目': '——', '项目结果': '——', '重疾险': '延期', '防癌险': '延期', '护理险': '延期', '医疗险': '延期', '意外险': '结合影像结果'}"
肺部多发性结节,肺结节.txt,"{'诊断': '肺部多发性结节', '病情现状': '——', '': '——', '检查项目': '——', '项目结果': '——', '重疾险': '延期', '防癌险': '延期', '护理险': '延期', '医疗险': '延期', '意外险': '无恶性倾向：标体'}"
肺部多发性结节,肺结节.txt,"{'诊断': '肺部多发性结节', '病情现状': '——', '': '——', '检查项目': '——', '项目结果': '——', '重疾险': '延期', '防癌险': '延期', '护理险': '延期', '医疗险': '延期', '意外险': '有恶性倾向：延期'}"
既往有结节，后期提供资料显示结节消失,肺结节.txt,"{'诊断': '既往有结节，后期提供资料显示结节消失', '病情现状': '既往有结节，后期提供资料显示结节消失', '': '既往有结节，后期提供资料显示结节消失', '检查项目': '结合既往与当前影像资料和连续完整病例资料，判断资料真实后下下结论。', '项目结果': '情况真实', '重疾险': '标体', '防癌险': '标体', '护理险': '标体', '医疗险': '标体', '意外险': '标体'}"
心律失常,心血管疾病.txt,"{'诊断': '心律失常', '': '窦性心动过速', '检查项目': '病历，心电图、动态心电图、心脏超声（如有）', '结果/现状': '无心脏病史，目前已缓解', '重疾险': '标体', '防癌险': '标体', '护理险': '标体', '医疗险': '标体', '意外险': '标体', '备注': ''}"
心律失常,心血管疾病.txt,"{'诊断': '心律失常', '': '窦性心动过速', '检查项目': '病历，心电图、动态心电图、心脏超声（如有）', '结果/现状': '无心脏病史，现症，心率不超过110次/分钟', '重疾险': '标体', '防癌险': '标体', '护理险': '标体', '医疗险': '除外', '意外险': '标体', '备注': ''}"
心律失常,心血管疾病.txt,"{'诊断': '心律失常', '': '窦性心动过速', '检查项目': '病历，心电图、动态心电图、心脏超声（如有）', '结果/现状': '无心脏病史，现症，心率超过110次/分钟', '重疾险': '延期', '防癌险': '标体', '护理险': '标体', '医疗险': '延期', '意外险': '标体', '备注': ''}"
心律失常,心血管疾病.txt,"{'诊断': '心律失常', '': '窦性心动过速', '检查项目': '病历，心电图、动态心电图、心脏超声（如有）', '结果/现状': '存在固有心脏病', '重疾险': '按病因评点', '防癌险': '按病因评点', '护理险': '按病因评点', '医疗险': '按病因评点', '意外险': '按病因评点', '备注': ''}"
心律失常,心血管疾病.txt,"{'诊断': '心律失常', '': '窦性心动过缓', '检查项目': '病历，心电图、动态心电图、心脏超声（如有）', '结果/现状': '无心脏病史，目前已缓解', '重疾险': '标体', '防癌险': '标体', '护理险': '标体', '医疗险': '标体', '意外险': '标体', '备注': ''}"
心律失常,心血管疾病.txt,"{'诊断': '心律失常', '': '窦性心动过缓', '检查项目': '病历，心电图、动态心电图、心脏超声（如有）', '结果/现状': '无心脏病史，现症，心率不低于50次/分钟', '重疾险': '标体', '防癌险': '标体', '护理险': '标体', '医疗险': '除外', '意外险': '标体', '备注': ''}"
心律失常,心血管疾病.txt,"{'诊断': '心律失常', '': '窦性心动过缓', '检查项目': '病历，心电图、动态心电图、心脏超声（如有）', '结果/现状': '无心脏病史，现症，心率40-49次/分钟', '重疾险': '延期', '防癌险': '标体', '护理险': '标体', '医疗险': '延期', '意外险': '标体', '备注': ''}"
心律失常,心血管疾病.txt,"{'诊断': '心律失常', '': '窦性心动过缓', '检查项目': '病历，心电图、动态心电图、心脏超声（如有）', '结果/现状': '无心脏病史，现症，心率低于40次/分钟', '重疾险': '延期', '防癌险': '延期', '护理险': '延期', '医疗险': '延期', '意外险': '延期', '备注': ''}"
心律失常,心血管疾病.txt,"{'诊断': '心律失常', '': '窦性心动过缓', '检查项目': '病历，心电图、动态心电图、心脏超声（如有）', '结果/现状': '存在固有心脏病', '重疾险': '按病因评点', '防癌险': '按病因评点', '护理险': '按病因评点', '医疗险': '按病因评点', '意外险': '按病因评点', '备注': ''}"
心律失常,心血管疾病.txt,"{'诊断': '心律失常', '': '房性早搏', '检查项目': '病历，心电图、动态心电图、心脏超声（如有）', '结果/现状': '单纯性房性早搏，无固有心脏病', '重疾险': '标体', '防癌险': '标体', '护理险': '标体', '医疗险': '除外', '意外险': '标体', '备注': ''}"
心律失常,心血管疾病.txt,"{'诊断': '心律失常', '': '房性早搏', '检查项目': '病历，心电图、动态心电图、心脏超声（如有）', '结果/现状': '存在固有心脏病', '重疾险': '按病因评点', '防癌险': '按病因评点', '护理险': '按病因评点', '医疗险': '按病因评点', '意外险': '按病因评点', '备注': ''}"
心律失常,心血管疾病.txt,"{'诊断': '心律失常', '': '室性早搏', '检查项目': '病历，心电图、动态心电图、心脏超声（如有）', '结果/现状': '单源性室早，≤5次/分', '重疾险': '标体', '防癌险': '标体', '护理险': '标体', '医疗险': '除外', '意外险': '标体', '备注': ''}"
心律失常,心血管疾病.txt,"{'诊断': '心律失常', '': '室性早搏', '检查项目': '病历，心电图、动态心电图、心脏超声（如有）', '结果/现状': '单源性室早，≥6次/分', '重疾险': '延期', '防癌险': '标体', '护理险': '标体', '医疗险': '延期', '意外险': '标体', '备注': ''}"
心律失常,心血管疾病.txt,"{'诊断': '心律失常', '': '室性早搏', '检查项目': '病历，心电图、动态心电图、心脏超声（如有）', '结果/现状': '多源性室早或者成对室早或者室早二/三联律', '重疾险': '延期', '防癌险': '延期', '护理险': '延期', '医疗险': '延期', '意外险': '延期', '备注': ''}"
心律失常,心血管疾病.txt,"{'诊断': '心律失常', '': '室性早搏', '检查项目': '病历，心电图、动态心电图、心脏超声（如有）', '结果/现状': '既往病史，不存在固有心脏病，已痊愈超过1年', '重疾险': '标体', '防癌险': '标体', '护理险': '标体', '医疗险': '标体\n如发作次数较多的，可考虑除外', '意外险': '标体', '备注': ''}"
心律失常,心血管疾病.txt,"{'诊断': '心律失常', '': '室性早搏', '检查项目': '病历，心电图、动态心电图、心脏超声（如有）', '结果/现状': '存在固有心脏病', '重疾险': '按病因评点', '防癌险': '按病因评点', '护理险': '按病因评点', '医疗险': '按病因评点', '意外险': '按病因评点', '备注': ''}"
心律失常,心血管疾病.txt,"{'诊断': '心律失常', '': '房速/阵发性室上性心动过速', '检查项目': '体检中发现，未经医生全面检查', '结果/现状': '', '重疾险': '延期', '防癌险': '延期', '护理险': '延期', '医疗险': '延期', '意外险': '延期', '备注': '存在室性心动过速、多源、持续多源性、与地高辛中毒有关的房性心动过速，拒保'}"
心律失常,心血管疾病.txt,"{'诊断': '心律失常', '': '房速/阵发性室上性心动过速', '检查项目': '心内科医生检查（平板运动试验、超声、电生理刺激或检查）', '结果/现状': '排除固有心脏病、单次发作，痊愈超过3个月的', '重疾险': '标体', '防癌险': '标体', '护理险': '标体', '医疗险': '除外', '意外险': '标体', '备注': '存在室性心动过速、多源、持续多源性、与地高辛中毒有关的房性心动过速，拒保'}"
心律失常,心血管疾病.txt,"{'诊断': '心律失常', '': '房速/阵发性室上性心动过速', '检查项目': '心内科医生检查（平板运动试验、超声、电生理刺激或检查）', '结果/现状': '发作次数超过3次', '重疾险': '延期2年', '防癌险': '延期6个月', '护理险': '延期6个月', '医疗险': '延期4年', '意外险': '延期6个月', '备注': '存在室性心动过速、多源、持续多源性、与地高辛中毒有关的房性心动过速，拒保'}"
心律失常,心血管疾病.txt,"{'诊断': '心律失常', '': '房速/阵发性室上性心动过速', '检查项目': '心内科医生检查（平板运动试验、超声、电生理刺激或检查）', '结果/现状': '无固有心脏病，已做射频消融术，心电图近12个月无异常。', '重疾险': '正常', '防癌险': '标体', '护理险': '标体', '医疗险': '除外', '意外险': '标体', '备注': '存在室性心动过速、多源、持续多源性、与地高辛中毒有关的房性心动过速，拒保'}"
心律失常,心血管疾病.txt,"{'诊断': '心律失常', '': '房速/阵发性室上性心动过速', '检查项目': '心内科医生检查（平板运动试验、超声、电生理刺激或检查）', '结果/现状': '存在固有心脏病', '重疾险': '按病因评点', '防癌险': '按病因评点', '护理险': '按病因评点', '医疗险': '按病因评点', '意外险': '按病因评点', '备注': '存在室性心动过速、多源、持续多源性、与地高辛中毒有关的房性心动过速，拒保'}"
心律失常,心血管疾病.txt,"{'诊断': '心律失常', '': '房扑、房颤', '检查项目': '完整病历、心电图、心脏超声、心肌酶', '结果/现状': '现症', '重疾险': '拒保', '防癌险': '拒保', '护理险': '拒保', '医疗险': '拒保', '意外险': '拒保', '备注': ''}"
心律失常,心血管疾病.txt,"{'诊断': '心律失常', '': '房扑、房颤', '检查项目': '完整病历、心电图、心脏超声、心肌酶', '结果/现状': '排除固有心脏病、已做射频消融术，心电图近12个月无异常。', '重疾险': '拒保', '防癌险': '标体', '护理险': '标体', '医疗险': '拒保', '意外险': '标体', '备注': ''}"
心律失常,心血管疾病.txt,"{'诊断': '心律失常', '': '游走节律点', '检查项目': '心电图、动态心电图（选）、心脏彩超', '结果/现状': '有病史，检查结果无异常，经临床医生全面检查并确诊游走性心律', '重疾险': '标体', '防癌险': '标体', '护理险': '标体', '医疗险': '除外责任', '意外险': '标体', '备注': ''}"
心律失常,心血管疾病.txt,"{'诊断': '心律失常', '': '室性心动过速\n病态窦房结综合征', '检查项目': '', '结果/现状': '', '重疾险': '拒保', '防癌险': '拒保', '护理险': '拒保', '医疗险': '拒保', '意外险': '拒保', '备注': ''}"
心律失常,心血管疾病.txt,"{'诊断': '心律失常', '': '预激综合征', '检查项目': '病历、心电图、holter，心脏超声', '结果/现状': '体检常规心电图时偶然发现，既往无此诊断，无任何症状', '重疾险': '标体', '防癌险': '标体', '护理险': '标体', '医疗险': '一、若已行治疗，超过1年无复发且无房速、室速、房颤，可考虑标准体承保\n二、其他情况均拒保', '意外险': '标体', '备注': ''}"
心律失常,心血管疾病.txt,"{'诊断': '心律失常', '': '预激综合征', '检查项目': '病历、心电图、holter，心脏超声', '结果/现状': '存在其他心律失常', '重疾险': '依据疾病审核', '防癌险': '', '护理险': '', '医疗险': '一、若已行治疗，超过1年无复发且无房速、室速、房颤，可考虑标准体承保\n二、其他情况均拒保', '意外险': '', '备注': ''}"
心律失常,心血管疾病.txt,"{'诊断': '心律失常', '': '预激综合征', '检查项目': '病历、心电图、holter，心脏超声', '结果/现状': '房性心动过速，已行射频消融手术一年无复发', '重疾险': '标体', '防癌险': '标体', '护理险': '标体', '医疗险': '一、若已行治疗，超过1年无复发且无房速、室速、房颤，可考虑标准体承保\n二、其他情况均拒保', '意外险': '标体', '备注': ''}"
心律失常,心血管疾病.txt,"{'诊断': '心律失常', '': '房室传导阻滞', '检查项目': '就诊病历、心脏彩超、心电图（24小时动态心电图）', '结果/现状': '1度房室传导阻滞，无心脏疾病，偶然发现，无症状，全面检查结果正常\nPR间期≤0.39秒', '重疾险': '标体', '防癌险': '标体', '护理险': '标体', '医疗险': '标体', '意外险': '标体', '备注': '有器质性心脏病史者，需加重评点'}"
心律失常,心血管疾病.txt,"{'诊断': '心律失常', '': '房室传导阻滞', '检查项目': '就诊病历、心脏彩超、心电图（24小时动态心电图）', '结果/现状': '1度房室传导阻滞，无心脏疾病，偶然发现，无症状，全面检查结果正常\nPR间期≥0.4秒', '重疾险': '延期', '防癌险': '延期', '护理险': '标体', '医疗险': '延期', '意外险': '标体', '备注': '有器质性心脏病史者，需加重评点'}"
心律失常,心血管疾病.txt,"{'诊断': '心律失常', '': '房室传导阻滞', '检查项目': '就诊病历、心脏彩超、心电图（24小时动态心电图）', '结果/现状': '2度1型（文氏现象）', '重疾险': '标体', '防癌险': '标体', '护理险': '标体', '医疗险': '拒保', '意外险': '标体', '备注': '有器质性心脏病史者，需加重评点'}"
心律失常,心血管疾病.txt,"{'诊断': '心律失常', '': '房室传导阻滞', '检查项目': '就诊病历、心脏彩超、心电图（24小时动态心电图）', '结果/现状': '2度2型', '重疾险': '拒保', '防癌险': '拒保', '护理险': '标体', '医疗险': '拒保', '意外险': '标体', '备注': '有器质性心脏病史者，需加重评点'}"
心律失常,心血管疾病.txt,"{'诊断': '心律失常', '': '房室传导阻滞', '检查项目': '就诊病历、心脏彩超、心电图（24小时动态心电图）', '结果/现状': '3度', '重疾险': '拒保', '防癌险': '拒保', '护理险': '标体', '医疗险': '拒保', '意外险': '标体', '备注': '有器质性心脏病史者，需加重评点'}"
心律失常,心血管疾病.txt,"{'诊断': '心律失常', '': '室内传导阻滞', '检查项目': '就诊病历、心脏彩超、心电图（24小时动态心电图）', '结果/现状': '不完右右束支传导阻滞', '重疾险': '标体', '防癌险': '标体', '护理险': '标体', '医疗险': '除外', '意外险': '标体', '备注': '有器质性心脏病史者，需加重评点'}"
心律失常,心血管疾病.txt,"{'诊断': '心律失常', '': '室内传导阻滞', '检查项目': '就诊病历、心脏彩超、心电图（24小时动态心电图）', '结果/现状': '完全性右束支传导阻滞', '重疾险': '标体', '防癌险': '标体', '护理险': '标体', '医疗险': '除外', '意外险': '标体', '备注': '有器质性心脏病史者，需加重评点'}"
心律失常,心血管疾病.txt,"{'诊断': '心律失常', '': '室内传导阻滞', '检查项目': '就诊病历、心脏彩超、心电图（24小时动态心电图）', '结果/现状': '左前分支传导阻滞', '重疾险': '标体', '防癌险': '标体', '护理险': '标体', '医疗险': '除外', '意外险': '标体', '备注': '有器质性心脏病史者，需加重评点'}"
心律失常,心血管疾病.txt,"{'诊断': '心律失常', '': '室内传导阻滞', '检查项目': '就诊病历、心脏彩超、心电图（24小时动态心电图）', '结果/现状': '左后分支传导阻滞', '重疾险': '标体', '防癌险': '标体', '护理险': '标体', '医疗险': '除外', '意外险': '标体', '备注': '有器质性心脏病史者，需加重评点'}"
心律失常,心血管疾病.txt,"{'诊断': '心律失常', '': '室内传导阻滞', '检查项目': '就诊病历、心脏彩超、心电图（24小时动态心电图）', '结果/现状': '不完全性左束支传导阻滞', '重疾险': '标体', '防癌险': '标体', '护理险': '标体', '医疗险': '除外', '意外险': '标体', '备注': '有器质性心脏病史者，需加重评点'}"
心律失常,心血管疾病.txt,"{'诊断': '心律失常', '': '室内传导阻滞', '检查项目': '就诊病历、心脏彩超、心电图（24小时动态心电图）', '结果/现状': '完全性左束支传导阻滞', '重疾险': '拒保', '防癌险': '拒保', '护理险': '标体', '医疗险': '拒保', '意外险': '标体', '备注': '有器质性心脏病史者，需加重评点'}"
心律失常,心血管疾病.txt,"{'诊断': '心律失常', '': '室内传导阻滞', '检查项目': '就诊病历、心脏彩超、心电图（24小时动态心电图）', '结果/现状': '合并多束支传导阻滞', '重疾险': '拒保', '防癌险': '拒保', '护理险': '标体', '医疗险': '拒保', '意外险': '标体', '备注': '有器质性心脏病史者，需加重评点'}"
心律失常,心血管疾病.txt,"{'诊断': '心律失常', '': '室速、室颤', '检查项目': '', '结果/现状': '', '重疾险': '拒保', '防癌险': '拒保', '护理险': '拒保', '医疗险': '拒保', '意外险': '拒保', '备注': '有器质性心脏病史者，需加重评点'}"
心包炎/心包积液,心血管疾病.txt,"{'诊断': '心包炎/心包积液', '': '病毒性或特发性心包炎', '检查项目': '心脏超声、心电图、心肌酶', '结果/现状': '单次发作，痊愈超过6个月，检查正常', '重疾险': '标体', '防癌险': '标体', '护理险': '标体', '医疗险': '标体', '意外险': '标体', '备注': ''}"
心包炎/心包积液,心血管疾病.txt,"{'诊断': '心包炎/心包积液', '': '病毒性或特发性心包炎', '检查项目': '心脏超声、心电图、心肌酶', '结果/现状': '复发或多次发作', '重疾险': '拒保', '防癌险': '拒保', '护理险': '拒保', '医疗险': '拒保', '意外险': '标体', '备注': ''}"
心包炎/心包积液,心血管疾病.txt,"{'诊断': '心包炎/心包积液', '': '其他类型（缩窄性心包炎、填塞性心包炎、继发性心包炎或伴有并发症）', '检查项目': '其他类型（缩窄性心包炎、填塞性心包炎、继发性心包炎或伴有并发症）', '结果/现状': '其他类型（缩窄性心包炎、填塞性心包炎、继发性心包炎或伴有并发症）', '重疾险': '拒保', '防癌险': '拒保', '护理险': '拒保', '医疗险': '拒保', '意外险': '标体', '备注': ''}"
心肌炎,心血管疾病.txt,"{'诊断': '心肌炎', '': '病毒性或特发性心肌炎', '检查项目': '心脏超声、心电图、心肌酶', '结果/现状': '无并发症，单次发作，痊愈超过3个月，检查正常', '重疾险': '标体', '防癌险': '标体', '护理险': '标体', '医疗险': '标体', '意外险': '标体', '备注': ''}"
心肌炎,心血管疾病.txt,"{'诊断': '心肌炎', '': '病毒性或特发性心肌炎', '检查项目': '心脏超声、心电图、心肌酶', '结果/现状': '无并发症，一次以上发作，痊愈超过2年以上，检查正常', '重疾险': '标体', '防癌险': '标体', '护理险': '标体', '医疗险': '标体', '意外险': '标体', '备注': ''}"
心肌炎,心血管疾病.txt,"{'诊断': '心肌炎', '': '病毒性或特发性心肌炎', '检查项目': '心脏超声、心电图、心肌酶', '结果/现状': '有并发症', '重疾险': '拒保', '防癌险': '拒保', '护理险': '拒保', '医疗险': '拒保', '意外险': '拒保', '备注': ''}"
心肌炎,心血管疾病.txt,"{'诊断': '心肌炎', '': '继发性心肌炎（HIV感染、风湿热、药物或放射诱发、心脏手术）', '检查项目': '继发性心肌炎（HIV感染、风湿热、药物或放射诱发、心脏手术）', '结果/现状': '继发性心肌炎（HIV感染、风湿热、药物或放射诱发、心脏手术）', '重疾险': '拒保', '防癌险': '拒保', '护理险': '拒保', '医疗险': '拒保', '意外险': '拒保', '备注': ''}"
心内膜炎,心血管疾病.txt,"{'诊断': '心内膜炎', '': '无并发症（栓塞、卒中、真菌感染、瓣膜或心脏结构异常等）', '检查项目': '无并发症（栓塞、卒中、真菌感染、瓣膜或心脏结构异常等）', '结果/现状': '无并发症（栓塞、卒中、真菌感染、瓣膜或心脏结构异常等）', '重疾险': '拒保', '防癌险': '标体', '护理险': '标体', '医疗险': '拒保', '意外险': '标体', '备注': ''}"
心内膜炎,心血管疾病.txt,"{'诊断': '心内膜炎', '': '有并发症', '检查项目': '有并发症', '结果/现状': '有并发症', '重疾险': '拒保', '防癌险': '拒保', '护理险': '拒保', '医疗险': '拒保', '意外险': '拒保', '备注': ''}"
扩张性心肌病,心血管疾病.txt,"{'诊断': '扩张性心肌病', '': '特发性', '检查项目': '完整病历、心电图、心脏超声、心肌酶', '结果/现状': '完全痊愈且停止治疗2年以上，心电图及心脏超声检查正常，无症状', '重疾险': '拒保', '防癌险': '拒保', '护理险': '标体', '医疗险': '拒保', '意外险': '标体', '备注': ''}"
扩张性心肌病,心血管疾病.txt,"{'诊断': '扩张性心肌病', '': '酒精性', '检查项目': '酒精性', '结果/现状': '酒精性', '重疾险': '拒保', '防癌险': '拒保', '护理险': '拒保', '医疗险': '拒保', '意外险': '拒保', '备注': ''}"
肥厚性心肌病、限制性心肌病、非致密化心肌病、致心律失常性心肌病等,心血管疾病.txt,"{'诊断': '肥厚性心肌病、限制性心肌病、非致密化心肌病、致心律失常性心肌病等', '': '肥厚性心肌病、限制性心肌病、非致密化心肌病、致心律失常性心肌病等', '检查项目': '肥厚性心肌病、限制性心肌病、非致密化心肌病、致心律失常性心肌病等', '结果/现状': '肥厚性心肌病、限制性心肌病、非致密化心肌病、致心律失常性心肌病等', '重疾险': '拒保', '防癌险': '拒保', '护理险': '拒保', '医疗险': '拒保', '意外险': '标体', '备注': ''}"
心肌病家族史,心血管疾病.txt,"{'诊断': '心肌病家族史', '': '肥厚性心肌病家族史，一级亲属患病，本人未发病', '检查项目': '超声心动、心脏MR、心电图', '结果/现状': '无检查', '重疾险': '延期', '防癌险': '延期', '护理险': '延期', '医疗险': '延期', '意外险': '延期', '备注': ''}"
心肌病家族史,心血管疾病.txt,"{'诊断': '心肌病家族史', '': '肥厚性心肌病家族史，一级亲属患病，本人未发病', '检查项目': '超声心动、心脏MR、心电图', '结果/现状': '5年以内检查正常，年龄≤50岁', '重疾险': '除外', '防癌险': '标体', '护理险': '标体', '医疗险': '除外', '意外险': '标体', '备注': ''}"
心肌病家族史,心血管疾病.txt,"{'诊断': '心肌病家族史', '': '肥厚性心肌病家族史，一级亲属患病，本人未发病', '检查项目': '超声心动、心脏MR、心电图', '结果/现状': '5年以内检查正常，年龄＞50岁', '重疾险': '标体', '防癌险': '标体', '护理险': '标体', '医疗险': '除外', '意外险': '标体', '备注': ''}"
心肌病家族史,心血管疾病.txt,"{'诊断': '心肌病家族史', '': '其余类型', '检查项目': '其余类型', '结果/现状': '其余类型', '重疾险': '拒保', '防癌险': '拒保', '护理险': '拒保', '医疗险': '拒保', '意外险': '标体', '备注': ''}"
房间隔缺损,心血管疾病.txt,"{'诊断': '房间隔缺损', '': '未接受介入治疗，无症状或无心律失常', '检查项目': '完整病历、心电图、心脏超声', '结果/现状': '极轻微（即，无症状，心电图未显示心律失常，心房和心室尺寸正常，分流 < 1.5:1，肺动脉血压 < 35 mmHg）', '重疾险': '标体', '防癌险': '标体', '护理险': '标体', '医疗险': '除外', '意外险': '标体', '备注': ''}"
房间隔缺损,心血管疾病.txt,"{'诊断': '房间隔缺损', '': '未接受介入治疗，无症状或无心律失常', '检查项目': '完整病历、心电图、心脏超声', '结果/现状': '轻度（即，轻度运动耐量不足，心电图未显示心律失常，心房和心室尺寸正常，分流为 1.5:1，肺动脉血压 35-44 mmHg）', '重疾险': '拒保', '防癌险': '标体', '护理险': '标体', '医疗险': '拒保', '意外险': '标体', '备注': ''}"
房间隔缺损,心血管疾病.txt,"{'诊断': '房间隔缺损', '': '未接受介入治疗，无症状或无心律失常', '检查项目': '完整病历、心电图、心脏超声', '结果/现状': '中度（即，中度运动耐量不足，心电图显示偶发性房性心律失常或右束支传导阻滞，轻度/中度右/左心房扩大，分流为 1.6-1.9:1，肺动脉血压 45 至 49 mmHg）', '重疾险': '拒保', '防癌险': '拒保', '护理险': '40岁以下拒保\n40岁以上标体', '医疗险': '拒保', '意外险': '标体', '备注': ''}"
房间隔缺损,心血管疾病.txt,"{'诊断': '房间隔缺损', '': '未接受介入治疗，无症状或无心律失常', '检查项目': '完整病历、心电图、心脏超声', '结果/现状': '重度（即，有右心室衰竭的症状，心电图显示频发性房性心律失常或右心室肥大，重度右/左心房扩大，分流 ≥ 2.0:1，肺动脉血压 ≥ 50 mmHg）', '重疾险': '拒保', '防癌险': '拒保', '护理险': '拒保', '医疗险': '拒保', '意外险': '标体', '备注': ''}"
房间隔缺损,心血管疾病.txt,"{'诊断': '房间隔缺损', '': '手术后', '检查项目': '完整病历、心电图、心脏超声', '结果/现状': '手术后超过1年，完全恢复正常', '重疾险': '标体', '防癌险': '标体', '护理险': '标体', '医疗险': '除外', '意外险': '标体', '备注': ''}"
房间隔缺损,心血管疾病.txt,"{'诊断': '房间隔缺损', '': '艾林门格氏综合征、合并有栓塞性卒中既往史等，拒保', '检查项目': '艾林门格氏综合征、合并有栓塞性卒中既往史等，拒保', '结果/现状': '艾林门格氏综合征、合并有栓塞性卒中既往史等，拒保', '重疾险': '艾林门格氏综合征、合并有栓塞性卒中既往史等，拒保', '防癌险': '艾林门格氏综合征、合并有栓塞性卒中既往史等，拒保', '护理险': '艾林门格氏综合征、合并有栓塞性卒中既往史等，拒保', '医疗险': '艾林门格氏综合征、合并有栓塞性卒中既往史等，拒保', '意外险': '艾林门格氏综合征、合并有栓塞性卒中既往史等，拒保', '备注': ''}"
室间隔缺损,心血管疾病.txt,"{'诊断': '室间隔缺损', '': '未经受过手术', '检查项目': '完整病历、心电图、心脏超声', '结果/现状': '无症状，不超过中度（中度运动耐受不良，心电图示早期 ST-T 改变，分流量 1.6 至 1.9:1, 肺动脉收缩压 31-39 mmHg）', '重疾险': '拒保', '防癌险': '标体', '护理险': '标体', '医疗险': '拒保', '意外险': '标体', '备注': ''}"
室间隔缺损,心血管疾病.txt,"{'诊断': '室间隔缺损', '': '未经受过手术', '检查项目': '完整病历、心电图、心脏超声', '结果/现状': '有症状或超过中度', '重疾险': '拒保', '防癌险': '拒保', '护理险': '拒保', '医疗险': '拒保', '意外险': '', '备注': ''}"
室间隔缺损,心血管疾病.txt,"{'诊断': '室间隔缺损', '': '手术后', '检查项目': '完整病历、心电图、心脏超声', '结果/现状': '手术后超过1年，完全恢复正常', '重疾险': '标体', '防癌险': '标体', '护理险': '标体', '医疗险': '除外', '意外险': '标体', '备注': ''}"
室间隔缺损,心血管疾病.txt,"{'诊断': '室间隔缺损', '': '艾林门格氏综合征、合并有栓塞性卒中既往史等，拒保', '检查项目': '艾林门格氏综合征、合并有栓塞性卒中既往史等，拒保', '结果/现状': '艾林门格氏综合征、合并有栓塞性卒中既往史等，拒保', '重疾险': '艾林门格氏综合征、合并有栓塞性卒中既往史等，拒保', '防癌险': '艾林门格氏综合征、合并有栓塞性卒中既往史等，拒保', '护理险': '艾林门格氏综合征、合并有栓塞性卒中既往史等，拒保', '医疗险': '艾林门格氏综合征、合并有栓塞性卒中既往史等，拒保', '意外险': '艾林门格氏综合征、合并有栓塞性卒中既往史等，拒保', '备注': ''}"
二尖瓣/三尖瓣,心血管疾病.txt,"{'诊断': '二尖瓣/三尖瓣', '': '未手术的狭窄', '检查项目': '完整病历、心电图、心脏超声', '结果/现状': '轻度（即无症状、心电图正常、平均跨瓣压差＜ 4 mmHG、心腔大小正常）', '重疾险': '拒保', '防癌险': '标体', '护理险': '标体', '医疗险': '拒保', '意外险': '标体', '备注': ''}"
二尖瓣/三尖瓣,心血管疾病.txt,"{'诊断': '二尖瓣/三尖瓣', '': '未手术的狭窄', '检查项目': '完整病历、心电图、心脏超声', '结果/现状': '中-重度', '重疾险': '拒保', '防癌险': '拒保', '护理险': '拒保', '医疗险': '拒保', '意外险': '标体', '备注': ''}"
二尖瓣/三尖瓣,心血管疾病.txt,"{'诊断': '二尖瓣/三尖瓣', '': '未手术的返流（关闭不全）', '检查项目': '完整病历、心电图、心脏超声', '结果/现状': '有症状（如运动耐受不良、气促、易疲劳）', '重疾险': '拒保', '防癌险': '拒保', '护理险': '拒保', '医疗险': '拒保', '意外险': '标体', '备注': ''}"
二尖瓣/三尖瓣,心血管疾病.txt,"{'诊断': '二尖瓣/三尖瓣', '': '未手术的返流（关闭不全）', '检查项目': '完整病历、心电图、心脏超声', '结果/现状': '无症状，轻微/轻度，瓣膜面积和功能正常', '重疾险': '标体', '防癌险': '标体', '护理险': '标体', '医疗险': '除外', '意外险': '标体', '备注': ''}"
二尖瓣/三尖瓣,心血管疾病.txt,"{'诊断': '二尖瓣/三尖瓣', '': '未手术的返流（关闭不全）', '检查项目': '完整病历、心电图、心脏超声', '结果/现状': '无症状，中度（即 LVEDD < 55 mm、LVESD < 45 mm、左心房大小轻度增加）', '重疾险': '拒保', '防癌险': '拒保', '护理险': '40岁以下拒保\n40岁以上标体', '医疗险': '拒保', '意外险': '标体', '备注': ''}"
二尖瓣/三尖瓣,心血管疾病.txt,"{'诊断': '二尖瓣/三尖瓣', '': '未手术的返流（关闭不全）', '检查项目': '完整病历、心电图、心脏超声', '结果/现状': '无症状，超过中度', '重疾险': '拒保', '防癌险': '拒保', '护理险': '拒保', '医疗险': '拒保', '意外险': '标体', '备注': ''}"
二尖瓣/三尖瓣,心血管疾病.txt,"{'诊断': '二尖瓣/三尖瓣', '': '手术（成形术或修复术）后的狭窄或返流', '检查项目': '完整病历、心电图、心脏超声', '结果/现状': '术后＜6个月', '重疾险': '拒保', '防癌险': '延期', '护理险': '延期', '医疗险': '延期', '意外险': '延期', '备注': ''}"
二尖瓣/三尖瓣,心血管疾病.txt,"{'诊断': '二尖瓣/三尖瓣', '': '手术（成形术或修复术）后的狭窄或返流', '检查项目': '完整病历、心电图、心脏超声', '结果/现状': '6个月以上、有不超过轻度的术后二尖瓣反流', '重疾险': '拒保', '防癌险': '拒保', '护理险': '40岁以下拒保\n40岁以上标体', '医疗险': '拒保', '意外险': '标体', '备注': ''}"
二尖瓣/三尖瓣,心血管疾病.txt,"{'诊断': '二尖瓣/三尖瓣', '': '手术（成形术或修复术）后的狭窄或返流', '检查项目': '完整病历、心电图、心脏超声', '结果/现状': '超过轻度的术后二尖瓣反流或其他手术方式', '重疾险': '拒保', '防癌险': '拒保', '护理险': '拒保', '医疗险': '拒保', '意外险': '标体', '备注': ''}"
二尖瓣/三尖瓣,心血管疾病.txt,"{'诊断': '二尖瓣/三尖瓣', '': '如合并有房颤、心衰、左心室射血分数 < 50%、收缩期肺动脉压升高 (> 40 mmHg)、冠心病、糖尿病、慢阻肺者，则拒保', '检查项目': '如合并有房颤、心衰、左心室射血分数 < 50%、收缩期肺动脉压升高 (> 40 mmHg)、冠心病、糖尿病、慢阻肺者，则拒保', '结果/现状': '如合并有房颤、心衰、左心室射血分数 < 50%、收缩期肺动脉压升高 (> 40 mmHg)、冠心病、糖尿病、慢阻肺者，则拒保', '重疾险': '如合并有房颤、心衰、左心室射血分数 < 50%、收缩期肺动脉压升高 (> 40 mmHg)、冠心病、糖尿病、慢阻肺者，则拒保', '防癌险': '如合并有房颤、心衰、左心室射血分数 < 50%、收缩期肺动脉压升高 (> 40 mmHg)、冠心病、糖尿病、慢阻肺者，则拒保', '护理险': '如合并有房颤、心衰、左心室射血分数 < 50%、收缩期肺动脉压升高 (> 40 mmHg)、冠心病、糖尿病、慢阻肺者，则拒保', '医疗险': '如合并有房颤、心衰、左心室射血分数 < 50%、收缩期肺动脉压升高 (> 40 mmHg)、冠心病、糖尿病、慢阻肺者，则拒保', '意外险': '如合并有房颤、心衰、左心室射血分数 < 50%、收缩期肺动脉压升高 (> 40 mmHg)、冠心病、糖尿病、慢阻肺者，则拒保', '备注': ''}"
主动脉瓣疾病,心血管疾病.txt,"{'诊断': '主动脉瓣疾病', '': '未手术的狭窄', '检查项目': '完整病历、心电图、心脏超声', '结果/现状': '', '重疾险': '拒保', '防癌险': '拒保', '护理险': '拒保', '医疗险': '拒保', '意外险': '标体', '备注': ''}"
主动脉瓣疾病,心血管疾病.txt,"{'诊断': '主动脉瓣疾病', '': '未手术的返流（关闭不全）', '检查项目': '完整病历、心电图、心脏超声', '结果/现状': '轻微的', '重疾险': '除外', '防癌险': '标体', '护理险': '标体', '医疗险': '拒保', '意外险': '标体', '备注': ''}"
主动脉瓣疾病,心血管疾病.txt,"{'诊断': '主动脉瓣疾病', '': '未手术的返流（关闭不全）', '检查项目': '完整病历、心电图、心脏超声', '结果/现状': '轻度', '重疾险': '拒保', '防癌险': '标体', '护理险': '标体', '医疗险': '拒保', '意外险': '标体', '备注': ''}"
主动脉瓣疾病,心血管疾病.txt,"{'诊断': '主动脉瓣疾病', '': '未手术的返流（关闭不全）', '检查项目': '完整病历、心电图、心脏超声', '结果/现状': '中度-重度', '重疾险': '拒保', '防癌险': '拒保', '护理险': '拒保', '医疗险': '拒保', '意外险': '拒保', '备注': ''}"
主动脉瓣疾病,心血管疾病.txt,"{'诊断': '主动脉瓣疾病', '': '其他情况，或合并有房颤、心衰、左心室射血分数 < 50%、收缩期肺动脉压升高 (> 40 mmHg)、冠心病、糖尿病、慢阻肺者，则拒保', '检查项目': '其他情况，或合并有房颤、心衰、左心室射血分数 < 50%、收缩期肺动脉压升高 (> 40 mmHg)、冠心病、糖尿病、慢阻肺者，则拒保', '结果/现状': '其他情况，或合并有房颤、心衰、左心室射血分数 < 50%、收缩期肺动脉压升高 (> 40 mmHg)、冠心病、糖尿病、慢阻肺者，则拒保', '重疾险': '其他情况，或合并有房颤、心衰、左心室射血分数 < 50%、收缩期肺动脉压升高 (> 40 mmHg)、冠心病、糖尿病、慢阻肺者，则拒保', '防癌险': '其他情况，或合并有房颤、心衰、左心室射血分数 < 50%、收缩期肺动脉压升高 (> 40 mmHg)、冠心病、糖尿病、慢阻肺者，则拒保', '护理险': '其他情况，或合并有房颤、心衰、左心室射血分数 < 50%、收缩期肺动脉压升高 (> 40 mmHg)、冠心病、糖尿病、慢阻肺者，则拒保', '医疗险': '其他情况，或合并有房颤、心衰、左心室射血分数 < 50%、收缩期肺动脉压升高 (> 40 mmHg)、冠心病、糖尿病、慢阻肺者，则拒保', '意外险': '其他情况，或合并有房颤、心衰、左心室射血分数 < 50%、收缩期肺动脉压升高 (> 40 mmHg)、冠心病、糖尿病、慢阻肺者，则拒保', '备注': ''}"
肺动脉瓣疾病,心血管疾病.txt,"{'诊断': '肺动脉瓣疾病', '': '返流', '检查项目': '完整病历、心电图、心脏超声', '结果/现状': '无肺动脉高压、无手术，偶然发现，无症状，无相关病因', '重疾险': '标体', '防癌险': '标体', '护理险': '标体', '医疗险': '除外', '意外险': '标体', '备注': ''}"
心脏肥大/增大/扩大,心血管疾病.txt,"{'诊断': '心脏肥大/增大/扩大', '': '心脏肥大/增大/扩大', '检查项目': '心脏肥大/增大/扩大', '结果/现状': '心脏肥大/增大/扩大', '重疾险': '拒保', '防癌险': '拒保', '护理险': '拒保', '医疗险': '拒保', '意外险': '标体', '备注': ''}"
其他心脏结构异常,心血管疾病.txt,"{'诊断': '其他心脏结构异常', '': '其他心脏结构异常', '检查项目': '其他心脏结构异常', '结果/现状': '其他心脏结构异常', '重疾险': '拒保', '防癌险': '拒保', '护理险': '拒保', '医疗险': '拒保', '意外险': '标体', '备注': ''}"
血压升高,血压高.txt,"{'诊断': '血压升高', '病情现状': '诊断高血压', '照会资料': '就诊病历、近期体检报告、高血压问卷：询问是否有：糖尿病、蛋白尿、高血压肾病、高血压性视网膜病变、左心室肥厚等\n其他参考资料（视情况照会提交）：动态血压、心脏超声、平板、CTA等', '项目结果': '高血压一级，且无并发症', '重疾险': '依据年龄、血压参考表格中的评点，≤50点者可标体；超出的拒保', '防癌险\n（无身故责任）': '标体', '意外险': '标体', '护理险': '标体', '医疗险': '拒保', '特殊说明': '同时参考体格（BMI）、血脂、血糖等检查结果，如有异常可适当加重评点'}"
血压升高,血压高.txt,"{'诊断': '血压升高', '病情现状': '诊断高血压', '照会资料': '就诊病历、近期体检报告、高血压问卷：询问是否有：糖尿病、蛋白尿、高血压肾病、高血压性视网膜病变、左心室肥厚等\n其他参考资料（视情况照会提交）：动态血压、心脏超声、平板、CTA等', '项目结果': '高血压二级，且无并发症', '重疾险': '拒保', '防癌险\n（无身故责任）': '标体', '意外险': '标体', '护理险': '标体', '医疗险': '拒保', '特殊说明': '同时参考体格（BMI）、血脂、血糖等检查结果，如有异常可适当加重评点'}"
血压升高,血压高.txt,"{'诊断': '血压升高', '病情现状': '诊断高血压', '照会资料': '就诊病历、近期体检报告、高血压问卷：询问是否有：糖尿病、蛋白尿、高血压肾病、高血压性视网膜病变、左心室肥厚等\n其他参考资料（视情况照会提交）：动态血压、心脏超声、平板、CTA等', '项目结果': '高血压三级/很高危/极高危，且无并发症', '重疾险': '拒保', '防癌险\n（无身故责任）': '依据年龄、血压参考表格中的评点，≤150点者可标体，超出的拒保', '意外险': '依据年龄、血压参考表格中的评点，≤150点者可标体，超出的拒保', '护理险': '依据年龄、血压参考表格中的评点，≤150点者可标体，超出的拒保', '医疗险': '拒保', '特殊说明': '同时参考体格（BMI）、血脂、血糖等检查结果，如有异常可适当加重评点'}"
血压升高,血压高.txt,"{'诊断': '血压升高', '病情现状': '诊断高血压', '照会资料': '就诊病历、近期体检报告、高血压问卷：询问是否有：糖尿病、蛋白尿、高血压肾病、高血压性视网膜病变、左心室肥厚等\n其他参考资料（视情况照会提交）：动态血压、心脏超声、平板、CTA等', '项目结果': '有并发症', '重疾险': '拒保', '防癌险\n（无身故责任）': '拒保', '意外险': '拒保', '护理险': '拒保', '医疗险': '拒保', '特殊说明': '同时参考体格（BMI）、血脂、血糖等检查结果，如有异常可适当加重评点'}"
血压升高,血压高.txt,"{'诊断': '血压升高', '病情现状': '体检发现', '照会资料': '历次体检报告，高血压问卷：询问是否有：糖尿病、蛋白尿、高血压肾病、高血压性视网膜病变、左心室肥厚等\n其他参考资料（视情况照会提交）：动态血压、心脏超声、平板、CTA等', '项目结果': '有并发症', '重疾险': '拒保', '防癌险\n（无身故责任）': '拒保', '意外险': '拒保', '护理险': '拒保', '医疗险': '拒保', '特殊说明': '同时参考体格（BMI）、血脂、血糖等检查结果，如有异常可适当加重评点'}"
血压升高,血压高.txt,"{'诊断': '血压升高', '病情现状': '体检发现', '照会资料': '历次体检报告，高血压问卷：询问是否有：糖尿病、蛋白尿、高血压肾病、高血压性视网膜病变、左心室肥厚等\n其他参考资料（视情况照会提交）：动态血压、心脏超声、平板、CTA等', '项目结果': '依据最高一次血压结果进行评估', '重疾险': '依据年龄、血压参考表格中的评点，≤50点者可标体；超出的拒保', '防癌险\n（无身故责任）': '依据年龄、血压参考表格中的评点，≤150点者可标体，超出的拒保', '意外险': '依据年龄、血压参考表格中的评点，≤150点者可标体，超出的拒保', '护理险': '依据年龄、血压参考表格中的评点，≤150点者可标体，超出的拒保', '医疗险': '拒保', '特殊说明': '同时参考体格（BMI）、血脂、血糖等检查结果，如有异常可适当加重评点'}"
病理分类： 乳头状癌、滤泡性癌（55岁以下）,甲状腺癌.txt,"{'诊断': '病理分类： 乳头状癌、滤泡性癌（55岁以下）', '病情现状': '肿瘤≤2cm，无淋巴结及远处转移扩散，治疗结束后1年，甲功正常3个月以上，无复发（提供随诊资料：门诊病历及甲状腺功能等检查报告）。', '体检项目': '体检复查甲状腺超声与既往超声检查结果对比无变化、甲功正常', '项目结果': '与既往超声检查结果对比无变化、甲功正常', '重疾险': '除外责任', '防癌险': '除外责任', '护理险': '标体', '医疗险': '拒保', '意外险': '标体', '特殊说明': '适用于核保政策支持期间；\n其余时间甲状腺癌不能承保'}"
病理分类： 乳头状癌、滤泡性癌（55岁以下）,甲状腺癌.txt,"{'诊断': '病理分类： 乳头状癌、滤泡性癌（55岁以下）', '病情现状': '肿瘤2cm-4cm，无淋巴结及远处转移扩散，治疗结束后3年，甲功正常1年以上，无复发（提供随诊资料：门诊病历及甲状腺功能等检查报告）。', '体检项目': '体检复查甲状腺超声与既往超声检查结果对比无变化、甲功正常', '项目结果': '与既往超声检查结果对比无变化、甲功正常', '重疾险': '除外责任', '防癌险': '除外责任', '护理险': '标体', '医疗险': '拒保', '意外险': '标体', '特殊说明': '适用于核保政策支持期间；\n其余时间甲状腺癌不能承保'}"
病理分类： 乳头状癌、滤泡性癌（55岁以下）,甲状腺癌.txt,"{'诊断': '病理分类： 乳头状癌、滤泡性癌（55岁以下）', '病情现状': '肿瘤<4cm但有淋巴结转移，治疗结束后5年，甲功正常1年以上，无复发（提供随诊资料：门诊病历及甲状腺功能等检查报告）。', '体检项目': '体检复查甲状腺超声与既往超声检查结果对比无变化、甲功正常', '项目结果': '与既往超声检查结果对比无变化、甲功正常', '重疾险': '除外责任', '防癌险': '除外责任', '护理险': '标体', '医疗险': '拒保', '意外险': '标体', '特殊说明': '适用于核保政策支持期间；\n其余时间甲状腺癌不能承保'}"
病理分类： 乳头状癌、滤泡性癌（55岁以下）,甲状腺癌.txt,"{'诊断': '病理分类： 乳头状癌、滤泡性癌（55岁以下）', '病情现状': '肿瘤<4cm但有淋巴结转移，治疗结束后5年，甲功正常1年以上，无复发（提供随诊资料：门诊病历及甲状腺功能等检查报告）。', '体检项目': '体检复查甲状腺超声与既往超声检查结果对比发生了“不能明确性质”的变化。', '项目结果': '与既往超声检查结果对比发生了“不能明确性质”的变化。', '重疾险': '延期', '防癌险': '延期', '护理险': '延期', '医疗险': '延期', '意外险': '延期', '特殊说明': '适用于核保政策支持期间；\n其余时间甲状腺癌不能承保'}"
病理分类： 乳头状癌、滤泡性癌（55岁以上）,甲状腺癌.txt,"{'诊断': '病理分类： 乳头状癌、滤泡性癌（55岁以上）', '病情现状': '治疗结束＜5年', '体检项目': '任何情况', '项目结果': '任何情况', '重疾险': '延期', '防癌险': '延期', '护理险': '延期', '医疗险': '延期', '意外险': '延期', '特殊说明': '适用于核保政策支持期间；\n其余时间甲状腺癌不能承保'}"
病理分类： 乳头状癌、滤泡性癌（55岁以上）,甲状腺癌.txt,"{'诊断': '病理分类： 乳头状癌、滤泡性癌（55岁以上）', '病情现状': '治疗结束≥5年，甲功正常1年以上，无复发（提供随诊资料：门诊病历及甲状腺功能等检查报告）', '体检项目': '体检复查甲状腺超声与既往超声检查结果对比无变化、甲功正常', '项目结果': '与既往超声检查结果对比无变化、甲功正常', '重疾险': '除外责任', '防癌险': '除外责任', '护理险': '标体', '医疗险': '拒保', '意外险': '标体', '特殊说明': '适用于核保政策支持期间；\n其余时间甲状腺癌不能承保'}"
病理分类： 乳头状癌、滤泡性癌（55岁以上）,甲状腺癌.txt,"{'诊断': '病理分类： 乳头状癌、滤泡性癌（55岁以上）', '病情现状': '治疗结束≥5年，甲功正常1年以上，无复发（提供随诊资料：门诊病历及甲状腺功能等检查报告）', '体检项目': '体检复查甲状腺超声与既往超声检查结果对比发生了“不能明确性质”的变化。', '项目结果': '与既往超声检查结果对比发生了“不能明确性质”的变化。', '重疾险': '延期', '防癌险': '延期', '护理险': '延期', '医疗险': '延期', '意外险': '延期', '特殊说明': '适用于核保政策支持期间；\n其余时间甲状腺癌不能承保'}"
病理分类：间变性癌、未分化癌、髓样癌等,甲状腺癌.txt,"{'诊断': '病理分类：间变性癌、未分化癌、髓样癌等', '病情现状': '/', '体检项目': '/', '项目结果': '/', '重疾险': '拒保', '防癌险': '拒保', '护理险': '拒保', '医疗险': '拒保', '意外险': '拒保', '特殊说明': '适用于核保政策支持期间；\n其余时间甲状腺癌不能承保'}"
慢性结/直肠炎/溃疡性结肠炎,肠道.txt,"{'诊断': '慢性结/直肠炎/溃疡性结肠炎', '病情现状': '腹泻，腹痛，里急后重，下坠感，粪便中带有血和粘液，贫血', '': '直肠炎或直肠乙状结肠炎（累及远端 30 cm 结肠粘膜的疾病）', '检查项目': '血常规、血沉、大便常规、肠镜及病理', '项目结果': '直肠炎或直肠乙状结肠炎（累及远端 30 cm 结肠粘膜的疾病）', '重疾险': '延期', '防癌': '延期', '护理': '标体', '医疗险': '延期', '意外险': '标体', '特殊说明': '如病理结果有异常，则一律拒保'}"
慢性结/直肠炎/溃疡性结肠炎,肠道.txt,"{'诊断': '慢性结/直肠炎/溃疡性结肠炎', '病情现状': '腹泻，腹痛，里急后重，下坠感，粪便中带有血和粘液，贫血', '': '急性发作期', '检查项目': '血常规、血沉、大便常规、肠镜及病理', '项目结果': '溃疡性结肠炎', '重疾险': '拒保', '防癌': '拒保', '护理': '延期', '医疗险': '拒保', '意外险': '标体', '特殊说明': '如病理结果有异常，则一律拒保'}"
慢性结/直肠炎/溃疡性结肠炎,肠道.txt,"{'诊断': '慢性结/直肠炎/溃疡性结肠炎', '病情现状': '腹泻，腹痛，里急后重，下坠感，粪便中带有血和粘液，贫血', '': '缓解期', '检查项目': '血常规、血沉、大便常规、肠镜及病理', '项目结果': '溃疡性结肠炎', '重疾险': '拒保', '防癌': '拒保', '护理': '标体', '医疗险': '拒保', '意外险': '标体', '特殊说明': '如病理结果有异常，则一律拒保'}"
慢性结/直肠炎/溃疡性结肠炎,肠道.txt,"{'诊断': '慢性结/直肠炎/溃疡性结肠炎', '病情现状': '腹泻，腹痛，里急后重，下坠感，粪便中带有血和粘液，贫血', '': '手术后一年以上，无再次发作', '检查项目': '血常规、血沉、大便常规、肠镜及病理', '项目结果': '溃疡性结肠炎', '重疾险': '拒保', '防癌': '拒保', '护理': '标体', '医疗险': '拒保', '意外险': '标体', '特殊说明': '如病理结果有异常，则一律拒保'}"
克罗恩病,肠道.txt,"{'诊断': '克罗恩病', '病情现状': '没有症状或只有轻微症状（即腹绞痛、非失能腹泻）：\n', '': '正常', '检查项目': '病历、物理检查、血常规、大便常规、肝功、肝脏超声、胃肠镜检查结果及病理结果', '项目结果': '正常', '重疾险': '拒保', '防癌': '拒保', '护理': '标体', '医疗险': '拒保', '意外险': '标体', '特殊说明': '如病理结果有异常，则一律拒保'}"
克罗恩病,肠道.txt,"{'诊断': '克罗恩病', '病情现状': '有症状或存在活动性疾病史（即发热、贫血、重度绞痛、脱水、体重减轻或住院治疗）', '': '/', '检查项目': '病历、物理检查、血常规、大便常规、肝功、肝脏超声、胃肠镜检查结果及病理结果', '项目结果': '/', '重疾险': '拒保', '防癌': '拒保', '护理': '延期', '医疗险': '拒保', '意外险': '标体', '特殊说明': '如病理结果有异常，则一律拒保'}"
克罗恩病,肠道.txt,"{'诊断': '克罗恩病', '病情现状': '有症状或存在活动性疾病史（即发热、贫血、重度绞痛、脱水、体重减轻或住院治疗）', '': '正常', '检查项目': '病历、物理检查、血常规、大便常规、肝功、肝脏超声、胃肠镜检查结果及病理结果', '项目结果': '正常', '重疾险': '拒保', '防癌': '拒保', '护理': '标体', '医疗险': '拒保', '意外险': '标体', '特殊说明': '如病理结果有异常，则一律拒保'}"
巨结肠,肠道.txt,"{'诊断': '巨结肠', '病情现状': '腹胀、腹痛、便秘', '': '已手术（痊愈超过6个月）', '检查项目': '病历、物理检查、血常规、大便常规、肠道影像或造影', '项目结果': '先天性巨结肠', '重疾险': '标体', '防癌': '标体', '护理': '标体', '医疗险': '标体', '意外险': '标体', '特殊说明': ''}"
巨结肠,肠道.txt,"{'诊断': '巨结肠', '病情现状': '腹胀、腹痛、便秘', '': '未手术/复发', '检查项目': '病历、物理检查、血常规、大便常规、肠道影像或造影', '项目结果': '先天性巨结肠', '重疾险': '延期', '防癌': '延期', '护理': '标体', '医疗险': '延期', '意外险': '标体', '特殊说明': ''}"
巨结肠,肠道.txt,"{'诊断': '巨结肠', '病情现状': '腹胀、腹痛、便秘', '': '中毒性巨结肠', '检查项目': '病历、物理检查、血常规、大便常规、肠道影像或造影', '项目结果': '获得性巨结肠', '重疾险': '评点参照：溃疡性结肠炎', '防癌': '评点参照：溃疡性结肠炎', '护理': '评点参照：溃疡性结肠炎', '医疗险': '评点参照：溃疡性结肠炎', '意外险': '评点参照：溃疡性结肠炎', '特殊说明': ''}"
巨结肠,肠道.txt,"{'诊断': '巨结肠', '病情现状': '腹胀、腹痛、便秘', '': '所有其他类型', '检查项目': '病历、物理检查、血常规、大便常规、肠道影像或造影', '项目结果': '获得性巨结肠', '重疾险': '按病因评点', '防癌': '按病因评点', '护理': '按病因评点', '医疗险': '按病因评点', '意外险': '按病因评点', '特殊说明': ''}"
肠梗阻,肠道.txt,"{'诊断': '肠梗阻', '病情现状': '呕吐、腹胀、腹痛、消瘦', '': '病因明确', '检查项目': '病历、肠道超声、物理检查', '项目结果': '未接受过手术且无症状（如疼痛、体重减轻）', '重疾险': '按病因评点', '防癌': '按病因评点', '护理': '按病因评点', '医疗险': '按病因评点', '意外险': '按病因评点', '特殊说明': ''}"
肠梗阻,肠道.txt,"{'诊断': '肠梗阻', '病情现状': '呕吐、腹胀、腹痛、消瘦', '': '≤ 6 个月', '检查项目': '病历、肠道超声、物理检查', '项目结果': '未接受过手术且无症状（如疼痛、体重减轻）', '重疾险': '延期', '防癌': '延期', '护理': '延期', '医疗险': '延期', '意外险': '标体', '特殊说明': ''}"
肠梗阻,肠道.txt,"{'诊断': '肠梗阻', '病情现状': '呕吐、腹胀、腹痛、消瘦', '': '6 个月至 2 年', '检查项目': '病历、肠道超声、物理检查', '项目结果': '未接受过手术且无症状（如疼痛、体重减轻）', '重疾险': '标体', '防癌': '标体', '护理': '标体', '医疗险': '延期', '意外险': '标体', '特殊说明': ''}"
肠梗阻,肠道.txt,"{'诊断': '肠梗阻', '病情现状': '呕吐、腹胀、腹痛、消瘦', '': '> 2 年', '检查项目': '病历、肠道超声、物理检查', '项目结果': '未接受过手术且无症状（如疼痛、体重减轻）', '重疾险': '标体', '防癌': '标体', '护理': '标体', '医疗险': '标体', '意外险': '标体', '特殊说明': ''}"
肠梗阻,肠道.txt,"{'诊断': '肠梗阻', '病情现状': '呕吐、腹胀、腹痛、消瘦', '': '由肠扭转、肠套叠或绞窄引起', '检查项目': '病历、肠道超声、物理检查', '项目结果': '接受过手术，单次发作，无症状（如疼痛、体重减轻）', '重疾险': '标体', '防癌': '标体', '护理': '标体', '医疗险': '标体', '意外险': '标体', '特殊说明': ''}"
肠梗阻,肠道.txt,"{'诊断': '肠梗阻', '病情现状': '呕吐、腹胀、腹痛、消瘦', '': '由于其他已知病因', '检查项目': '病历、肠道超声、物理检查', '项目结果': '接受过手术，单次发作，无症状（如疼痛、体重减轻）', '重疾险': '按病因评点', '防癌': '按病因评点', '护理': '按病因评点', '医疗险': '按病因评点', '意外险': '按病因评点', '特殊说明': ''}"
肠梗阻,肠道.txt,"{'诊断': '肠梗阻', '病情现状': '呕吐、腹胀、腹痛、消瘦', '': '≤ 6 个月', '检查项目': '病历、肠道超声、物理检查', '项目结果': '接受过手术，单次发作，无症状（如疼痛、体重减轻）', '重疾险': '延期', '防癌': '延期', '护理': '延期', '医疗险': '延期', '意外险': '延期', '特殊说明': ''}"
肠梗阻,肠道.txt,"{'诊断': '肠梗阻', '病情现状': '呕吐、腹胀、腹痛、消瘦', '': '6 个月至 2 年', '检查项目': '病历、肠道超声、物理检查', '项目结果': '接受过手术，单次发作，无症状（如疼痛、体重减轻）', '重疾险': '标体', '防癌': '标体', '护理': '标体', '医疗险': '延期', '意外险': '标体', '特殊说明': ''}"
肠梗阻,肠道.txt,"{'诊断': '肠梗阻', '病情现状': '呕吐、腹胀、腹痛、消瘦', '': '> 2 年', '检查项目': '病历、肠道超声、物理检查', '项目结果': '接受过手术，单次发作，无症状（如疼痛、体重减轻）', '重疾险': '标体', '防癌': '标体', '护理': '标体', '医疗险': '标体', '意外险': '标体', '特殊说明': ''}"
肠梗阻,肠道.txt,"{'诊断': '肠梗阻', '病情现状': '呕吐、腹胀、腹痛、消瘦', '': '多次发作或有症状（如疼痛、体重减轻）', '检查项目': '病历、肠道超声、物理检查', '项目结果': '多次发作或有症状（如疼痛、体重减轻）', '重疾险': '延期', '防癌': '延期', '护理': '延期', '医疗险': '延期', '意外险': '标体', '特殊说明': ''}"
肠梗阻,肠道.txt,"{'诊断': '肠梗阻', '病情现状': '呕吐、腹胀、腹痛、消瘦', '': '≤ 6 个月', '检查项目': '病历、肠道超声、物理检查', '项目结果': '婴儿肠梗阻/肠套叠', '重疾险': '延期', '防癌': '延期', '护理': '延期', '医疗险': '延期', '意外险': '延期', '特殊说明': ''}"
肠梗阻,肠道.txt,"{'诊断': '肠梗阻', '病情现状': '呕吐、腹胀、腹痛、消瘦', '': '>6个月', '检查项目': '病历、肠道超声、物理检查', '项目结果': '婴儿肠梗阻/肠套叠', '重疾险': '标体', '防癌': '标体', '护理': '标体', '医疗险': '标体', '意外险': '标体', '特殊说明': ''}"
肠梗阻,肠道.txt,"{'诊断': '肠梗阻', '病情现状': '呕吐、腹胀、腹痛、消瘦', '': '≤ 6 个月', '检查项目': '病历、肠道超声、物理检查', '项目结果': '婴儿肠梗阻/肠套叠', '重疾险': '延期', '防癌': '延期', '护理': '延期', '医疗险': '延期', '意外险': '延期', '特殊说明': ''}"
肠梗阻,肠道.txt,"{'诊断': '肠梗阻', '病情现状': '呕吐、腹胀、腹痛、消瘦', '': '>6个月', '检查项目': '病历、肠道超声、物理检查', '项目结果': '婴儿肠梗阻/肠套叠', '重疾险': '标体', '防癌': '标体', '护理': '标体', '医疗险': '标体', '意外险': '标体', '特殊说明': '完全恢复'}"
肠吸收不良,肠道.txt,"{'诊断': '肠吸收不良', '病情现状': '腹泻、腹部不适、体重减轻', '': '病因不明', '检查项目': '血常规、大便常规', '项目结果': '病因不明', '重疾险': '拒保', '防癌': '拒保', '护理': '拒保', '医疗险': '拒保', '意外险': '标体', '特殊说明': ''}"
肠吸收不良,肠道.txt,"{'诊断': '肠吸收不良', '病情现状': '腹泻、腹部不适、体重减轻', '': '胰腺疾病', '检查项目': '血常规、大便常规', '项目结果': '病因明确', '重疾险': '拒保', '防癌': '拒保', '护理': '拒保', '医疗险': '拒保', '意外险': '标体', '特殊说明': ''}"
肠吸收不良,肠道.txt,"{'诊断': '肠吸收不良', '病情现状': '腹泻、腹部不适、体重减轻', '': ' 细菌过度生长', '检查项目': '血常规、大便常规', '项目结果': '病因明确', '重疾险': '拒保', '防癌': '拒保', '护理': '拒保', '医疗险': '拒保', '意外险': '标体', '特殊说明': ''}"
肠吸收不良,肠道.txt,"{'诊断': '肠吸收不良', '病情现状': '腹泻、腹部不适、体重减轻', '': '其他病因', '检查项目': '血常规、大便常规', '项目结果': '病因明确', '重疾险': '按病因评点', '防癌': '按病因评点', '护理': '按病因评点', '医疗险': '按病因评点', '意外险': '按病因评点', '特殊说明': ''}"
痔疮,肠道.txt,"{'诊断': '痔疮', '病情现状': '现症', '': '——', '检查项目': '——', '项目结果': '——', '重疾险': '标体', '防癌': '标体', '护理': '标体', '医疗险': '除外', '意外险': '标体', '特殊说明': ''}"
痔疮,肠道.txt,"{'诊断': '痔疮', '病情现状': '手术后', '': '——', '检查项目': '——', '项目结果': '——', '重疾险': '标体', '防癌': '标体', '护理': '标体', '医疗险': '除外', '意外险': '标体', '特殊说明': ''}"
痔疮,肠道.txt,"{'诊断': '痔疮', '病情现状': '如合并贫血，则增加相应评点', '': '如合并贫血，则增加相应评点', '检查项目': '如合并贫血，则增加相应评点', '项目结果': '如合并贫血，则增加相应评点', '重疾险': '如合并贫血，则增加相应评点', '防癌': '如合并贫血，则增加相应评点', '护理': '如合并贫血，则增加相应评点', '医疗险': '如合并贫血，则增加相应评点', '意外险': '如合并贫血，则增加相应评点', '特殊说明': '如合并贫血，则增加相应评点'}"
肛裂,肠道.txt,"{'诊断': '肛裂', '病情现状': '现症', '': '——', '检查项目': '——', '项目结果': '——', '重疾险': '标体', '防癌': '标体', '护理': '标体', '医疗险': '除外/延期', '意外险': '标体', '特殊说明': '1、关注血糖；\n2、除外/延期：治疗期间延期，稳定期可除外'}"
肛裂,肠道.txt,"{'诊断': '肛裂', '病情现状': '手术后', '': '——', '检查项目': '——', '项目结果': '——', '重疾险': '标体', '防癌': '标体', '护理': '标体', '医疗险': '除外', '意外险': '标体', '特殊说明': '1、关注血糖；\n2、除外/延期：治疗期间延期，稳定期可除外'}"
肛裂,肠道.txt,"{'诊断': '肛裂', '病情现状': '如存在其他病因，则按“相应病因”评点', '': '如存在其他病因，则按“相应病因”评点', '检查项目': '如存在其他病因，则按“相应病因”评点', '项目结果': '如存在其他病因，则按“相应病因”评点', '重疾险': '如存在其他病因，则按“相应病因”评点', '防癌': '如存在其他病因，则按“相应病因”评点', '护理': '如存在其他病因，则按“相应病因”评点', '医疗险': '如存在其他病因，则按“相应病因”评点', '意外险': '如存在其他病因，则按“相应病因”评点', '特殊说明': '1、关注血糖；\n2、除外/延期：治疗期间延期，稳定期可除外'}"
肛瘘,肠道.txt,"{'诊断': '肛瘘', '病情现状': '现症', '': '——', '检查项目': '——', '项目结果': '——', '重疾险': '标体', '防癌': '标体', '护理': '标体', '医疗险': '除外/延期', '意外险': '标体', '特殊说明': '1、关注血糖；\n2、除外/延期：治疗期间延期，稳定期可除外'}"
肛瘘,肠道.txt,"{'诊断': '肛瘘', '病情现状': '手术后', '': '——', '检查项目': '——', '项目结果': '——', '重疾险': '标体', '防癌': '标体', '护理': '标体', '医疗险': '除外', '意外险': '标体', '特殊说明': '1、关注血糖；\n2、除外/延期：治疗期间延期，稳定期可除外'}"
肛瘘,肠道.txt,"{'诊断': '肛瘘', '病情现状': '如存在其他病因，则按“相应病因”评点', '': '如存在其他病因，则按“相应病因”评点', '检查项目': '如存在其他病因，则按“相应病因”评点', '项目结果': '如存在其他病因，则按“相应病因”评点', '重疾险': '如存在其他病因，则按“相应病因”评点', '防癌': '如存在其他病因，则按“相应病因”评点', '护理': '如存在其他病因，则按“相应病因”评点', '医疗险': '如存在其他病因，则按“相应病因”评点', '意外险': '如存在其他病因，则按“相应病因”评点', '特殊说明': '1、关注血糖；\n2、除外/延期：治疗期间延期，稳定期可除外'}"
肛周脓肿,肠道.txt,"{'诊断': '肛周脓肿', '病情现状': '现症', '': '——', '检查项目': '——', '项目结果': '——', '重疾险': '标体', '防癌': '标体', '护理': '标体', '医疗险': '除外/延期', '意外险': '标体', '特殊说明': '1、关注血糖；\n2、除外/延期：治疗期间延期，稳定期可除外'}"
肛周脓肿,肠道.txt,"{'诊断': '肛周脓肿', '病情现状': '手术后', '': '——', '检查项目': '——', '项目结果': '——', '重疾险': '标体', '防癌': '标体', '护理': '标体', '医疗险': '除外', '意外险': '标体', '特殊说明': '1、关注血糖；\n2、除外/延期：治疗期间延期，稳定期可除外'}"
肛周脓肿,肠道.txt,"{'诊断': '肛周脓肿', '病情现状': '如存在其他病因，则按“相应病因”评点', '': '如存在其他病因，则按“相应病因”评点', '检查项目': '如存在其他病因，则按“相应病因”评点', '项目结果': '如存在其他病因，则按“相应病因”评点', '重疾险': '如存在其他病因，则按“相应病因”评点', '防癌': '如存在其他病因，则按“相应病因”评点', '护理': '如存在其他病因，则按“相应病因”评点', '医疗险': '如存在其他病因，则按“相应病因”评点', '意外险': '如存在其他病因，则按“相应病因”评点', '特殊说明': '1、关注血糖；\n2、除外/延期：治疗期间延期，稳定期可除外'}"
腺瘤、息肉,肠道.txt,"{'诊断': '腺瘤、息肉', '病情现状': '腹泻、大便性状或习惯改变、腹部不适', '': '未手术/手术', '检查项目': '病历、大便潜血、肠镜及病理', '项目结果': '家族性腺瘤样息肉病 (FAP)', '重疾险': '拒保', '防癌': '拒保', '护理': '拒保', '医疗险': '拒保', '意外险': '标体', '特殊说明': ''}"
腺瘤、息肉,肠道.txt,"{'诊断': '腺瘤、息肉', '病情现状': '腹泻、大便性状或习惯改变、腹部不适', '': '未切除或息肉超过3个', '检查项目': '病历、大便潜血、肠镜及病理', '项目结果': '非 FAP 息肉或腺瘤', '重疾险': '延期', '防癌': '延期', '护理': '延期', '医疗险': '延期', '意外险': '标体', '特殊说明': ''}"
腺瘤、息肉,肠道.txt,"{'诊断': '腺瘤、息肉', '病情现状': '腹泻、大便性状或习惯改变、腹部不适', '': '病理诊断为炎性息肉或增生性息肉，且未见不典型增生或异型增生或细胞异型性或肠化生，且近6个月内复查肠镜未见复发', '检查项目': '病历、大便潜血、肠镜及病理', '项目结果': '非 FAP 息肉或腺瘤', '重疾险': '标体', '防癌': '标体', '护理': '标体', '医疗险': '标体', '意外险': '标体', '特殊说明': ''}"
腺瘤、息肉,肠道.txt,"{'诊断': '腺瘤、息肉', '病情现状': '腹泻、大便性状或习惯改变、腹部不适', '': '病理为管状或管状绒毛状腺瘤，术后满3年，且近6个月内复查肠镜未见复发', '检查项目': '病历、大便潜血、肠镜及病理', '项目结果': '非 FAP 息肉或腺瘤', '重疾险': '除外', '防癌': '除外', '护理': '标体', '医疗险': '除外', '意外险': '标体', '特殊说明': ''}"
腺瘤、息肉,肠道.txt,"{'诊断': '腺瘤、息肉', '病情现状': '腹泻、大便性状或习惯改变、腹部不适', '': '有不典型增生', '检查项目': '病历、大便潜血、肠镜及病理', '项目结果': '非 FAP 息肉或腺瘤', '重疾险': '拒保', '防癌': '拒保', '护理': '拒保', '医疗险': '拒保', '意外险': '标体', '特殊说明': ''}"
便潜血,肠道.txt,"{'诊断': '便潜血', '病情现状': '仅为体检发现，单次异常', '': '复查正常，无病史', '检查项目': '病历、大便潜血、肠镜及病理', '项目结果': '复查正常，无病史', '重疾险': '标体', '防癌': '标体', '护理': '标体', '医疗险': '标体', '意外险': '标体', '特殊说明': ''}"
便潜血,肠道.txt,"{'诊断': '便潜血', '病情现状': '多次异常', '': '需明确病因', '检查项目': '病历、大便潜血、肠镜及病理', '项目结果': '需明确病因', '重疾险': '依据病因进行审核', '防癌': '依据病因进行审核', '护理': '依据病因进行审核', '医疗险': '依据病因进行审核', '意外险': '依据病因进行审核', '特殊说明': ''}"
结直肠癌,肠道.txt,"{'诊断': '结直肠癌', '病情现状': '腹痛、腹泻、腹部包块', '': '——', '检查项目': '——', '项目结果': '——', '重疾险': '拒保', '防癌': '拒保', '护理': '拒保', '医疗险': '拒保', '意外险': '延期', '特殊说明': ''}"
"宫颈上皮内瘤变
",宫颈.txt,"{'器官': '宫颈', '疾病': '宫颈上皮内瘤变\n', '': '现症', '资料': '就诊病历或体检报告、HPV、TCT检查、宫颈细胞DNA倍体检查、阴道镜及活检病理、宫颈锥切（LEEP）及病理报告', '检查结果': '非典型鳞状细胞 \n(ASCUS)', '重疾': '延期至复查正常后（TCT+HPV）', '防癌': '延期至复查正常后（TCT+HPV）', '意外险': '延期至复查正常后（TCT+HPV）', '护理险': '延期至复查正常后（TCT+HPV）', '医疗险': '延期至复查正常后（TCT+HPV）'}"
"宫颈上皮内瘤变
",宫颈.txt,"{'器官': '宫颈', '疾病': '宫颈上皮内瘤变\n', '': '痊愈，近期复查TCT-,HPV-', '资料': '就诊病历或体检报告、HPV、TCT检查、宫颈细胞DNA倍体检查、阴道镜及活检病理、宫颈锥切（LEEP）及病理报告', '检查结果': '非典型鳞状细胞 \n(ASCUS)', '重疾': '标体', '防癌': '标体', '意外险': '标体', '护理险': '标体', '医疗险': '标体'}"
"宫颈上皮内瘤变
",宫颈.txt,"{'器官': '宫颈', '疾病': '宫颈上皮内瘤变\n', '': '治愈，无复发；复查TCT-,HPV-', '资料': '就诊病历或体检报告、HPV、TCT检查、宫颈细胞DNA倍体检查、阴道镜及活检病理、宫颈锥切（LEEP）及病理报告', '检查结果': 'CIN1级', '重疾': '标体', '防癌': '标体', '意外险': '标体', '护理险': '标体', '医疗险': '标体'}"
"宫颈上皮内瘤变
",宫颈.txt,"{'器官': '宫颈', '疾病': '宫颈上皮内瘤变\n', '': '有复发史；复查TCT-,HPV-', '资料': '就诊病历或体检报告、HPV、TCT检查、宫颈细胞DNA倍体检查、阴道镜及活检病理、宫颈锥切（LEEP）及病理报告', '检查结果': 'CIN1级', '重疾': '除外*3', '防癌': '除外*3', '意外险': '标体', '护理险': '标体', '医疗险': '除外*4'}"
"宫颈上皮内瘤变
",宫颈.txt,"{'器官': '宫颈', '疾病': '宫颈上皮内瘤变\n', '': '其他情况', '资料': '就诊病历或体检报告、HPV、TCT检查、宫颈细胞DNA倍体检查、阴道镜及活检病理、宫颈锥切（LEEP）及病理报告', '检查结果': 'CIN1级', '重疾': '延期（视病情）', '防癌': '延期（视病情）', '意外险': '延期（视病情）', '护理险': '延期（视病情）', '医疗险': '延期（视病情）'}"
"宫颈上皮内瘤变
",宫颈.txt,"{'器官': '宫颈', '疾病': '宫颈上皮内瘤变\n', '': '治愈，无复发；复查TCT-,HPV-', '资料': '就诊病历或体检报告、HPV、TCT检查、宫颈细胞DNA倍体检查、阴道镜及活检病理、宫颈锥切（LEEP）及病理报告', '检查结果': 'CIN2级', '重疾': '除外*3', '防癌': '除外*3', '意外险': '标体', '护理险': '标体', '医疗险': '除外*4'}"
"宫颈上皮内瘤变
",宫颈.txt,"{'器官': '宫颈', '疾病': '宫颈上皮内瘤变\n', '': '其他情况', '资料': '就诊病历或体检报告、HPV、TCT检查、宫颈细胞DNA倍体检查、阴道镜及活检病理、宫颈锥切（LEEP）及病理报告', '检查结果': 'CIN2级', '重疾': '延期（视病情）', '防癌': '延期（视病情）', '意外险': '延期（视病情）', '护理险': '延期（视病情）', '医疗险': '延期（视病情）'}"
"宫颈上皮内瘤变
",宫颈.txt,"{'器官': '宫颈', '疾病': '宫颈上皮内瘤变\n', '': '手术切除2年以上，且期间连续复查TCT及HPV均无异常，近期TCT及HPV均无异常', '资料': '就诊病历或体检报告、HPV、TCT检查、宫颈细胞DNA倍体检查、阴道镜及活检病理、宫颈锥切（LEEP）及病理报告', '检查结果': 'CIN3级、HSIL、\n累腺（原位癌）', '重疾': '除外*3', '防癌': '', '意外险': '标体', '护理险': '标体', '医疗险': '除外*4'}"
"宫颈上皮内瘤变
",宫颈.txt,"{'器官': '宫颈', '疾病': '宫颈上皮内瘤变\n', '': '手术切除半年以上，且近期复查TCT及HPV均无异常*5', '资料': '就诊病历或体检报告、HPV、TCT检查、宫颈细胞DNA倍体检查、阴道镜及活检病理、宫颈锥切（LEEP）及病理报告', '检查结果': 'CIN3级、HSIL、\n累腺（原位癌）', '重疾': '延期', '防癌': '', '意外险': '标体', '护理险': '标体', '医疗险': '延期'}"
"宫颈上皮内瘤变
",宫颈.txt,"{'器官': '宫颈', '疾病': '宫颈上皮内瘤变\n', '': '其他情况', '资料': '就诊病历或体检报告、HPV、TCT检查、宫颈细胞DNA倍体检查、阴道镜及活检病理、宫颈锥切（LEEP）及病理报告', '检查结果': 'CIN3级、HSIL、\n累腺（原位癌）', '重疾': '延期（视病情）', '防癌': '延期（视病情）', '意外险': '延期（视病情）', '护理险': '延期（视病情）', '医疗险': '延期（视病情）'}"
"宫颈上皮内瘤变
",宫颈.txt,"{'器官': '宫颈', '疾病': '宫颈上皮内瘤变\n', '': '现症', '资料': '就诊病历或体检报告、HPV、TCT检查、宫颈细胞DNA倍体检查、阴道镜及活检病理、宫颈锥切（LEEP）及病理报告', '检查结果': '宫颈细胞DNA倍体检查异常', '重疾': '延期至痊愈后', '防癌': '延期至痊愈后', '意外险': '延期至痊愈后', '护理险': '延期至痊愈后', '医疗险': '延期至痊愈后'}"
"宫颈上皮内瘤变
",宫颈.txt,"{'器官': '宫颈', '疾病': '宫颈上皮内瘤变\n', '': '痊愈，且无CIN2级或以上病史、近期复查正常,HPV-', '资料': '就诊病历或体检报告、HPV、TCT检查、宫颈细胞DNA倍体检查、阴道镜及活检病理、宫颈锥切（LEEP）及病理报告', '检查结果': '宫颈细胞DNA倍体检查异常', '重疾': '标体', '防癌': '标体', '意外险': '标体', '护理险': '标体', '医疗险': '标体'}"
"宫颈上皮内瘤变
",宫颈.txt,"{'器官': '宫颈', '疾病': '宫颈上皮内瘤变\n', '': '其他情况', '资料': '就诊病历或体检报告、HPV、TCT检查、宫颈细胞DNA倍体检查、阴道镜及活检病理、宫颈锥切（LEEP）及病理报告', '检查结果': '宫颈细胞DNA倍体检查异常', '重疾': '参考CIN检查结果', '防癌': '参考CIN检查结果', '意外险': '参考CIN检查结果', '护理险': '参考CIN检查结果', '医疗险': '参考CIN检查结果'}"
宫颈癌,宫颈.txt,"{'器官': '宫颈', '疾病': '宫颈癌', '': '/', '资料': '/', '检查结果': '/', '重疾': '拒保', '防癌': '拒保', '意外险': '拒保', '护理险': '拒保', '医疗险': '拒保'}"
宫颈纳囊,宫颈.txt,"{'器官': '宫颈', '疾病': '宫颈纳囊', '': '单纯体检发现，无其他异常', '资料': '就诊病历或体检报告、妇科检查', '检查结果': '单纯体检发现，无其他异常', '重疾': '标体', '防癌': '标体', '意外险': '标体', '护理险': '标体', '医疗险': '标体'}"
宫颈炎,宫颈.txt,"{'器官': '宫颈', '疾病': '宫颈炎', '': '单纯体检发现，无其他异常', '资料': '就诊病历或体检报告、妇科检查', '检查结果': '单纯体检发现，无其他异常', '重疾': '标体', '防癌': '标体', '意外险': '标体', '护理险': '标体', '医疗险': '除外*1'}"
HPV感染,宫颈.txt,"{'器官': '宫颈', '疾病': 'HPV感染', '': 'HPV-,TCT-', '资料': '就诊病历或体检报告、HPV检查，TCT检查（*2）', '检查结果': 'HPV-,TCT-', '重疾': '标体', '防癌': '标体', '意外险': '标体', '护理险': '标体', '医疗险': '标体\n反复感染者可做除外'}"
HPV感染,宫颈.txt,"{'器官': '宫颈', '疾病': 'HPV感染', '': 'HPV+', '资料': '就诊病历或体检报告、HPV检查，TCT检查（*2）', '检查结果': 'HPV+', '重疾': '延期至痊愈后', '防癌': '延期至痊愈后', '意外险': '标体', '护理险': '标体', '医疗险': '延期至痊愈后'}"
淋菌性阴道炎,阴道.txt,"{'器官': '阴道', '疾病': '淋菌性阴道炎', '': '痊愈、既往症', '资料': '就诊病历、阴道分泌物检查结果', '检查结果': '无症状，阴道分泌物检查正常', '重疾': '标体', '防癌': '标体', '意外险': '标体', '护理险': '标体', '医疗险': '标体'}"
淋菌性阴道炎,阴道.txt,"{'器官': '阴道', '疾病': '淋菌性阴道炎', '': '现症-急性期', '资料': '就诊病历、阴道分泌物检查结果', '检查结果': '阴道烧灼感、异物感、瘙痒不适等，异常分泌物等；\n分泌物检查淋球菌+', '重疾': '标体', '防癌': '标体', '意外险': '标体', '护理险': '标体', '医疗险': '除外'}"
淋菌性阴道炎,阴道.txt,"{'器官': '阴道', '疾病': '淋菌性阴道炎', '': '现症-慢性迁延', '资料': '就诊病历、阴道分泌物检查结果', '检查结果': '不适症状持续出现，腰背痛或盆腔深处痛或性交痛；\n分泌物检查淋球菌+', '重疾': '延期至痊愈后', '防癌': '标体', '意外险': '标体', '护理险': '标体', '医疗险': '延期至痊愈后'}"
霉菌性阴道炎,阴道.txt,"{'器官': '阴道', '疾病': '霉菌性阴道炎', '': '痊愈、既往症', '资料': '就诊病历、阴道分泌物检查结果', '检查结果': '无症状，阴道分泌物检查正常', '重疾': '标体', '防癌': '标体', '意外险': '标体', '护理险': '标体', '医疗险': '标体'}"
霉菌性阴道炎,阴道.txt,"{'器官': '阴道', '疾病': '霉菌性阴道炎', '': '现症-急性期', '资料': '就诊病历、阴道分泌物检查结果', '检查结果': '阴道烧灼感、异物感、瘙痒不适等，豆腐渣样异常分泌物等；\n分泌物检查白色念珠菌+', '重疾': '标体', '防癌': '标体', '意外险': '标体', '护理险': '标体', '医疗险': '除外'}"
霉菌性阴道炎,阴道.txt,"{'器官': '阴道', '疾病': '霉菌性阴道炎', '': '现症-慢性迁延', '资料': '就诊病历、阴道分泌物检查结果', '检查结果': '不适症状持续出现，腰背痛或盆腔深处痛或性交痛；\n分泌物检查白色念珠菌+', '重疾': '延期至痊愈后', '防癌': '标体', '意外险': '标体', '护理险': '标体', '医疗险': '延期至痊愈后'}"
滴虫性阴道炎,阴道.txt,"{'器官': '阴道', '疾病': '滴虫性阴道炎', '': '痊愈、既往症', '资料': '就诊病历、阴道分泌物检查结果', '检查结果': '无症状，阴道分泌物检查正常', '重疾': '标体', '防癌': '标体', '意外险': '标体', '护理险': '标体', '医疗险': '标体'}"
滴虫性阴道炎,阴道.txt,"{'器官': '阴道', '疾病': '滴虫性阴道炎', '': '现症-急性期', '资料': '就诊病历、阴道分泌物检查结果', '检查结果': '阴道烧灼感、异物感、瘙痒不适等，异常分泌物等；\n分泌物检查阴道毛滴虫+', '重疾': '标体', '防癌': '标体', '意外险': '标体', '护理险': '标体', '医疗险': '除外'}"
滴虫性阴道炎,阴道.txt,"{'器官': '阴道', '疾病': '滴虫性阴道炎', '': '现症-慢性迁延', '资料': '就诊病历、阴道分泌物检查结果', '检查结果': '不适症状持续出现，腰背痛或盆腔深处痛或性交痛；\n分泌物检查阴道毛滴虫+', '重疾': '延期至痊愈后', '防癌': '标体', '意外险': '标体', '护理险': '标体', '医疗险': '延期至痊愈后'}"
阴道壁膨出,阴道.txt,"{'器官': '阴道', '疾病': '阴道壁膨出', '': '建议手术治疗', '资料': '就诊病历、超声或妇科检查结果', '检查结果': '检查描述阴道壁膨出，伴有或不伴有子宫脱垂等', '重疾': '延期至术后3个月', '防癌': '标体', '意外险': '标体', '护理险': '标体', '医疗险': '延期至术后3个月'}"
阴道壁膨出,阴道.txt,"{'器官': '阴道', '疾病': '阴道壁膨出', '': '未建议手术治疗', '资料': '就诊病历、超声或妇科检查结果', '检查结果': '检查描述阴道壁膨出，伴有或不伴有子宫脱垂等', '重疾': '标体', '防癌': '标体', '意外险': '标体', '护理险': '标体', '医疗险': '标体'}"
